[95m1   : [0m[90;2m[0mconnect
[95m1   : [0m[90;2m[0m[90m[0.0s] [0m[90m|[0m cloud [2murl=[0mhttps://dagger.cloud/traces/setup
[95m2   : [0m[90;2m┆ [0mstarting engine
[95m3   : [0m[90;2m┆ ┆ [0mcreate container
[95m4   : [0m[90;2m┆ ┆ ┆ [0mexec docker ps -a --format {{.Names}}
[95m4   : [0m[90;2m┆ ┆ ┆ [0m[90m[0.0s] [0m[90m|[0m dagger-engine-v0.19.8
[95m4   : [0m[90;2m┆ ┆ ┆ [0mexec docker ps -a --format {{.Names}}[32m DONE[0m[90m [0.0s][0m
[95m5   : [0m[90;2m┆ ┆ ┆ [0mexec docker start dagger-engine-v0.19.8
[95m5   : [0m[90;2m┆ ┆ ┆ [0m[90m[0.0s] [0m[90m|[0m dagger-engine-v0.19.8
[95m5   : [0m[90;2m┆ ┆ ┆ [0mexec docker start dagger-engine-v0.19.8[32m DONE[0m[90m [0.0s][0m
[95m3   : [0m[90;2m┆ ┆ [0mcreate container[32m DONE[0m[90m [0.0s][0m
[95m2   : [0m[90;2m┆ [0mstarting engine[32m DONE[0m[90m [0.0s][0m
[95m6   : [0m[90;2m┆ [0mconnecting to engine
[95m6   : [0m[90;2m┆ [0m[90m[0.0s] [0m[90m|[0m [2m16:40:47[0m [92mINF[0m connected [2mname=[0me140a696d418 [2mclient-version=[0mv0.19.8 [2mserver-version=[0mv0.19.8
[95m6   : [0m[90;2m┆ [0mconnecting to engine[32m DONE[0m[90m [0.0s][0m
[95m7   : [0m[90;2m┆ [0mstarting session
[95m7   : [0m[90;2m┆ [0mstarting session[32m DONE[0m[90m [0.0s][0m
[95m1   : [0m[90;2m[0mconnect[32m DONE[0m[90m [0.1s][0m

[95m8   : [0m[90;2m[0mload module: .
[95m9   : [0m[90;2m┆ [0mfinding module configuration
[95m10  : [0m[90;2m┆ [0minitializing module
[95m9   : [0m[90;2m┆ [0mfinding module configuration[32m DONE[0m[90m [0.2s][0m
[95m10  : [0m[90;2m┆ [0minitializing module[32m DONE[0m[90m [2.9s][0m
[95m11  : [0m[90;2m┆ [0minspecting module metadata
[95m11  : [0m[90;2m┆ [0minspecting module metadata[32m DONE[0m[90m [0.0s][0m
[95m12  : [0m[90;2m┆ [0mloading type definitions
[95m12  : [0m[90;2m┆ [0mloading type definitions[32m DONE[0m[90m [0.1s][0m
[95m8   : [0m[90;2m[0mload module: .[32m DONE[0m[90m [3.1s][0m

[95m13  : [0m[90;2m[0mparsing command line arguments
[95m13  : [0m[90;2m[0mparsing command line arguments[32m DONE[0m[90m [0.0s][0m

[95m14  : [0m[90;2m[0m[1mtoolbox[0m[2m: Toolbox![0m
[95m14  : [0m[90;2m[0m[1mtoolbox[0m[32m DONE[0m[90m [0.8s][0m

[95m15  : [0m[90;2m[0m[35mToolbox[0m.[1mkns[0m[2m: ToolboxKns![0m
[95m15  : [0m[90;2m[0m[35mToolbox[0m.[1mkns[0m[32m DONE[0m[90m [0.9s][0m

[95m16  : [0m[90;2m[0m[35mToolboxKns[0m.[1mgateway[0m[2m: Service![0m
[95m17  : [0m[90;2m┆ [0m[1mk3S[0m([36mname: [0m[33m"test"[0m)[2m: K3S![0m
[95m17  : [0m[90;2m┆ [0m[1mk3S[0m[32m DONE[0m[90m [0.2s][0m
[95m18  : [0m[90;2m┆ [0mContainer.[1mwithExposedPort[0m([36mport: [0m[31m6443[0m)[2m: Container![0m
[95m18  : [0m[90;2m┆ [0mContainer.[1mwithExposedPort[0m[32m DONE[0m[90m [0.0s][0m
[95m19  : [0m[90;2m┆ [0m[35mContainer[0m.[1mwithMountedCache[0m(
[95m19  : [0m[90;2m┆ ┆ [0m[36mpath:[0m [33m"/var/lib/dagger"[0m
[95m19  : [0m[90;2m┆ ┆ [0m[36mcache:[0m [1mcacheVolume[0m([36mkey: [0m[33m"varlibdagger"[0m)[2m: CacheVolume![0m
[95m19  : [0m[90;2m┆ [0m)[2m: Container![0m
[95m19  : [0m[90;2m┆ [0m[35mContainer[0m.[1mwithMountedCache[0m[32m DONE[0m[90m [0.0s][0m
[95m20  : [0m[90;2m┆ [0m[35mK3S[0m.[1mcontainer[0m[2m: Container![0m
[95m20  : [0m[90;2m┆ [0m[35mK3S[0m.[1mcontainer[0m[32m DONE[0m[90m [0.0s][0m
[95m17  : [0m[90;2m┆ [0m[1mk3S[0m([36mname: [0m[33m"test"[0m)[2m: K3S![0m
[95m21  : [0m[90;2m┆ ┆ [0mContainer.[1mfrom[0m([36maddress: [0m[33m"rancher/k3s:latest"[0m)[2m: Container![0m
[95m21  : [0m[90;2m┆ ┆ [0mContainer.[1mfrom[0m[34m CACHED[0m[90m [0.0s][0m
[95m22  : [0m[90;2m┆ ┆ [0m[34mwithNewFile[0m /usr/bin/entrypoint.sh (
[95m22  : [0m[90;2m┆ ┆ ┆ [0m[36mcontents:[0m [33m"#!/bin/sh\n\nset -o errexit\nset -o nounset\n\n#########################################################################################################################################\n# DISCLAIMER\t\t\t\t\t\t\t\t\t\t\t\t\t\t\t\t\t\t\t\t\t\t\t\t\t\t\t\t\t\t\t\t\t\t\t\t\t\t\t\t\t\t\t\t\t\t\t\t\t\t\t\t\t\t\t\t\t\t\t\t\t\t#\n# Copied from https://github.com/moby/moby/blob/ed89041433a031cafc0a0f19cfe573c31688d377/hack/dind#L28-L37\t\t\t\t\t\t\t\t\t\t\t\t\t\t\t#\n# Permission granted by Akihiro Suda <akihiro.suda.cz@hco.ntt.co.jp> (https://github.com/k3d-io/k3d/issues/493#issuecomment-827405962)\t#\n# Moby License Apache 2.0: https://github.com/moby/moby/blob/ed89041433a031cafc0a0f19cfe573c31688d377/LICENSE\t\t\t\t\t\t\t\t\t\t\t\t\t\t#\n#########################################################################################################################################\nif [ -f /sys/fs/cgroup/cgroup.controllers ]; then\n  echo \"[$(date -Iseconds)] [CgroupV2 Fix] Evacuating Root Cgroup ...\"\n  # move the processes from the root group to the /init group,\n  # otherwise writing subtree_control fails with EBUSY.\n  mkdir -p /sys/fs/cgroup/init\n  xargs -rn1 < /sys/fs/cgroup/cgroup.procs > /sys/fs/cgroup/init/cgroup.procs || :\n  # enable controllers\n  sed -e 's/ / +/g' -e 's/^/+/' <\"/sys/fs/cgroup/cgroup.controllers\" >\"/sys/fs/cgroup/cgroup.subtree_control\"\n  echo \"[$(date -Iseconds)] [CgroupV2 Fix] Done\"\nfi\n\nexec \"$@\"\n"[0m
[95m22  : [0m[90;2m┆ ┆ ┆ [0m[36mpermissions:[0m [31m493[0m
[95m22  : [0m[90;2m┆ ┆ [0m)
[95m22  : [0m[90;2m┆ ┆ [0mContainer.[1mwithNewFile[0m[34m CACHED[0m[90m [0.0s][0m
[95m23  : [0m[90;2m┆ ┆ [0mContainer.[1mwithEntrypoint[0m([36margs: [0m[[33m"entrypoint.sh"[0m])[2m: Container![0m
[95m23  : [0m[90;2m┆ ┆ [0mContainer.[1mwithEntrypoint[0m[34m CACHED[0m[90m [0.0s][0m
[95m24  : [0m[90;2m┆ ┆ [0mContainer.[1mwithMountedCache[0m(
[95m24  : [0m[90;2m┆ ┆ ┆ [0m[36mpath:[0m [33m"/etc/rancher/k3s"[0m
[95m24  : [0m[90;2m┆ ┆ ┆ [0m[36mcache:[0m [1mcacheVolume[0m([36mkey: [0m[33m"k3s_config_test"[0m)[2m: CacheVolume![0m
[95m24  : [0m[90;2m┆ ┆ [0m)[2m: Container![0m
[95m24  : [0m[90;2m┆ ┆ [0mContainer.[1mwithMountedCache[0m[34m CACHED[0m[90m [0.0s][0m
[95m25  : [0m[90;2m┆ ┆ [0mContainer.[1mwithMountedTemp[0m([36mpath: [0m[33m"/etc/lib/cni"[0m)[2m: Container![0m
[95m25  : [0m[90;2m┆ ┆ [0mContainer.[1mwithMountedTemp[0m[34m CACHED[0m[90m [0.0s][0m
[95m26  : [0m[90;2m┆ ┆ [0mContainer.[1mwithMountedTemp[0m([36mpath: [0m[33m"/var/lib/kubelet"[0m)[2m: Container![0m
[95m26  : [0m[90;2m┆ ┆ [0mContainer.[1mwithMountedTemp[0m[34m CACHED[0m[90m [0.0s][0m
[95m27  : [0m[90;2m┆ ┆ [0mContainer.[1mwithMountedCache[0m(
[95m27  : [0m[90;2m┆ ┆ ┆ [0m[36mpath:[0m [33m"/var/lib/rancher"[0m
[95m27  : [0m[90;2m┆ ┆ ┆ [0m[36mcache:[0m [1mcacheVolume[0m([36mkey: [0m[33m"k3s_cache_test"[0m)[2m: CacheVolume![0m
[95m27  : [0m[90;2m┆ ┆ [0m)[2m: Container![0m
[95m27  : [0m[90;2m┆ ┆ [0mContainer.[1mwithMountedCache[0m[34m CACHED[0m[90m [0.0s][0m
[95m28  : [0m[90;2m┆ ┆ [0m[34mwithEnvVariable[0m CACHEBUST=2026-01-12 16:40:53.738857106 +0000 UTC m=+0.006415000
[95m28  : [0m[90;2m┆ ┆ [0mContainer.[1mwithEnvVariable[0m[32m DONE[0m[90m [0.0s][0m
[95m29  : [0m[90;2m┆ ┆ [0m[34mwithExec[0m rm -rf /var/lib/rancher/k3s/server/tls /etc/rancher/k3s/k3s.yaml
[95m29  : [0m[90;2m┆ ┆ [0mContainer.[1mwithExec[0m[32m DONE[0m[90m [0.0s][0m
[95m30  : [0m[90;2m┆ ┆ [0m[34mwithExec[0m rm -rf /var/lib/rancher/k3s/
[95m30  : [0m[90;2m┆ ┆ [0mContainer.[1mwithExec[0m[32m DONE[0m[90m [0.0s][0m
[95m31  : [0m[90;2m┆ ┆ [0mContainer.[1mwithMountedTemp[0m([36mpath: [0m[33m"/var/log"[0m)[2m: Container![0m
[95m31  : [0m[90;2m┆ ┆ [0mContainer.[1mwithMountedTemp[0m[32m DONE[0m[90m [0.0s][0m
[95m32  : [0m[90;2m┆ ┆ [0mContainer.[1mwithExposedPort[0m([36mport: [0m[31m6443[0m)[2m: Container![0m
[95m32  : [0m[90;2m┆ ┆ [0mContainer.[1mwithExposedPort[0m[32m DONE[0m[90m [0.0s][0m
[95m33  : [0m[90;2m┆ [0m[35mK3S[0m.[1mwithContainer[0m(
[95m33  : [0m[90;2m┆ ┆ [0m[36mc:[0m Container.[1mwithExposedPort[0m([36mport: [0m[31m6443[0m)[2m: Container![0m
[95m33  : [0m[90;2m┆ [0m)[2m: K3S![0m
[95m33  : [0m[90;2m┆ [0m[35mK3S[0m.[1mwithContainer[0m[32m DONE[0m[90m [0.1s][0m
[95m34  : [0m[90;2m┆ [0m[35mK3S[0m.[1mserver[0m[2m: Service![0m
[95m35  : [0m[90;2m┆ ┆ [0mContainer.[1masService[0m([36margs: [0m[[33m"sh"[0m, [33m"-c"[0m, [33m"k3s server --debug --bind-address $(ip route | grep src | awk '{print $NF}') --disable traefik --disable metrics-server --egress-selector-mode=disabled"[0m], [36museEntrypoint: [0m[31mtrue[0m, [36minsecureRootCapabilities: [0m[31mtrue[0m)[2m: Service![0m
[95m35  : [0m[90;2m┆ ┆ [0mContainer.[1masService[0m[32m DONE[0m[90m [0.0s][0m
[95m34  : [0m[90;2m┆ [0m[35mK3S[0m.[1mserver[0m[32m DONE[0m[90m [0.1s][0m
[95m36  : [0m[90;2m┆ [0m[1mproxy[0m[2m: Proxy![0m
[95m37  : [0m[90;2m┆ ┆ [0mContainer.[1mfrom[0m([36maddress: [0m[33m"nginx:1.25.3"[0m)[2m: Container![0m
[95m37  : [0m[90;2m┆ ┆ [0mContainer.[1mfrom[0m[34m CACHED[0m[90m [0.0s][0m
[95m38  : [0m[90;2m┆ ┆ [0m[34mwithNewFile[0m /etc/nginx/stream.conf ([36mcontents: [0m[33m"stream { include /etc/nginx/stream.d/*.conf; }"[0m)
[95m38  : [0m[90;2m┆ ┆ [0mContainer.[1mwithNewFile[0m[34m CACHED[0m[90m [0.0s][0m
[95m39  : [0m[90;2m┆ ┆ [0m[34mwithNewFile[0m /etc/nginx/nginx.conf (
[95m39  : [0m[90;2m┆ ┆ ┆ [0m[36mcontents:[0m [33m"\nuser  nginx;\nworker_processes  auto;\n\nerror_log  /var/log/nginx/error.log notice;\npid        /var/run/nginx.pid;\n\nevents {\n    worker_connections  1024;\n}\n\ninclude /etc/nginx/stream.conf;\n\nhttp {\n    include       /etc/nginx/mime.types;\n    default_type  application/octet-stream;\n\n    log_format  main  '$remote_addr - $remote_user [$time_local] \"$request\" '\n                      '$status $body_bytes_sent \"$http_referer\" '\n                      '\"$http_user_agent\" \"$http_x_forwarded_for\"';\n\n    access_log  /var/log/nginx/access.log  main;\n\n    sendfile        on;\n    #tcp_nopush     on;\n\n    keepalive_timeout  65;\n\n    #gzip  on;\n\n    include /etc/nginx/conf.d/*.conf;\n}\n            "[0m
[95m39  : [0m[90;2m┆ ┆ [0m)
[95m39  : [0m[90;2m┆ ┆ [0mContainer.[1mwithNewFile[0m[34m CACHED[0m[90m [0.0s][0m
[95m36  : [0m[90;2m┆ [0m[1mproxy[0m[32m DONE[0m[90m [0.6s][0m
[95m40  : [0m[90;2m┆ [0m[35mProxy[0m.[1mwithService[0m(
[95m40  : [0m[90;2m┆ ┆ [0m[36mservice:[0m [35mK3S[0m.[1mserver[0m[2m: Service![0m
[95m40  : [0m[90;2m┆ ┆ [0m[36mname:[0m [33m"k8s-api"[0m
[95m40  : [0m[90;2m┆ ┆ [0m[36mfrontend:[0m [31m6443[0m
[95m40  : [0m[90;2m┆ ┆ [0m[36mbackend:[0m [31m6443[0m
[95m40  : [0m[90;2m┆ [0m)[2m: Proxy![0m
[95m41  : [0m[90;2m┆ ┆ [0m[34mwithNewFile[0m /etc/nginx/conf.d/k8s-api.conf (
[95m41  : [0m[90;2m┆ ┆ ┆ [0m[36mcontents:[0m [33m"\n    server {\n        listen 6443;\n        listen [::]:6443;\n\n        server_name k8s-api;\n\n        location / {\n            proxy_pass http://k8s-api:6443;\n            proxy_set_header Host $http_host;\n            proxy_set_header X-Forwarded-Host $http_host;\n            proxy_set_header X-Real-IP $remote_addr;\n            proxy_set_header X-Forwarded-For $proxy_add_x_forwarded_for;\n            proxy_set_header X-Forwarded-Proto $scheme;\n        }\n    }"[0m
[95m41  : [0m[90;2m┆ ┆ [0m)
[95m41  : [0m[90;2m┆ ┆ [0mContainer.[1mwithNewFile[0m[34m CACHED[0m[90m [0.0s][0m
[95m42  : [0m[90;2m┆ ┆ [0mContainer.[1mwithServiceBinding[0m(
[95m42  : [0m[90;2m┆ ┆ ┆ [0m[36malias:[0m [33m"k8s-api"[0m
[95m42  : [0m[90;2m┆ ┆ ┆ [0m[36mservice:[0m [35mK3S[0m.[1mserver[0m[2m: Service![0m
[95m42  : [0m[90;2m┆ ┆ [0m)[2m: Container![0m
[95m42  : [0m[90;2m┆ ┆ [0mContainer.[1mwithServiceBinding[0m[32m DONE[0m[90m [0.0s][0m
[95m43  : [0m[90;2m┆ ┆ [0mContainer.[1mwithExposedPort[0m([36mport: [0m[31m6443[0m)[2m: Container![0m
[95m43  : [0m[90;2m┆ ┆ [0mContainer.[1mwithExposedPort[0m[32m DONE[0m[90m [0.0s][0m
[95m40  : [0m[90;2m┆ [0m[35mProxy[0m.[1mwithService[0m[32m DONE[0m[90m [0.7s][0m
[95m44  : [0m[90;2m┆ [0m[35mProxy[0m.[1mwithService[0m(
[95m44  : [0m[90;2m┆ ┆ [0m[36mservice:[0m [35mK3S[0m.[1mserver[0m[2m: Service![0m
[95m44  : [0m[90;2m┆ ┆ [0m[36mname:[0m [33m"ingress-http"[0m
[95m44  : [0m[90;2m┆ ┆ [0m[36mfrontend:[0m [31m80[0m
[95m44  : [0m[90;2m┆ ┆ [0m[36mbackend:[0m [31m80[0m
[95m44  : [0m[90;2m┆ [0m)[2m: Proxy![0m
[95m45  : [0m[90;2m┆ ┆ [0m[34mwithNewFile[0m /etc/nginx/conf.d/ingress-http.conf (
[95m45  : [0m[90;2m┆ ┆ ┆ [0m[36mcontents:[0m [33m"\n    server {\n        listen 80;\n        listen [::]:80;\n\n        server_name ingress-http;\n\n        location / {\n            proxy_pass http://ingress-http:80;\n            proxy_set_header Host $http_host;\n            proxy_set_header X-Forwarded-Host $http_host;\n            proxy_set_header X-Real-IP $remote_addr;\n            proxy_set_header X-Forwarded-For $proxy_add_x_forwarded_for;\n            proxy_set_header X-Forwarded-Proto $scheme;\n        }\n    }"[0m
[95m45  : [0m[90;2m┆ ┆ [0m)
[95m45  : [0m[90;2m┆ ┆ [0mContainer.[1mwithNewFile[0m[32m DONE[0m[90m [0.0s][0m
[95m46  : [0m[90;2m┆ ┆ [0mContainer.[1mwithServiceBinding[0m(
[95m46  : [0m[90;2m┆ ┆ ┆ [0m[36malias:[0m [33m"ingress-http"[0m
[95m46  : [0m[90;2m┆ ┆ ┆ [0m[36mservice:[0m [35mK3S[0m.[1mserver[0m[2m: Service![0m
[95m46  : [0m[90;2m┆ ┆ [0m)[2m: Container![0m
[95m46  : [0m[90;2m┆ ┆ [0mContainer.[1mwithServiceBinding[0m[32m DONE[0m[90m [0.0s][0m
[95m47  : [0m[90;2m┆ ┆ [0mContainer.[1mwithExposedPort[0m([36mport: [0m[31m80[0m)[2m: Container![0m
[95m47  : [0m[90;2m┆ ┆ [0mContainer.[1mwithExposedPort[0m[32m DONE[0m[90m [0.0s][0m
[95m44  : [0m[90;2m┆ [0m[35mProxy[0m.[1mwithService[0m[32m DONE[0m[90m [0.8s][0m
[95m48  : [0m[90;2m┆ [0m[35mProxy[0m.[1mwithService[0m(
[95m48  : [0m[90;2m┆ ┆ [0m[36mservice:[0m [35mK3S[0m.[1mserver[0m[2m: Service![0m
[95m48  : [0m[90;2m┆ ┆ [0m[36mname:[0m [33m"ingress-https"[0m
[95m48  : [0m[90;2m┆ ┆ [0m[36mfrontend:[0m [31m443[0m
[95m48  : [0m[90;2m┆ ┆ [0m[36mbackend:[0m [31m443[0m
[95m48  : [0m[90;2m┆ [0m)[2m: Proxy![0m
[95m49  : [0m[90;2m┆ ┆ [0m[34mwithNewFile[0m /etc/nginx/conf.d/ingress-https.conf (
[95m49  : [0m[90;2m┆ ┆ ┆ [0m[36mcontents:[0m [33m"\n    server {\n        listen 443;\n        listen [::]:443;\n\n        server_name ingress-https;\n\n        location / {\n            proxy_pass http://ingress-https:443;\n            proxy_set_header Host $http_host;\n            proxy_set_header X-Forwarded-Host $http_host;\n            proxy_set_header X-Real-IP $remote_addr;\n            proxy_set_header X-Forwarded-For $proxy_add_x_forwarded_for;\n            proxy_set_header X-Forwarded-Proto $scheme;\n        }\n    }"[0m
[95m49  : [0m[90;2m┆ ┆ [0m)
[95m49  : [0m[90;2m┆ ┆ [0mContainer.[1mwithNewFile[0m[32m DONE[0m[90m [0.0s][0m
[95m50  : [0m[90;2m┆ ┆ [0mContainer.[1mwithServiceBinding[0m(
[95m50  : [0m[90;2m┆ ┆ ┆ [0m[36malias:[0m [33m"ingress-https"[0m
[95m50  : [0m[90;2m┆ ┆ ┆ [0m[36mservice:[0m [35mK3S[0m.[1mserver[0m[2m: Service![0m
[95m50  : [0m[90;2m┆ ┆ [0m)[2m: Container![0m
[95m50  : [0m[90;2m┆ ┆ [0mContainer.[1mwithServiceBinding[0m[32m DONE[0m[90m [0.0s][0m
[95m51  : [0m[90;2m┆ ┆ [0mContainer.[1mwithExposedPort[0m([36mport: [0m[31m443[0m)[2m: Container![0m
[95m51  : [0m[90;2m┆ ┆ [0mContainer.[1mwithExposedPort[0m[32m DONE[0m[90m [0.0s][0m
[95m48  : [0m[90;2m┆ [0m[35mProxy[0m.[1mwithService[0m[32m DONE[0m[90m [0.7s][0m
[95m52  : [0m[90;2m┆ [0m[35mProxy[0m.[1mservice[0m[2m: Service![0m
[95m53  : [0m[90;2m┆ ┆ [0mContainer.[1masService[0m([36margs: [0m[[33m"nginx"[0m, [33m"-g"[0m, [33m"daemon off;"[0m])[2m: Service![0m
[95m53  : [0m[90;2m┆ ┆ [0mContainer.[1masService[0m[32m DONE[0m[90m [0.0s][0m
[95m52  : [0m[90;2m┆ [0m[35mProxy[0m.[1mservice[0m[32m DONE[0m[90m [0.6s][0m

[95m54  : [0m[90;2m[0mService.[1mup[0m([36mports: [0m[{frontend: [31m6443[0m, backend: [31m6443[0m, protocol: [33mTCP[0m}, {frontend: [31m80[0m, backend: [31m80[0m, protocol: [33mTCP[0m}, {frontend: [31m443[0m, backend: [31m443[0m, protocol: [33mTCP[0m}])[2m: Void[0m

[95m16  : [0m[90;2m[0m[35mToolboxKns[0m.[1mgateway[0m[2m: Service![0m
[95m35  : [0m[90;2m┆ [0mContainer.[1masService[0m([36margs: [0m[[33m"sh"[0m, [33m"-c"[0m, [33m"k3s server --debug --bind-address $(ip route | grep src | awk '{print $NF}') --disable traefik --disable metrics-server --egress-selector-mode=disabled"[0m], [36museEntrypoint: [0m[31mtrue[0m, [36minsecureRootCapabilities: [0m[31mtrue[0m)[2m: Service![0m
[95m55  : [0m[90;2m┆ ┆ [0mexec entrypoint.sh sh -c k3s server --debug --bind-address $(ip route | grep src | awk '{print $NF}') --disable traefik --disable metrics-server --egress-selector-mode=disabled
[95m35  : [0m[90;2m┆ ┆ [0mContainer.[1masService[0m[32m DONE[0m[90m [0.0s][0m
[95m35  : [0m[90;2m┆ ┆ [0m[90m[3.7s] [0m[90m|[0m [2026-01-12T16:40:57+00:00] [CgroupV2 Fix] Evacuating Root Cgroup ...
[95m35  : [0m[90;2m┆ ┆ [0m[90m[3.7s] [0m[90m|[0m [2026-01-12T16:40:57+00:00] [CgroupV2 Fix] Done
[95m56  : [0m[90;2m┆ ┆ [0m6443/tcp
[95m56  : [0m[90;2m┆ ┆ [0m[90m[0.0s] [0m[90m|[0m [2m16:40:57[0m [93mWRN[0m port not ready [2mhost=[0mfimkh6jhc3bci.ej9uc21fikgfa.dagger.local [2merror=[0m"dial tcp 10.87.0.127:6443: connect: connection refused" [2melapsed=[0m219.665µs
[95m56  : [0m[90;2m┆ ┆ [0m[90m[0.1s] [0m[90m|[0m [2m16:40:57[0m [93mWRN[0m port not ready [2mhost=[0mfimkh6jhc3bci.ej9uc21fikgfa.dagger.local [2merror=[0m"dial tcp 10.87.0.127:6443: connect: connection refused" [2melapsed=[0m99.622445ms
[95m35  : [0m[90;2m┆ ┆ [0mContainer.[1masService[0m[32m DONE[0m[90m [0.2s][0m
[95m35  : [0m[90;2m┆ ┆ [0m[90m[3.8s] [0m[90m|[0m time="2026-01-12T16:40:57Z" level=info msg="Starting k3s v1.34.1+k3s1 (24fc436e)"
[95m35  : [0m[90;2m┆ ┆ [0m[90m[3.8s] [0m[90m|[0m time="2026-01-12T16:40:57Z" level=info msg="Configuring sqlite3 database connection pooling: maxIdleConns=2, maxOpenConns=0, connMaxLifetime=0s"
[95m35  : [0m[90;2m┆ ┆ [0m[90m[3.8s] [0m[90m|[0m time="2026-01-12T16:40:57Z" level=info msg="Configuring database table schema and indexes, this may take a moment..."
[95m35  : [0m[90;2m┆ ┆ [0m[90m[3.8s] [0m[90m|[0m time="2026-01-12T16:40:57Z" level=info msg="Database tables and indexes are up to date"
[95m35  : [0m[90;2m┆ ┆ [0m[90m[3.8s] [0m[90m|[0m time="2026-01-12T16:40:57Z" level=info msg="Kine available at unix://kine.sock"
[95m35  : [0m[90;2m┆ ┆ [0m[90m[3.8s] [0m[90m|[0m time="2026-01-12T16:40:57Z" level=debug msg="COMPACT disabled; automatic compaction will not occur"
[95m35  : [0m[90;2m┆ ┆ [0m[90m[3.8s] [0m[90m|[0m time="2026-01-12T16:40:57Z" level=info msg="Datastore connection validated successfully, proceeding with bootstrap data generation"
[95m35  : [0m[90;2m┆ ┆ [0m[90m[3.8s] [0m[90m|[0m time="2026-01-12T16:40:57Z" level=info msg="generated self-signed CA certificate CN=k3s-client-ca@1768236057: notBefore=2026-01-12 16:40:57.740065057 +0000 UTC notAfter=2036-01-10 16:40:57.740065057 +0000 UTC"
[95m35  : [0m[90;2m┆ ┆ [0m[90m[3.8s] [0m[90m|[0m time="2026-01-12T16:40:57Z" level=info msg="certificate CN=system:admin,O=system:masters signed by CN=k3s-client-ca@1768236057: notBefore=2026-01-12 16:40:57 +0000 UTC notAfter=2027-01-12 16:40:57 +0000 UTC"
[95m35  : [0m[90;2m┆ ┆ [0m[90m[3.8s] [0m[90m|[0m time="2026-01-12T16:40:57Z" level=info msg="certificate CN=system:k3s-supervisor,O=system:masters signed by CN=k3s-client-ca@1768236057: notBefore=2026-01-12 16:40:57 +0000 UTC notAfter=2027-01-12 16:40:57 +0000 UTC"
[95m35  : [0m[90;2m┆ ┆ [0m[90m[3.8s] [0m[90m|[0m time="2026-01-12T16:40:57Z" level=info msg="certificate CN=system:kube-controller-manager signed by CN=k3s-client-ca@1768236057: notBefore=2026-01-12 16:40:57 +0000 UTC notAfter=2027-01-12 16:40:57 +0000 UTC"
[95m35  : [0m[90;2m┆ ┆ [0m[90m[3.8s] [0m[90m|[0m time="2026-01-12T16:40:57Z" level=info msg="certificate CN=system:kube-scheduler signed by CN=k3s-client-ca@1768236057: notBefore=2026-01-12 16:40:57 +0000 UTC notAfter=2027-01-12 16:40:57 +0000 UTC"
[95m35  : [0m[90;2m┆ ┆ [0m[90m[3.8s] [0m[90m|[0m time="2026-01-12T16:40:57Z" level=info msg="certificate CN=system:apiserver,O=system:masters signed by CN=k3s-client-ca@1768236057: notBefore=2026-01-12 16:40:57 +0000 UTC notAfter=2027-01-12 16:40:57 +0000 UTC"
[95m35  : [0m[90;2m┆ ┆ [0m[90m[3.8s] [0m[90m|[0m time="2026-01-12T16:40:57Z" level=info msg="certificate CN=k3s-cloud-controller-manager signed by CN=k3s-client-ca@1768236057: notBefore=2026-01-12 16:40:57 +0000 UTC notAfter=2027-01-12 16:40:57 +0000 UTC"
[95m35  : [0m[90;2m┆ ┆ [0m[90m[3.8s] [0m[90m|[0m time="2026-01-12T16:40:57Z" level=info msg="generated self-signed CA certificate CN=k3s-server-ca@1768236057: notBefore=2026-01-12 16:40:57.741206132 +0000 UTC notAfter=2036-01-10 16:40:57.741206132 +0000 UTC"
[95m35  : [0m[90;2m┆ ┆ [0m[90m[3.8s] [0m[90m|[0m time="2026-01-12T16:40:57Z" level=info msg="certificate CN=kube-apiserver signed by CN=k3s-server-ca@1768236057: notBefore=2026-01-12 16:40:57 +0000 UTC notAfter=2027-01-12 16:40:57 +0000 UTC"
[95m35  : [0m[90;2m┆ ┆ [0m[90m[3.8s] [0m[90m|[0m time="2026-01-12T16:40:57Z" level=info msg="certificate CN=kube-scheduler signed by CN=k3s-server-ca@1768236057: notBefore=2026-01-12 16:40:57 +0000 UTC notAfter=2027-01-12 16:40:57 +0000 UTC"
[95m35  : [0m[90;2m┆ ┆ [0m[90m[3.8s] [0m[90m|[0m time="2026-01-12T16:40:57Z" level=info msg="certificate CN=kube-controller-manager signed by CN=k3s-server-ca@1768236057: notBefore=2026-01-12 16:40:57 +0000 UTC notAfter=2027-01-12 16:40:57 +0000 UTC"
[95m35  : [0m[90;2m┆ ┆ [0m[90m[3.8s] [0m[90m|[0m time="2026-01-12T16:40:57Z" level=info msg="generated self-signed CA certificate CN=k3s-request-header-ca@1768236057: notBefore=2026-01-12 16:40:57.741899336 +0000 UTC notAfter=2036-01-10 16:40:57.741899336 +0000 UTC"
[95m35  : [0m[90;2m┆ ┆ [0m[90m[3.8s] [0m[90m|[0m time="2026-01-12T16:40:57Z" level=info msg="certificate CN=system:auth-proxy signed by CN=k3s-request-header-ca@1768236057: notBefore=2026-01-12 16:40:57 +0000 UTC notAfter=2027-01-12 16:40:57 +0000 UTC"
[95m35  : [0m[90;2m┆ ┆ [0m[90m[3.8s] [0m[90m|[0m time="2026-01-12T16:40:57Z" level=info msg="generated self-signed CA certificate CN=etcd-server-ca@1768236057: notBefore=2026-01-12 16:40:57.742222459 +0000 UTC notAfter=2036-01-10 16:40:57.742222459 +0000 UTC"
[95m35  : [0m[90;2m┆ ┆ [0m[90m[3.8s] [0m[90m|[0m time="2026-01-12T16:40:57Z" level=info msg="certificate CN=etcd-client signed by CN=etcd-server-ca@1768236057: notBefore=2026-01-12 16:40:57 +0000 UTC notAfter=2027-01-12 16:40:57 +0000 UTC"
[95m35  : [0m[90;2m┆ ┆ [0m[90m[3.8s] [0m[90m|[0m time="2026-01-12T16:40:57Z" level=info msg="generated self-signed CA certificate CN=etcd-peer-ca@1768236057: notBefore=2026-01-12 16:40:57.74252304 +0000 UTC notAfter=2036-01-10 16:40:57.74252304 +0000 UTC"
[95m35  : [0m[90;2m┆ ┆ [0m[90m[3.8s] [0m[90m|[0m time="2026-01-12T16:40:57Z" level=info msg="certificate CN=etcd-peer signed by CN=etcd-peer-ca@1768236057: notBefore=2026-01-12 16:40:57 +0000 UTC notAfter=2027-01-12 16:40:57 +0000 UTC"
[95m35  : [0m[90;2m┆ ┆ [0m[90m[3.8s] [0m[90m|[0m time="2026-01-12T16:40:57Z" level=info msg="certificate CN=etcd-server signed by CN=etcd-server-ca@1768236057: notBefore=2026-01-12 16:40:57 +0000 UTC notAfter=2027-01-12 16:40:57 +0000 UTC"
[95m35  : [0m[90;2m┆ ┆ [0m[90m[3.9s] [0m[90m|[0m time="2026-01-12T16:40:57Z" level=info msg="certificate CN=k3s,O=k3s signed by CN=k3s-server-ca@1768236057: notBefore=2026-01-12 16:40:57 +0000 UTC notAfter=2027-01-12 16:40:57 +0000 UTC"
[95m35  : [0m[90;2m┆ ┆ [0m[90m[3.9s] [0m[90m|[0m time="2026-01-12T16:40:57Z" level=warning msg="dynamiclistener 10.87.0.127:6443: no cached certificate available for preload - deferring certificate load until storage initialization or first client request"
[95m35  : [0m[90;2m┆ ┆ [0m[90m[3.9s] [0m[90m|[0m time="2026-01-12T16:40:57Z" level=info msg="Active TLS secret / (ver=) (count 10): map[listener.cattle.io/cn-10.43.0.1:10.43.0.1 listener.cattle.io/cn-10.87.0.127:10.87.0.127 listener.cattle.io/cn-127.0.0.1:127.0.0.1 listener.cattle.io/cn-__1-f16284:::1 listener.cattle.io/cn-fimkh6jhc3bci.ej9uc21fikgfa.dagger.local:fimkh6jhc3bci.ej9uc21fikgfa.dagger.local listener.cattle.io/cn-kubernetes:kubernetes listener.cattle.io/cn-kubernetes.default:kubernetes.default listener.cattle.io/cn-kubernetes.default.svc:kubernetes.default.svc listener.cattle.io/cn-kubernetes.default.svc.cluster.local:kubernetes.default.svc.cluster.local listener.cattle.io/cn-localhost:localhost listener.cattle.io/fingerprint:SHA1=C245FBBD1FF65977ED055C7DFE439D2C8F03CDD3]"
[95m56  : [0m[90;2m┆ ┆ [0m6443/tcp[32m DONE[0m[90m [0.3s][0m
[95m56  : [0m[90;2m┆ ┆ [0m[90m[0.3s] [0m[90m|[0m [2m16:40:57[0m [92mINF[0m port is healthy [2mhost=[0mfimkh6jhc3bci.ej9uc21fikgfa.dagger.local [2mendpoint=[0m10.87.0.127:6443
[95m35  : [0m[90;2m┆ ┆ [0mContainer.[1masService[0m[32m DONE[0m[90m [0.4s][0m
[95m35  : [0m[90;2m┆ ┆ [0m[90m[3.9s] [0m[90m|[0m time="2026-01-12T16:40:57Z" level=debug msg="Supervisor proxy using supervisor=https://10.87.0.127:6443 apiserver=https://10.87.0.127:6443 lb=false"
[95m35  : [0m[90;2m┆ ┆ [0m[90m[3.9s] [0m[90m|[0m time="2026-01-12T16:40:57Z" level=info msg="Cluster-Http-Server 2026/01/12 16:40:57 http: TLS handshake error from 10.87.0.127:41012: remote error: tls: bad certificate"
[95m35  : [0m[90;2m┆ ┆ [0m[90m[3.9s] [0m[90m|[0m time="2026-01-12T16:40:57Z" level=info msg="Cluster-Http-Server 2026/01/12 16:40:57 http: TLS handshake error from 10.87.0.127:41052: remote error: tls: bad certificate"
[95m35  : [0m[90;2m┆ ┆ [0m[90m[4.0s] [0m[90m|[0m time="2026-01-12T16:40:57Z" level=info msg="Cluster-Http-Server 2026/01/12 16:40:57 http: TLS handshake error from 10.87.0.127:41080: EOF"
[95m35  : [0m[90;2m┆ ┆ [0m[90m[4.2s] [0m[90m|[0m time="2026-01-12T16:40:58Z" level=info msg="Password verified locally for node fimkh6jhc3bci.ej9uc21fikgfa.dagger.local"
[95m35  : [0m[90;2m┆ ┆ [0m[90m[4.2s] [0m[90m|[0m time="2026-01-12T16:40:58Z" level=info msg="certificate CN=fimkh6jhc3bci.ej9uc21fikgfa.dagger.local signed by CN=k3s-server-ca@1768236057: notBefore=2026-01-12 16:40:57 +0000 UTC notAfter=2027-01-12 16:40:58 +0000 UTC"
[95m35  : [0m[90;2m┆ ┆ [0m[90m[4.3s] [0m[90m|[0m time="2026-01-12T16:40:58Z" level=info msg="certificate CN=system:node:fimkh6jhc3bci.ej9uc21fikgfa.dagger.local,O=system:nodes signed by CN=k3s-client-ca@1768236057: notBefore=2026-01-12 16:40:57 +0000 UTC notAfter=2027-01-12 16:40:58 +0000 UTC"
[95m35  : [0m[90;2m┆ ┆ [0m[90m[4.4s] [0m[90m|[0m time="2026-01-12T16:40:58Z" level=info msg="certificate CN=system:kube-proxy signed by CN=k3s-client-ca@1768236057: notBefore=2026-01-12 16:40:57 +0000 UTC notAfter=2027-01-12 16:40:58 +0000 UTC"
[95m35  : [0m[90;2m┆ ┆ [0m[90m[4.4s] [0m[90m|[0m time="2026-01-12T16:40:58Z" level=info msg="certificate CN=system:k3s-controller signed by CN=k3s-client-ca@1768236057: notBefore=2026-01-12 16:40:57 +0000 UTC notAfter=2027-01-12 16:40:58 +0000 UTC"
[95m35  : [0m[90;2m┆ ┆ [0m[90m[4.4s] [0m[90m|[0m time="2026-01-12T16:40:58Z" level=info msg="Module overlay was already loaded"
[95m35  : [0m[90;2m┆ ┆ [0m[90m[4.4s] [0m[90m|[0m time="2026-01-12T16:40:58Z" level=info msg="Module nf_conntrack was already loaded"
[95m35  : [0m[90;2m┆ ┆ [0m[90m[4.4s] [0m[90m|[0m time="2026-01-12T16:40:58Z" level=info msg="Module br_netfilter was already loaded"
[95m35  : [0m[90;2m┆ ┆ [0m[90m[4.4s] [0m[90m|[0m time="2026-01-12T16:40:58Z" level=info msg="Module iptable_nat was already loaded"
[95m35  : [0m[90;2m┆ ┆ [0m[90m[4.4s] [0m[90m|[0m time="2026-01-12T16:40:58Z" level=info msg="Module iptable_filter was already loaded"
[95m35  : [0m[90;2m┆ ┆ [0m[90m[4.4s] [0m[90m|[0m time="2026-01-12T16:40:58Z" level=warning msg="Failed to load kernel module nft-expr-counter with modprobe"
[95m35  : [0m[90;2m┆ ┆ [0m[90m[4.4s] [0m[90m|[0m time="2026-01-12T16:40:58Z" level=warning msg="Failed to load kernel module nfnetlink-subsys-11 with modprobe"
[95m35  : [0m[90;2m┆ ┆ [0m[90m[4.4s] [0m[90m|[0m time="2026-01-12T16:40:58Z" level=warning msg="Failed to load kernel module nft-chain-2-nat with modprobe"
[95m35  : [0m[90;2m┆ ┆ [0m[90m[4.4s] [0m[90m|[0m time="2026-01-12T16:40:58Z" level=debug msg="getConntrackMax: using conntrack-min"
[95m35  : [0m[90;2m┆ ┆ [0m[90m[4.4s] [0m[90m|[0m time="2026-01-12T16:40:58Z" level=info msg="Set sysctl 'net/netfilter/nf_conntrack_max' to 131072"
[95m35  : [0m[90;2m┆ ┆ [0m[90m[4.4s] [0m[90m|[0m time="2026-01-12T16:40:58Z" level=error msg="Failed to set sysctl: open /proc/sys/net/netfilter/nf_conntrack_max: permission denied"
[95m35  : [0m[90;2m┆ ┆ [0m[90m[4.4s] [0m[90m|[0m time="2026-01-12T16:40:58Z" level=info msg="Set sysctl 'net/netfilter/nf_conntrack_tcp_timeout_established' to 86400"
[95m35  : [0m[90;2m┆ ┆ [0m[90m[4.4s] [0m[90m|[0m time="2026-01-12T16:40:58Z" level=info msg="Set sysctl 'net/netfilter/nf_conntrack_tcp_timeout_close_wait' to 3600"
[95m35  : [0m[90;2m┆ ┆ [0m[90m[4.4s] [0m[90m|[0m time="2026-01-12T16:40:58Z" level=debug msg="Creating the CNI conf in directory /var/lib/rancher/k3s/agent/etc/cni/net.d"
[95m35  : [0m[90;2m┆ ┆ [0m[90m[4.4s] [0m[90m|[0m time="2026-01-12T16:40:58Z" level=debug msg="Creating the flannel configuration for backend vxlan in file /var/lib/rancher/k3s/agent/etc/flannel/net-conf.json"
[95m35  : [0m[90;2m┆ ┆ [0m[90m[4.4s] [0m[90m|[0m time="2026-01-12T16:40:58Z" level=debug msg="The flannel configuration is {\n\t\"Network\": \"10.42.0.0/16\",\n\t\"EnableIPv6\": false,\n\t\"EnableIPv4\": true,\n\t\"IPv6Network\": \"::/0\",\n\t\"Backend\": {\n\t\"Type\": \"vxlan\"\n}\n}\n"
[95m35  : [0m[90;2m┆ ┆ [0m[90m[4.4s] [0m[90m|[0m time="2026-01-12T16:40:58Z" level=debug msg="Searching for crun container runtime"
[95m35  : [0m[90;2m┆ ┆ [0m[90m[4.4s] [0m[90m|[0m time="2026-01-12T16:40:58Z" level=debug msg="Error searching for crun in $PATH: exec: \"crun\": executable file not found in $PATH"
[95m35  : [0m[90;2m┆ ┆ [0m[90m[4.4s] [0m[90m|[0m time="2026-01-12T16:40:58Z" level=debug msg="Searching for nvidia-cdi container runtime"
[95m35  : [0m[90;2m┆ ┆ [0m[90m[4.4s] [0m[90m|[0m time="2026-01-12T16:40:58Z" level=debug msg="Error searching for nvidia-cdi in $PATH: exec: \"nvidia-container-runtime.cdi\": executable file not found in $PATH"
[95m35  : [0m[90;2m┆ ┆ [0m[90m[4.4s] [0m[90m|[0m time="2026-01-12T16:40:58Z" level=debug msg="Searching for nvidia container runtime"
[95m35  : [0m[90;2m┆ ┆ [0m[90m[4.4s] [0m[90m|[0m time="2026-01-12T16:40:58Z" level=debug msg="Error searching for nvidia in $PATH: exec: \"nvidia-container-runtime\": executable file not found in $PATH"
[95m35  : [0m[90;2m┆ ┆ [0m[90m[4.4s] [0m[90m|[0m time="2026-01-12T16:40:58Z" level=debug msg="Searching for nvidia-experimental container runtime"
[95m35  : [0m[90;2m┆ ┆ [0m[90m[4.4s] [0m[90m|[0m time="2026-01-12T16:40:58Z" level=debug msg="Error searching for nvidia-experimental in $PATH: exec: \"nvidia-container-runtime-experimental\": executable file not found in $PATH"
[95m35  : [0m[90;2m┆ ┆ [0m[90m[4.4s] [0m[90m|[0m time="2026-01-12T16:40:58Z" level=debug msg="Searching for wasmtime container runtime"
[95m35  : [0m[90;2m┆ ┆ [0m[90m[4.4s] [0m[90m|[0m time="2026-01-12T16:40:58Z" level=debug msg="Error searching for wasmtime in $PATH: exec: \"containerd-shim-wasmtime-v1\": executable file not found in $PATH"
[95m35  : [0m[90;2m┆ ┆ [0m[90m[4.4s] [0m[90m|[0m time="2026-01-12T16:40:58Z" level=debug msg="Searching for lunatic container runtime"
[95m35  : [0m[90;2m┆ ┆ [0m[90m[4.4s] [0m[90m|[0m time="2026-01-12T16:40:58Z" level=debug msg="Error searching for lunatic in $PATH: exec: \"containerd-shim-lunatic-v1\": executable file not found in $PATH"
[95m35  : [0m[90;2m┆ ┆ [0m[90m[4.4s] [0m[90m|[0m time="2026-01-12T16:40:58Z" level=debug msg="Searching for slight container runtime"
[95m35  : [0m[90;2m┆ ┆ [0m[90m[4.4s] [0m[90m|[0m time="2026-01-12T16:40:58Z" level=debug msg="Error searching for slight in $PATH: exec: \"containerd-shim-slight-v1\": executable file not found in $PATH"
[95m35  : [0m[90;2m┆ ┆ [0m[90m[4.4s] [0m[90m|[0m time="2026-01-12T16:40:58Z" level=debug msg="Searching for spin container runtime"
[95m35  : [0m[90;2m┆ ┆ [0m[90m[4.4s] [0m[90m|[0m time="2026-01-12T16:40:58Z" level=debug msg="Error searching for spin in $PATH: exec: \"containerd-shim-spin-v2\": executable file not found in $PATH"
[95m35  : [0m[90;2m┆ ┆ [0m[90m[4.4s] [0m[90m|[0m time="2026-01-12T16:40:58Z" level=debug msg="Searching for wws container runtime"
[95m35  : [0m[90;2m┆ ┆ [0m[90m[4.4s] [0m[90m|[0m time="2026-01-12T16:40:58Z" level=debug msg="Error searching for wws in $PATH: exec: \"containerd-shim-wws-v1\": executable file not found in $PATH"
[95m35  : [0m[90;2m┆ ┆ [0m[90m[4.4s] [0m[90m|[0m time="2026-01-12T16:40:58Z" level=debug msg="Searching for wasmedge container runtime"
[95m35  : [0m[90;2m┆ ┆ [0m[90m[4.4s] [0m[90m|[0m time="2026-01-12T16:40:58Z" level=debug msg="Error searching for wasmedge in $PATH: exec: \"containerd-shim-wasmedge-v1\": executable file not found in $PATH"
[95m35  : [0m[90;2m┆ ┆ [0m[90m[4.4s] [0m[90m|[0m time="2026-01-12T16:40:58Z" level=debug msg="Searching for wasmer container runtime"
[95m35  : [0m[90;2m┆ ┆ [0m[90m[4.4s] [0m[90m|[0m time="2026-01-12T16:40:58Z" level=debug msg="Error searching for wasmer in $PATH: exec: \"containerd-shim-wasmer-v1\": executable file not found in $PATH"
[95m35  : [0m[90;2m┆ ┆ [0m[90m[4.4s] [0m[90m|[0m time="2026-01-12T16:40:58Z" level=info msg="Logging containerd to /var/lib/rancher/k3s/agent/containerd/containerd.log"
[95m35  : [0m[90;2m┆ ┆ [0m[90m[4.4s] [0m[90m|[0m time="2026-01-12T16:40:58Z" level=info msg="Running containerd -c /var/lib/rancher/k3s/agent/etc/containerd/config.toml"
[95m35  : [0m[90;2m┆ ┆ [0m[90m[4.4s] [0m[90m|[0m time="2026-01-12T16:40:58Z" level=info msg="Polling for API server readiness: GET /readyz failed: the server is currently unable to handle the request"
[95m35  : [0m[90;2m┆ ┆ [0m[90m[4.5s] [0m[90m|[0m time="2026-01-12T16:40:58.428429713Z" level=info msg="starting containerd" revision= version=v2.1.4-k3s2
[95m35  : [0m[90;2m┆ ┆ [0m[90m[4.5s] [0m[90m|[0m time="2026-01-12T16:40:58.431957647Z" level=info msg="loading plugin" id=io.containerd.content.v1.content type=io.containerd.content.v1
[95m35  : [0m[90;2m┆ ┆ [0m[90m[4.5s] [0m[90m|[0m time="2026-01-12T16:40:58.431978022Z" level=info msg="loading plugin" id=io.containerd.image-verifier.v1.bindir type=io.containerd.image-verifier.v1
[95m35  : [0m[90;2m┆ ┆ [0m[90m[4.5s] [0m[90m|[0m time="2026-01-12T16:40:58.431983938Z" level=info msg="loading plugin" id=io.containerd.internal.v1.opt type=io.containerd.internal.v1
[95m35  : [0m[90;2m┆ ┆ [0m[90m[4.5s] [0m[90m|[0m time="2026-01-12T16:40:58.432022438Z" level=info msg="loading plugin" id=io.containerd.warning.v1.deprecations type=io.containerd.warning.v1
[95m35  : [0m[90;2m┆ ┆ [0m[90m[4.5s] [0m[90m|[0m time="2026-01-12T16:40:58.432029980Z" level=info msg="loading plugin" id=io.containerd.snapshotter.v1.blockfile type=io.containerd.snapshotter.v1
[95m35  : [0m[90;2m┆ ┆ [0m[90m[4.5s] [0m[90m|[0m time="2026-01-12T16:40:58.432047313Z" level=info msg="skip loading plugin" error="no scratch file generator: skip plugin" id=io.containerd.snapshotter.v1.blockfile type=io.containerd.snapshotter.v1
[95m35  : [0m[90;2m┆ ┆ [0m[90m[4.5s] [0m[90m|[0m time="2026-01-12T16:40:58.432053896Z" level=info msg="loading plugin" id=io.containerd.snapshotter.v1.btrfs type=io.containerd.snapshotter.v1
[95m35  : [0m[90;2m┆ ┆ [0m[90m[4.5s] [0m[90m|[0m time="2026-01-12T16:40:58.432109979Z" level=info msg="skip loading plugin" error="path /var/lib/rancher/k3s/agent/containerd/io.containerd.snapshotter.v1.btrfs (ext4) must be a btrfs filesystem to be used with the btrfs snapshotter: skip plugin" id=io.containerd.snapshotter.v1.btrfs type=io.containerd.snapshotter.v1
[95m35  : [0m[90;2m┆ ┆ [0m[90m[4.5s] [0m[90m|[0m time="2026-01-12T16:40:58.432116396Z" level=info msg="loading plugin" id=io.containerd.snapshotter.v1.devmapper type=io.containerd.snapshotter.v1
[95m35  : [0m[90;2m┆ ┆ [0m[90m[4.5s] [0m[90m|[0m time="2026-01-12T16:40:58.432119771Z" level=info msg="skip loading plugin" error="devmapper not configured: skip plugin" id=io.containerd.snapshotter.v1.devmapper type=io.containerd.snapshotter.v1
[95m35  : [0m[90;2m┆ ┆ [0m[90m[4.5s] [0m[90m|[0m time="2026-01-12T16:40:58.432122021Z" level=info msg="loading plugin" id=io.containerd.snapshotter.v1.erofs type=io.containerd.snapshotter.v1
[95m35  : [0m[90;2m┆ ┆ [0m[90m[4.5s] [0m[90m|[0m time="2026-01-12T16:40:58.432179812Z" level=info msg="skip loading plugin" error="EROFS unsupported, please `modprobe erofs`: skip plugin" id=io.containerd.snapshotter.v1.erofs type=io.containerd.snapshotter.v1
[95m35  : [0m[90;2m┆ ┆ [0m[90m[4.5s] [0m[90m|[0m time="2026-01-12T16:40:58.432185562Z" level=info msg="loading plugin" id=io.containerd.snapshotter.v1.native type=io.containerd.snapshotter.v1
[95m35  : [0m[90;2m┆ ┆ [0m[90m[4.5s] [0m[90m|[0m time="2026-01-12T16:40:58.432207770Z" level=info msg="loading plugin" id=io.containerd.snapshotter.v1.overlayfs type=io.containerd.snapshotter.v1
[95m35  : [0m[90;2m┆ ┆ [0m[90m[4.5s] [0m[90m|[0m time="2026-01-12T16:40:58.432271103Z" level=info msg="loading plugin" id=io.containerd.snapshotter.v1.fuse-overlayfs type=io.containerd.snapshotter.v1
[95m35  : [0m[90;2m┆ ┆ [0m[90m[4.5s] [0m[90m|[0m time="2026-01-12T16:40:58.432296020Z" level=info msg="loading plugin" id=io.containerd.snapshotter.v1.zfs type=io.containerd.snapshotter.v1
[95m35  : [0m[90;2m┆ ┆ [0m[90m[4.5s] [0m[90m|[0m time="2026-01-12T16:40:58.432309394Z" level=info msg="skip loading plugin" error="lstat /var/lib/rancher/k3s/agent/containerd/io.containerd.snapshotter.v1.zfs: no such file or directory: skip plugin" id=io.containerd.snapshotter.v1.zfs type=io.containerd.snapshotter.v1
[95m35  : [0m[90;2m┆ ┆ [0m[90m[4.5s] [0m[90m|[0m time="2026-01-12T16:40:58.432312478Z" level=info msg="loading plugin" id=io.containerd.event.v1.exchange type=io.containerd.event.v1
[95m35  : [0m[90;2m┆ ┆ [0m[90m[4.5s] [0m[90m|[0m time="2026-01-12T16:40:58.432322603Z" level=info msg="loading plugin" id=io.containerd.monitor.task.v1.cgroups type=io.containerd.monitor.task.v1
[95m35  : [0m[90;2m┆ ┆ [0m[90m[4.5s] [0m[90m|[0m time="2026-01-12T16:40:58.432395019Z" level=info msg="loading plugin" id=io.containerd.snapshotter.v1.stargz type=io.containerd.snapshotter.v1
[95m35  : [0m[90;2m┆ ┆ [0m[90m[4.5s] [0m[90m|[0m time="2026-01-12T16:40:58.433066389Z" level=info msg="loading plugin" id=io.containerd.metadata.v1.bolt type=io.containerd.metadata.v1
[95m35  : [0m[90;2m┆ ┆ [0m[90m[4.5s] [0m[90m|[0m time="2026-01-12T16:40:58.433096056Z" level=info msg="metadata content store policy set" policy=shared
[95m35  : [0m[90;2m┆ ┆ [0m[90m[4.5s] [0m[90m|[0m time="2026-01-12T16:40:58.434517546Z" level=info msg="loading plugin" id=io.containerd.gc.v1.scheduler type=io.containerd.gc.v1
[95m35  : [0m[90;2m┆ ┆ [0m[90m[4.5s] [0m[90m|[0m time="2026-01-12T16:40:58.434537046Z" level=info msg="loading plugin" id=io.containerd.differ.v1.erofs type=io.containerd.differ.v1
[95m35  : [0m[90;2m┆ ┆ [0m[90m[4.5s] [0m[90m|[0m time="2026-01-12T16:40:58.434563379Z" level=info msg="skip loading plugin" error="could not find mkfs.erofs: exec: \"mkfs.erofs\": executable file not found in $PATH: skip plugin" id=io.containerd.differ.v1.erofs type=io.containerd.differ.v1
[95m35  : [0m[90;2m┆ ┆ [0m[90m[4.5s] [0m[90m|[0m time="2026-01-12T16:40:58.434570879Z" level=info msg="loading plugin" id=io.containerd.differ.v1.walking type=io.containerd.differ.v1
[95m35  : [0m[90;2m┆ ┆ [0m[90m[4.5s] [0m[90m|[0m time="2026-01-12T16:40:58.434575462Z" level=info msg="loading plugin" id=io.containerd.lease.v1.manager type=io.containerd.lease.v1
[95m35  : [0m[90;2m┆ ┆ [0m[90m[4.5s] [0m[90m|[0m time="2026-01-12T16:40:58.434580462Z" level=info msg="loading plugin" id=io.containerd.service.v1.containers-service type=io.containerd.service.v1
[95m35  : [0m[90;2m┆ ┆ [0m[90m[4.5s] [0m[90m|[0m time="2026-01-12T16:40:58.434585212Z" level=info msg="loading plugin" id=io.containerd.service.v1.content-service type=io.containerd.service.v1
[95m35  : [0m[90;2m┆ ┆ [0m[90m[4.5s] [0m[90m|[0m time="2026-01-12T16:40:58.434590004Z" level=info msg="loading plugin" id=io.containerd.service.v1.diff-service type=io.containerd.service.v1
[95m35  : [0m[90;2m┆ ┆ [0m[90m[4.5s] [0m[90m|[0m time="2026-01-12T16:40:58.434593920Z" level=info msg="loading plugin" id=io.containerd.service.v1.images-service type=io.containerd.service.v1
[95m35  : [0m[90;2m┆ ┆ [0m[90m[4.5s] [0m[90m|[0m time="2026-01-12T16:40:58.434598004Z" level=info msg="loading plugin" id=io.containerd.service.v1.introspection-service type=io.containerd.service.v1
[95m35  : [0m[90;2m┆ ┆ [0m[90m[4.5s] [0m[90m|[0m time="2026-01-12T16:40:58.434601337Z" level=info msg="loading plugin" id=io.containerd.service.v1.namespaces-service type=io.containerd.service.v1
[95m35  : [0m[90;2m┆ ┆ [0m[90m[4.5s] [0m[90m|[0m time="2026-01-12T16:40:58.434605129Z" level=info msg="loading plugin" id=io.containerd.service.v1.snapshots-service type=io.containerd.service.v1
[95m35  : [0m[90;2m┆ ┆ [0m[90m[4.5s] [0m[90m|[0m time="2026-01-12T16:40:58.434607920Z" level=info msg="loading plugin" id=io.containerd.shim.v1.manager type=io.containerd.shim.v1
[95m35  : [0m[90;2m┆ ┆ [0m[90m[4.5s] [0m[90m|[0m time="2026-01-12T16:40:58.434611920Z" level=info msg="loading plugin" id=io.containerd.runtime.v2.task type=io.containerd.runtime.v2
[95m35  : [0m[90;2m┆ ┆ [0m[90m[4.5s] [0m[90m|[0m time="2026-01-12T16:40:58.434661128Z" level=info msg="loading plugin" id=io.containerd.service.v1.tasks-service type=io.containerd.service.v1
[95m35  : [0m[90;2m┆ ┆ [0m[90m[4.5s] [0m[90m|[0m time="2026-01-12T16:40:58.434680753Z" level=info msg="loading plugin" id=io.containerd.grpc.v1.containers type=io.containerd.grpc.v1
[95m35  : [0m[90;2m┆ ┆ [0m[90m[4.5s] [0m[90m|[0m time="2026-01-12T16:40:58.434705378Z" level=info msg="loading plugin" id=io.containerd.grpc.v1.content type=io.containerd.grpc.v1
[95m35  : [0m[90;2m┆ ┆ [0m[90m[4.5s] [0m[90m|[0m time="2026-01-12T16:40:58.434719503Z" level=info msg="loading plugin" id=io.containerd.grpc.v1.diff type=io.containerd.grpc.v1
[95m35  : [0m[90;2m┆ ┆ [0m[90m[4.5s] [0m[90m|[0m time="2026-01-12T16:40:58.434848502Z" level=info msg="loading plugin" id=io.containerd.grpc.v1.events type=io.containerd.grpc.v1
[95m35  : [0m[90;2m┆ ┆ [0m[90m[4.5s] [0m[90m|[0m time="2026-01-12T16:40:58.434858127Z" level=info msg="loading plugin" id=io.containerd.grpc.v1.images type=io.containerd.grpc.v1
[95m35  : [0m[90;2m┆ ┆ [0m[90m[4.5s] [0m[90m|[0m time="2026-01-12T16:40:58.434863377Z" level=info msg="loading plugin" id=io.containerd.grpc.v1.introspection type=io.containerd.grpc.v1
[95m35  : [0m[90;2m┆ ┆ [0m[90m[4.5s] [0m[90m|[0m time="2026-01-12T16:40:58.434866460Z" level=info msg="loading plugin" id=io.containerd.grpc.v1.leases type=io.containerd.grpc.v1
[95m35  : [0m[90;2m┆ ┆ [0m[90m[4.5s] [0m[90m|[0m time="2026-01-12T16:40:58.434871252Z" level=info msg="loading plugin" id=io.containerd.grpc.v1.namespaces type=io.containerd.grpc.v1
[95m35  : [0m[90;2m┆ ┆ [0m[90m[4.5s] [0m[90m|[0m time="2026-01-12T16:40:58.434878002Z" level=info msg="loading plugin" id=io.containerd.sandbox.store.v1.local type=io.containerd.sandbox.store.v1
[95m35  : [0m[90;2m┆ ┆ [0m[90m[4.5s] [0m[90m|[0m time="2026-01-12T16:40:58.434881377Z" level=info msg="loading plugin" id=io.containerd.transfer.v1.local type=io.containerd.transfer.v1
[95m35  : [0m[90;2m┆ ┆ [0m[90m[4.5s] [0m[90m|[0m time="2026-01-12T16:40:58.434891293Z" level=info msg="loading plugin" id=io.containerd.cri.v1.images type=io.containerd.cri.v1
[95m35  : [0m[90;2m┆ ┆ [0m[90m[4.5s] [0m[90m|[0m time="2026-01-12T16:40:58.434934585Z" level=info msg="Get image filesystem path \"/var/lib/rancher/k3s/agent/containerd/io.containerd.snapshotter.v1.overlayfs\" for snapshotter \"overlayfs\""
[95m35  : [0m[90;2m┆ ┆ [0m[90m[4.5s] [0m[90m|[0m time="2026-01-12T16:40:58.434942793Z" level=info msg="Start snapshots syncer"
[95m35  : [0m[90;2m┆ ┆ [0m[90m[4.5s] [0m[90m|[0m time="2026-01-12T16:40:58.434991834Z" level=info msg="loading plugin" id=io.containerd.cri.v1.runtime type=io.containerd.cri.v1
[95m35  : [0m[90;2m┆ ┆ [0m[90m[4.5s] [0m[90m|[0m time="2026-01-12T16:40:58.435115500Z" level=info msg="starting cri plugin" config="{\"containerd\":{\"defaultRuntimeName\":\"runc\",\"runtimes\":{\"runc\":{\"runtimeType\":\"io.containerd.runc.v2\",\"runtimePath\":\"\",\"PodAnnotations\":null,\"ContainerAnnotations\":null,\"options\":{\"BinaryName\":\"\",\"CriuImagePath\":\"\",\"CriuWorkPath\":\"\",\"IoGid\":0,\"IoUid\":0,\"NoNewKeyring\":false,\"Root\":\"\",\"ShimCgroup\":\"\",\"SystemdCgroup\":false},\"privileged_without_host_devices\":false,\"privileged_without_host_devices_all_devices_allowed\":false,\"cgroupWritable\":false,\"baseRuntimeSpec\":\"\",\"cniConfDir\":\"\",\"cniMaxConfNum\":0,\"snapshotter\":\"\",\"sandboxer\":\"podsandbox\",\"io_type\":\"\"},\"runhcs-wcow-process\":{\"runtimeType\":\"io.containerd.runhcs.v1\",\"runtimePath\":\"\",\"PodAnnotations\":null,\"ContainerAnnotations\":null,\"options\":null,\"privileged_without_host_devices\":false,\"privileged_without_host_devices_all_devices_allowed\":false,\"cgroupWritable\":false,\"baseRuntimeSpec\":\"\",\"cniConfDir\":\"\",\"cniMaxConfNum\":0,\"snapshotter\":\"\",\"sandboxer\":\"podsandbox\",\"io_type\":\"\"}},\"ignoreBlockIONotEnabledErrors\":false,\"ignoreRdtNotEnabledErrors\":false},\"cni\":{\"binDir\":\"\",\"binDirs\":[\"/bin\"],\"confDir\":\"/var/lib/rancher/k3s/agent/etc/cni/net.d\",\"maxConfNum\":1,\"setupSerially\":false,\"confTemplate\":\"\",\"ipPref\":\"\",\"useInternalLoopback\":false},\"enableSelinux\":false,\"selinuxCategoryRange\":1024,\"maxContainerLogLineSize\":16384,\"disableApparmor\":false,\"restrictOOMScoreAdj\":false,\"disableProcMount\":false,\"unsetSeccompProfile\":\"\",\"tolerateMissingHugetlbController\":true,\"disableHugetlbController\":true,\"device_ownership_from_security_context\":false,\"ignoreImageDefinedVolumes\":false,\"netnsMountsUnderStateDir\":false,\"enableUnprivilegedPorts\":true,\"enableUnprivilegedICMP\":true,\"enableCDI\":true,\"cdiSpecDirs\":[\"/etc/cdi\",\"/var/run/cdi\"],\"drainExecSyncIOTimeout\":\"0s\",\"ignoreDeprecationWarnings\":null,\"containerdRootDir\":\"/var/lib/rancher/k3s/agent/containerd\",\"containerdEndpoint\":\"/run/k3s/containerd/containerd.sock\",\"rootDir\":\"/var/lib/rancher/k3s/agent/containerd/io.containerd.grpc.v1.cri\",\"stateDir\":\"/run/k3s/containerd/io.containerd.grpc.v1.cri\"}"
[95m35  : [0m[90;2m┆ ┆ [0m[90m[4.5s] [0m[90m|[0m time="2026-01-12T16:40:58.435138583Z" level=info msg="loading plugin" id=io.containerd.podsandbox.controller.v1.podsandbox type=io.containerd.podsandbox.controller.v1
[95m35  : [0m[90;2m┆ ┆ [0m[90m[4.5s] [0m[90m|[0m time="2026-01-12T16:40:58.435160666Z" level=info msg="loading plugin" id=io.containerd.sandbox.controller.v1.shim type=io.containerd.sandbox.controller.v1
[95m35  : [0m[90;2m┆ ┆ [0m[90m[4.5s] [0m[90m|[0m time="2026-01-12T16:40:58.435270416Z" level=info msg="loading plugin" id=io.containerd.grpc.v1.sandbox-controllers type=io.containerd.grpc.v1
[95m35  : [0m[90;2m┆ ┆ [0m[90m[4.5s] [0m[90m|[0m time="2026-01-12T16:40:58.435282457Z" level=info msg="loading plugin" id=io.containerd.grpc.v1.sandboxes type=io.containerd.grpc.v1
[95m35  : [0m[90;2m┆ ┆ [0m[90m[4.5s] [0m[90m|[0m time="2026-01-12T16:40:58.435288541Z" level=info msg="loading plugin" id=io.containerd.grpc.v1.snapshots type=io.containerd.grpc.v1
[95m35  : [0m[90;2m┆ ┆ [0m[90m[4.5s] [0m[90m|[0m time="2026-01-12T16:40:58.435295707Z" level=info msg="loading plugin" id=io.containerd.streaming.v1.manager type=io.containerd.streaming.v1
[95m35  : [0m[90;2m┆ ┆ [0m[90m[4.5s] [0m[90m|[0m time="2026-01-12T16:40:58.435300957Z" level=info msg="loading plugin" id=io.containerd.grpc.v1.streaming type=io.containerd.grpc.v1
[95m35  : [0m[90;2m┆ ┆ [0m[90m[4.5s] [0m[90m|[0m time="2026-01-12T16:40:58.435305915Z" level=info msg="loading plugin" id=io.containerd.grpc.v1.tasks type=io.containerd.grpc.v1
[95m35  : [0m[90;2m┆ ┆ [0m[90m[4.5s] [0m[90m|[0m time="2026-01-12T16:40:58.435309040Z" level=info msg="loading plugin" id=io.containerd.grpc.v1.transfer type=io.containerd.grpc.v1
[95m35  : [0m[90;2m┆ ┆ [0m[90m[4.5s] [0m[90m|[0m time="2026-01-12T16:40:58.435313124Z" level=info msg="loading plugin" id=io.containerd.grpc.v1.version type=io.containerd.grpc.v1
[95m35  : [0m[90;2m┆ ┆ [0m[90m[4.5s] [0m[90m|[0m time="2026-01-12T16:40:58.435316207Z" level=info msg="loading plugin" id=io.containerd.monitor.container.v1.restart type=io.containerd.monitor.container.v1
[95m35  : [0m[90;2m┆ ┆ [0m[90m[4.5s] [0m[90m|[0m time="2026-01-12T16:40:58.435326957Z" level=info msg="loading plugin" id=io.containerd.grpc.v1.healthcheck type=io.containerd.grpc.v1
[95m35  : [0m[90;2m┆ ┆ [0m[90m[4.5s] [0m[90m|[0m time="2026-01-12T16:40:58.435331415Z" level=info msg="loading plugin" id=io.containerd.nri.v1.nri type=io.containerd.nri.v1
[95m35  : [0m[90;2m┆ ┆ [0m[90m[4.5s] [0m[90m|[0m time="2026-01-12T16:40:58.435336790Z" level=info msg="runtime interface created"
[95m35  : [0m[90;2m┆ ┆ [0m[90m[4.5s] [0m[90m|[0m time="2026-01-12T16:40:58.435338165Z" level=info msg="created NRI interface"
[95m35  : [0m[90;2m┆ ┆ [0m[90m[4.5s] [0m[90m|[0m time="2026-01-12T16:40:58.435340707Z" level=info msg="loading plugin" id=io.containerd.grpc.v1.cri type=io.containerd.grpc.v1
[95m35  : [0m[90;2m┆ ┆ [0m[90m[4.5s] [0m[90m|[0m time="2026-01-12T16:40:58.435354915Z" level=info msg="Connect containerd service"
[95m35  : [0m[90;2m┆ ┆ [0m[90m[4.5s] [0m[90m|[0m time="2026-01-12T16:40:58.435362457Z" level=info msg="using experimental NRI integration - disable nri plugin to prevent this"
[95m35  : [0m[90;2m┆ ┆ [0m[90m[4.5s] [0m[90m|[0m time="2026-01-12T16:40:58.439383221Z" level=info msg="Start subscribing containerd event"
[95m35  : [0m[90;2m┆ ┆ [0m[90m[4.5s] [0m[90m|[0m time="2026-01-12T16:40:58.439406596Z" level=info msg=serving... address=/run/k3s/containerd/containerd.sock.ttrpc
[95m35  : [0m[90;2m┆ ┆ [0m[90m[4.5s] [0m[90m|[0m time="2026-01-12T16:40:58.439410137Z" level=info msg="Start recovering state"
[95m35  : [0m[90;2m┆ ┆ [0m[90m[4.5s] [0m[90m|[0m time="2026-01-12T16:40:58.439428012Z" level=info msg=serving... address=/run/k3s/containerd/containerd.sock
[95m35  : [0m[90;2m┆ ┆ [0m[90m[4.5s] [0m[90m|[0m time="2026-01-12T16:40:58.439454512Z" level=info msg="Start event monitor"
[95m35  : [0m[90;2m┆ ┆ [0m[90m[4.5s] [0m[90m|[0m time="2026-01-12T16:40:58.439460762Z" level=info msg="Start cni network conf syncer for default"
[95m35  : [0m[90;2m┆ ┆ [0m[90m[4.5s] [0m[90m|[0m time="2026-01-12T16:40:58.439464637Z" level=info msg="Start streaming server"
[95m35  : [0m[90;2m┆ ┆ [0m[90m[4.5s] [0m[90m|[0m time="2026-01-12T16:40:58.439470970Z" level=info msg="Registered namespace \"k8s.io\" with NRI"
[95m35  : [0m[90;2m┆ ┆ [0m[90m[4.5s] [0m[90m|[0m time="2026-01-12T16:40:58.439475512Z" level=info msg="runtime interface starting up..."
[95m35  : [0m[90;2m┆ ┆ [0m[90m[4.5s] [0m[90m|[0m time="2026-01-12T16:40:58.439477553Z" level=info msg="starting plugins..."
[95m35  : [0m[90;2m┆ ┆ [0m[90m[4.5s] [0m[90m|[0m time="2026-01-12T16:40:58.439480803Z" level=info msg="Synchronizing NRI (plugin) with current runtime state"
[95m35  : [0m[90;2m┆ ┆ [0m[90m[4.5s] [0m[90m|[0m time="2026-01-12T16:40:58.439989842Z" level=info msg="containerd successfully booted in 0.013314s"
[95m35  : [0m[90;2m┆ ┆ [0m[90m[5.4s] [0m[90m|[0m time="2026-01-12T16:40:59Z" level=info msg="containerd is now running"
[95m35  : [0m[90;2m┆ ┆ [0m[90m[5.4s] [0m[90m|[0m time="2026-01-12T16:40:59Z" level=debug msg="Image import watcher created"
[95m35  : [0m[90;2m┆ ┆ [0m[90m[5.4s] [0m[90m|[0m time="2026-01-12T16:40:59Z" level=debug msg="Waiting for initial import of images from /var/lib/rancher/k3s/agent/images"
[95m53  : [0m[90;2m┆ [0mContainer.[1masService[0m([36margs: [0m[[33m"nginx"[0m, [33m"-g"[0m, [33m"daemon off;"[0m])[2m: Service![0m
[95m57  : [0m[90;2m┆ ┆ [0mexec nginx -g daemon off;
[95m58  : [0m[90;2m┆ ┆ [0m6443/tcp 80/tcp 443/tcp
[95m58  : [0m[90;2m┆ ┆ [0m[90m[0.0s] [0m[90m|[0m [2m16:40:59[0m [93mWRN[0m port not ready [2mhost=[0m94023rgn1aot8.ej9uc21fikgfa.dagger.local [2merror=[0m"dial tcp 10.87.0.128:6443: connect: connection refused" [2melapsed=[0m189.957µs
[95m58  : [0m[90;2m┆ ┆ [0m6443/tcp 80/tcp 443/tcp[32m DONE[0m[90m [0.1s][0m
[95m58  : [0m[90;2m┆ ┆ [0m[90m[0.1s] [0m[90m|[0m [2m16:40:59[0m [92mINF[0m port is healthy [2mhost=[0m94023rgn1aot8.ej9uc21fikgfa.dagger.local [2mendpoint=[0m10.87.0.128:6443
[95m58  : [0m[90;2m┆ ┆ [0m[90m[0.1s] [0m[90m|[0m [2m16:40:59[0m [92mINF[0m port is healthy [2mhost=[0m94023rgn1aot8.ej9uc21fikgfa.dagger.local [2mendpoint=[0m10.87.0.128:80
[95m58  : [0m[90;2m┆ ┆ [0m[90m[0.1s] [0m[90m|[0m [2m16:40:59[0m [92mINF[0m port is healthy [2mhost=[0m94023rgn1aot8.ej9uc21fikgfa.dagger.local [2mendpoint=[0m10.87.0.128:443
[95m53  : [0m[90;2m┆ ┆ [0mContainer.[1masService[0m[32m DONE[0m[90m [0.2s][0m
[95m53  : [0m[90;2m┆ ┆ [0m[90m[2.4s] [0m[90m|[0m 2026/01/12 16:40:59 [notice] 15#15: using the "epoll" event method
[95m53  : [0m[90;2m┆ ┆ [0m[90m[2.4s] [0m[90m|[0m 2026/01/12 16:40:59 [notice] 15#15: nginx/1.25.3
[95m53  : [0m[90;2m┆ ┆ [0m[90m[2.4s] [0m[90m|[0m 2026/01/12 16:40:59 [notice] 15#15: built by gcc 12.2.0 (Debian 12.2.0-14) 
[95m53  : [0m[90;2m┆ ┆ [0m[90m[2.4s] [0m[90m|[0m 2026/01/12 16:40:59 [notice] 15#15: OS: Linux 6.8.0-64-generic
[95m53  : [0m[90;2m┆ ┆ [0m[90m[2.4s] [0m[90m|[0m 2026/01/12 16:40:59 [notice] 15#15: getrlimit(RLIMIT_NOFILE): 1048576:1048576
[95m53  : [0m[90;2m┆ ┆ [0m[90m[2.4s] [0m[90m|[0m 2026/01/12 16:40:59 [notice] 15#15: start worker processes
[95m53  : [0m[90;2m┆ ┆ [0m[90m[2.4s] [0m[90m|[0m 2026/01/12 16:40:59 [notice] 15#15: start worker process 16
[95m53  : [0m[90;2m┆ ┆ [0m[90m[2.4s] [0m[90m|[0m 2026/01/12 16:40:59 [notice] 15#15: start worker process 17
[95m53  : [0m[90;2m┆ ┆ [0m[90m[2.4s] [0m[90m|[0m 2026/01/12 16:40:59 [notice] 15#15: start worker process 18
[95m53  : [0m[90;2m┆ ┆ [0m[90m[2.4s] [0m[90m|[0m 2026/01/12 16:40:59 [notice] 15#15: start worker process 19

[95m54  : [0m[90;2m[0mService.[1mup[0m([36mports: [0m[{frontend: [31m6443[0m, backend: [31m6443[0m, protocol: [33mTCP[0m}, {frontend: [31m80[0m, backend: [31m80[0m, protocol: [33mTCP[0m}, {frontend: [31m443[0m, backend: [31m443[0m, protocol: [33mTCP[0m}])[2m: Void[0m
[95m54  : [0m[90;2m[0m[90m[2.2s] [0m[90m|[0m [2m16:40:59[0m [92mINF[0m tunnel started [2mport=[0m6443 [2mprotocol=[0mtcp [2mhttp_url=[0mhttp://localhost:6443 [2mdescription=[0m"tunnel 0.0.0.0:6443 -> 94023rgn1aot8.ej9uc21fikgfa.dagger.local:6443"
[95m54  : [0m[90;2m[0m[90m[2.2s] [0m[90m|[0m [2m16:40:59[0m [92mINF[0m tunnel started [2mport=[0m80 [2mprotocol=[0mtcp [2mhttp_url=[0mhttp://localhost:80 [2mdescription=[0m"tunnel 0.0.0.0:80 -> 94023rgn1aot8.ej9uc21fikgfa.dagger.local:80"
[95m54  : [0m[90;2m[0m[90m[2.2s] [0m[90m|[0m [2m16:40:59[0m [92mINF[0m tunnel started [2mport=[0m443 [2mprotocol=[0mtcp [2mhttps_url=[0mhttps://localhost:443 [2mdescription=[0m"tunnel 0.0.0.0:443 -> 94023rgn1aot8.ej9uc21fikgfa.dagger.local:443"

[95m16  : [0m[90;2m[0m[35mToolboxKns[0m.[1mgateway[0m[2m: Service![0m
[95m34  : [0m[90;2m┆ [0m[35mK3S[0m.[1mserver[0m[2m: Service![0m
[95m35  : [0m[90;2m┆ ┆ [0mContainer.[1masService[0m[32m DONE[0m[90m [2.7s][0m
[95m35  : [0m[90;2m┆ ┆ [0m[90m[6.4s] [0m[90m|[0m time="2026-01-12T16:41:00Z" level=debug msg="Polling for API server readiness: GET /readyz failed: status unchanged"
[95m35  : [0m[90;2m┆ ┆ [0m[90m[7.4s] [0m[90m|[0m time="2026-01-12T16:41:01Z" level=debug msg="Starting k3s-cert-monitor with monitoring period 30m0s"
[95m35  : [0m[90;2m┆ ┆ [0m[90m[7.4s] [0m[90m|[0m time="2026-01-12T16:41:01Z" level=info msg="Connecting to proxy" url="wss://10.87.0.127:6443/v1-k3s/connect"
[95m35  : [0m[90;2m┆ ┆ [0m[90m[7.4s] [0m[90m|[0m time="2026-01-12T16:41:01Z" level=info msg="Creating k3s-cert-monitor event broadcaster"
[95m35  : [0m[90;2m┆ ┆ [0m[90m[7.4s] [0m[90m|[0m time="2026-01-12T16:41:01Z" level=debug msg="Kubelet image credential provider bin directory check failed: stat /var/lib/rancher/credentialprovider/bin: no such file or directory"
[95m35  : [0m[90;2m┆ ┆ [0m[90m[7.4s] [0m[90m|[0m time="2026-01-12T16:41:01Z" level=info msg="Running kubelet --cloud-provider=external --config-dir=/var/lib/rancher/k3s/agent/etc/kubelet.conf.d --containerd=/run/k3s/containerd/containerd.sock --hostname-override=fimkh6jhc3bci.ej9uc21fikgfa.dagger.local --kubeconfig=/var/lib/rancher/k3s/agent/kubelet.kubeconfig --node-ip=10.87.0.127 --node-labels= --read-only-port=0 --runtime-cgroups=/k3s"
[95m35  : [0m[90;2m┆ ┆ [0m[90m[7.4s] [0m[90m|[0m time="2026-01-12T16:41:01Z" level=info msg="Saving cluster bootstrap data to datastore"
[95m35  : [0m[90;2m┆ ┆ [0m[90m[7.4s] [0m[90m|[0m time="2026-01-12T16:41:01Z" level=info msg="Connection to etcd is ready"
[95m35  : [0m[90;2m┆ ┆ [0m[90m[7.4s] [0m[90m|[0m time="2026-01-12T16:41:01Z" level=info msg="ETCD server is now running"
[95m35  : [0m[90;2m┆ ┆ [0m[90m[7.4s] [0m[90m|[0m time="2026-01-12T16:41:01Z" level=debug msg="Tunnel server handing HTTP/1.1 GET request for /v1-k3s/connect from 10.87.0.127:41162"
[95m35  : [0m[90;2m┆ ┆ [0m[90m[7.4s] [0m[90m|[0m time="2026-01-12T16:41:01Z" level=info msg="Handling backend connection request [fimkh6jhc3bci.ej9uc21fikgfa.dagger.local]"
[95m35  : [0m[90;2m┆ ┆ [0m[90m[7.4s] [0m[90m|[0m time="2026-01-12T16:41:01Z" level=info msg="Remotedialer connected to proxy" url="wss://10.87.0.127:6443/v1-k3s/connect"
[95m35  : [0m[90;2m┆ ┆ [0m[90m[7.4s] [0m[90m|[0m time="2026-01-12T16:41:01Z" level=info msg="Connected to proxy" url="wss://10.87.0.127:6443/v1-k3s/connect"
[95m35  : [0m[90;2m┆ ┆ [0m[90m[7.4s] [0m[90m|[0m time="2026-01-12T16:41:01Z" level=info msg="Cluster-Http-Server 2026/01/12 16:41:01 http: TLS handshake error from 10.87.0.127:41164: remote error: tls: bad certificate"
[95m35  : [0m[90;2m┆ ┆ [0m[90m[7.4s] [0m[90m|[0m time="2026-01-12T16:41:01Z" level=info msg="Running kube-apiserver --advertise-port=6443 --allow-privileged=true --anonymous-auth=false --api-audiences=https://kubernetes.default.svc.cluster.local,k3s --authorization-mode=Node,RBAC --bind-address=127.0.0.1 --cert-dir=/var/lib/rancher/k3s/server/tls/temporary-certs --client-ca-file=/var/lib/rancher/k3s/server/tls/client-ca.crt --enable-admission-plugins=NodeRestriction --enable-bootstrap-token-auth=true --etcd-servers=unix://kine.sock --kubelet-certificate-authority=/var/lib/rancher/k3s/server/tls/server-ca.crt --kubelet-client-certificate=/var/lib/rancher/k3s/server/tls/client-kube-apiserver.crt --kubelet-client-key=/var/lib/rancher/k3s/server/tls/client-kube-apiserver.key --kubelet-preferred-address-types=InternalIP,ExternalIP,Hostname --profiling=false --proxy-client-cert-file=/var/lib/rancher/k3s/server/tls/client-auth-proxy.crt --proxy-client-key-file=/var/lib/rancher/k3s/server/tls/client-auth-proxy.key --requestheader-allowed-names=system:auth-proxy --requestheader-client-ca-file=/var/lib/rancher/k3s/server/tls/request-header-ca.crt --requestheader-extra-headers-prefix=X-Remote-Extra- --requestheader-group-headers=X-Remote-Group --requestheader-username-headers=X-Remote-User --secure-port=6444 --service-account-issuer=https://kubernetes.default.svc.cluster.local --service-account-key-file=/var/lib/rancher/k3s/server/tls/service.key --service-account-signing-key-file=/var/lib/rancher/k3s/server/tls/service.current.key --service-cluster-ip-range=10.43.0.0/16 --service-node-port-range=30000-32767 --storage-backend=etcd3 --tls-cert-file=/var/lib/rancher/k3s/server/tls/serving-kube-apiserver.crt --tls-cipher-suites=TLS_ECDHE_ECDSA_WITH_AES_256_GCM_SHA384,TLS_ECDHE_RSA_WITH_AES_256_GCM_SHA384,TLS_ECDHE_ECDSA_WITH_AES_128_GCM_SHA256,TLS_ECDHE_RSA_WITH_AES_128_GCM_SHA256,TLS_ECDHE_ECDSA_WITH_CHACHA20_POLY1305,TLS_ECDHE_RSA_WITH_CHACHA20_POLY1305 --tls-private-key-file=/var/lib/rancher/k3s/server/tls/serving-kube-apiserver.key"
[95m35  : [0m[90;2m┆ ┆ [0m[90m[7.5s] [0m[90m|[0m time="2026-01-12T16:41:01Z" level=info msg="Running kube-scheduler --authentication-kubeconfig=/var/lib/rancher/k3s/server/cred/scheduler.kubeconfig --authorization-kubeconfig=/var/lib/rancher/k3s/server/cred/scheduler.kubeconfig --bind-address=127.0.0.1 --kubeconfig=/var/lib/rancher/k3s/server/cred/scheduler.kubeconfig --leader-elect=false --profiling=false --secure-port=10259 --tls-cert-file=/var/lib/rancher/k3s/server/tls/kube-scheduler/kube-scheduler.crt --tls-private-key-file=/var/lib/rancher/k3s/server/tls/kube-scheduler/kube-scheduler.key"
[95m35  : [0m[90;2m┆ ┆ [0m[90m[7.5s] [0m[90m|[0m time="2026-01-12T16:41:01Z" level=info msg="Running kube-controller-manager --allocate-node-cidrs=true --authentication-kubeconfig=/var/lib/rancher/k3s/server/cred/controller.kubeconfig --authorization-kubeconfig=/var/lib/rancher/k3s/server/cred/controller.kubeconfig --bind-address=127.0.0.1 --cluster-cidr=10.42.0.0/16 --cluster-signing-kube-apiserver-client-cert-file=/var/lib/rancher/k3s/server/tls/client-ca.nochain.crt --cluster-signing-kube-apiserver-client-key-file=/var/lib/rancher/k3s/server/tls/client-ca.key --cluster-signing-kubelet-client-cert-file=/var/lib/rancher/k3s/server/tls/client-ca.nochain.crt --cluster-signing-kubelet-client-key-file=/var/lib/rancher/k3s/server/tls/client-ca.key --cluster-signing-kubelet-serving-cert-file=/var/lib/rancher/k3s/server/tls/server-ca.nochain.crt --cluster-signing-kubelet-serving-key-file=/var/lib/rancher/k3s/server/tls/server-ca.key --cluster-signing-legacy-unknown-cert-file=/var/lib/rancher/k3s/server/tls/server-ca.nochain.crt --cluster-signing-legacy-unknown-key-file=/var/lib/rancher/k3s/server/tls/server-ca.key --configure-cloud-routes=false --controllers=*,tokencleaner,-service,-route,-cloud-node-lifecycle --kubeconfig=/var/lib/rancher/k3s/server/cred/controller.kubeconfig --leader-elect=false --profiling=false --root-ca-file=/var/lib/rancher/k3s/server/tls/server-ca.crt --secure-port=10257 --service-account-private-key-file=/var/lib/rancher/k3s/server/tls/service.current.key --service-cluster-ip-range=10.43.0.0/16 --tls-cert-file=/var/lib/rancher/k3s/server/tls/kube-controller-manager/kube-controller-manager.crt --tls-private-key-file=/var/lib/rancher/k3s/server/tls/kube-controller-manager/kube-controller-manager.key --use-service-account-credentials=true"
[95m35  : [0m[90;2m┆ ┆ [0m[90m[7.5s] [0m[90m|[0m I0112 16:41:01.412965      14 options.go:263] external host was not specified, using 10.87.0.127
[95m35  : [0m[90;2m┆ ┆ [0m[90m[7.5s] [0m[90m|[0m I0112 16:41:01.412995      14 options.go:305] unable to set WatchListClient feature gate, err: cannot override default for feature "WatchListClient": gates already added to a flag set
[95m35  : [0m[90;2m┆ ┆ [0m[90m[7.5s] [0m[90m|[0m time="2026-01-12T16:41:01Z" level=info msg="Running cloud-controller-manager --allocate-node-cidrs=true --authentication-kubeconfig=/var/lib/rancher/k3s/server/cred/cloud-controller.kubeconfig --authorization-kubeconfig=/var/lib/rancher/k3s/server/cred/cloud-controller.kubeconfig --bind-address=127.0.0.1 --cloud-config=/var/lib/rancher/k3s/server/etc/cloud-config.yaml --cloud-provider=k3s --cluster-cidr=10.42.0.0/16 --configure-cloud-routes=false --controllers=*,-route --kubeconfig=/var/lib/rancher/k3s/server/cred/cloud-controller.kubeconfig --leader-elect=false --leader-elect-resource-name=k3s-cloud-controller-manager --node-status-update-frequency=1m0s --profiling=false"
[95m35  : [0m[90;2m┆ ┆ [0m[90m[7.5s] [0m[90m|[0m time="2026-01-12T16:41:01Z" level=info msg="Server node token is available at /var/lib/rancher/k3s/server/token"
[95m35  : [0m[90;2m┆ ┆ [0m[90m[7.5s] [0m[90m|[0m time="2026-01-12T16:41:01Z" level=info msg="To join server node to cluster: k3s server -s https://10.87.0.127:6443 -t ${SERVER_NODE_TOKEN}"
[95m35  : [0m[90;2m┆ ┆ [0m[90m[7.5s] [0m[90m|[0m time="2026-01-12T16:41:01Z" level=info msg="Agent node token is available at /var/lib/rancher/k3s/server/agent-token"
[95m35  : [0m[90;2m┆ ┆ [0m[90m[7.5s] [0m[90m|[0m time="2026-01-12T16:41:01Z" level=info msg="To join agent node to cluster: k3s agent -s https://10.87.0.127:6443 -t ${AGENT_NODE_TOKEN}"
[95m35  : [0m[90;2m┆ ┆ [0m[90m[7.5s] [0m[90m|[0m time="2026-01-12T16:41:01Z" level=info msg="Wrote kubeconfig /etc/rancher/k3s/k3s.yaml"
[95m35  : [0m[90;2m┆ ┆ [0m[90m[7.5s] [0m[90m|[0m time="2026-01-12T16:41:01Z" level=info msg="Run: k3s kubectl"
[95m35  : [0m[90;2m┆ ┆ [0m[90m[7.5s] [0m[90m|[0m I0112 16:41:01.415531      14 server.go:158] Version: v1.34.1+k3s1
[95m35  : [0m[90;2m┆ ┆ [0m[90m[7.5s] [0m[90m|[0m I0112 16:41:01.415603      14 server.go:160] "Golang settings" GOGC="" GOMAXPROCS="" GOTRACEBACK=""
[95m35  : [0m[90;2m┆ ┆ [0m[90m[7.5s] [0m[90m|[0m time="2026-01-12T16:41:01Z" level=error msg="Sending HTTP/1.1 503 response to 10.87.0.127:41190: runtime core not ready"
[95m35  : [0m[90;2m┆ ┆ [0m[90m[7.6s] [0m[90m|[0m time="2026-01-12T16:41:01Z" level=info msg="Running kube-proxy --cluster-cidr=10.42.0.0/16 --conntrack-max-per-core=0 --conntrack-tcp-timeout-close-wait=0s --conntrack-tcp-timeout-established=0s --healthz-bind-address=127.0.0.1 --hostname-override=fimkh6jhc3bci.ej9uc21fikgfa.dagger.local --kubeconfig=/var/lib/rancher/k3s/agent/kubeproxy.kubeconfig --proxy-mode=iptables"
[95m35  : [0m[90;2m┆ ┆ [0m[90m[7.6s] [0m[90m|[0m W0112 16:41:01.558842      14 api_enablement.go:112] alpha api enabled with emulated version 1.34 instead of the binary's version 1.34.1+k3s1, this is unsupported, proceed at your own risk: api=scheduling.k8s.io/v1alpha1
[95m35  : [0m[90;2m┆ ┆ [0m[90m[7.6s] [0m[90m|[0m W0112 16:41:01.558853      14 api_enablement.go:112] alpha api enabled with emulated version 1.34 instead of the binary's version 1.34.1+k3s1, this is unsupported, proceed at your own risk: api=internal.apiserver.k8s.io/v1alpha1
[95m35  : [0m[90;2m┆ ┆ [0m[90m[7.6s] [0m[90m|[0m W0112 16:41:01.558855      14 api_enablement.go:112] alpha api enabled with emulated version 1.34 instead of the binary's version 1.34.1+k3s1, this is unsupported, proceed at your own risk: api=authentication.k8s.io/v1alpha1
[95m35  : [0m[90;2m┆ ┆ [0m[90m[7.6s] [0m[90m|[0m W0112 16:41:01.558856      14 api_enablement.go:112] alpha api enabled with emulated version 1.34 instead of the binary's version 1.34.1+k3s1, this is unsupported, proceed at your own risk: api=resource.k8s.io/v1alpha3
[95m35  : [0m[90;2m┆ ┆ [0m[90m[7.6s] [0m[90m|[0m W0112 16:41:01.558857      14 api_enablement.go:112] alpha api enabled with emulated version 1.34 instead of the binary's version 1.34.1+k3s1, this is unsupported, proceed at your own risk: api=coordination.k8s.io/v1alpha2
[95m35  : [0m[90;2m┆ ┆ [0m[90m[7.6s] [0m[90m|[0m W0112 16:41:01.558858      14 api_enablement.go:112] alpha api enabled with emulated version 1.34 instead of the binary's version 1.34.1+k3s1, this is unsupported, proceed at your own risk: api=certificates.k8s.io/v1alpha1
[95m35  : [0m[90;2m┆ ┆ [0m[90m[7.6s] [0m[90m|[0m W0112 16:41:01.558859      14 api_enablement.go:112] alpha api enabled with emulated version 1.34 instead of the binary's version 1.34.1+k3s1, this is unsupported, proceed at your own risk: api=rbac.authorization.k8s.io/v1alpha1
[95m35  : [0m[90;2m┆ ┆ [0m[90m[7.6s] [0m[90m|[0m W0112 16:41:01.558861      14 api_enablement.go:112] alpha api enabled with emulated version 1.34 instead of the binary's version 1.34.1+k3s1, this is unsupported, proceed at your own risk: api=storagemigration.k8s.io/v1alpha1
[95m35  : [0m[90;2m┆ ┆ [0m[90m[7.6s] [0m[90m|[0m W0112 16:41:01.558862      14 api_enablement.go:112] alpha api enabled with emulated version 1.34 instead of the binary's version 1.34.1+k3s1, this is unsupported, proceed at your own risk: api=storage.k8s.io/v1alpha1
[95m35  : [0m[90;2m┆ ┆ [0m[90m[7.6s] [0m[90m|[0m W0112 16:41:01.558863      14 api_enablement.go:112] alpha api enabled with emulated version 1.34 instead of the binary's version 1.34.1+k3s1, this is unsupported, proceed at your own risk: api=imagepolicy.k8s.io/v1alpha1
[95m35  : [0m[90;2m┆ ┆ [0m[90m[7.6s] [0m[90m|[0m W0112 16:41:01.558865      14 api_enablement.go:112] alpha api enabled with emulated version 1.34 instead of the binary's version 1.34.1+k3s1, this is unsupported, proceed at your own risk: api=admissionregistration.k8s.io/v1alpha1
[95m35  : [0m[90;2m┆ ┆ [0m[90m[7.6s] [0m[90m|[0m W0112 16:41:01.558866      14 api_enablement.go:112] alpha api enabled with emulated version 1.34 instead of the binary's version 1.34.1+k3s1, this is unsupported, proceed at your own risk: api=node.k8s.io/v1alpha1
[95m35  : [0m[90;2m┆ ┆ [0m[90m[7.6s] [0m[90m|[0m I0112 16:41:01.563610      14 shared_informer.go:349] "Waiting for caches to sync" controller="node_authorizer"
[95m35  : [0m[90;2m┆ ┆ [0m[90m[7.6s] [0m[90m|[0m I0112 16:41:01.567097      14 shared_informer.go:349] "Waiting for caches to sync" controller="*generic.policySource[*k8s.io/api/admissionregistration/v1.ValidatingAdmissionPolicy,*k8s.io/api/admissionregistration/v1.ValidatingAdmissionPolicyBinding,k8s.io/apiserver/pkg/admission/plugin/policy/validating.Validator]"
[95m35  : [0m[90;2m┆ ┆ [0m[90m[7.6s] [0m[90m|[0m I0112 16:41:01.569599      14 plugins.go:157] Loaded 14 mutating admission controller(s) successfully in the following order: NamespaceLifecycle,LimitRanger,ServiceAccount,NodeRestriction,TaintNodesByCondition,Priority,DefaultTolerationSeconds,DefaultStorageClass,StorageObjectInUseProtection,RuntimeClass,DefaultIngressClass,PodTopologyLabels,MutatingAdmissionPolicy,MutatingAdmissionWebhook.
[95m35  : [0m[90;2m┆ ┆ [0m[90m[7.6s] [0m[90m|[0m I0112 16:41:01.569610      14 plugins.go:160] Loaded 13 validating admission controller(s) successfully in the following order: LimitRanger,ServiceAccount,PodSecurity,Priority,PersistentVolumeClaimResize,RuntimeClass,CertificateApproval,CertificateSigning,ClusterTrustBundleAttest,CertificateSubjectRestriction,ValidatingAdmissionPolicy,ValidatingAdmissionWebhook,ResourceQuota.
[95m35  : [0m[90;2m┆ ┆ [0m[90m[7.6s] [0m[90m|[0m I0112 16:41:01.569795      14 instance.go:239] Using reconciler: lease
[95m35  : [0m[90;2m┆ ┆ [0m[90m[7.6s] [0m[90m|[0m I0112 16:41:01.572158      14 handler.go:285] Adding GroupVersion apiextensions.k8s.io v1 to ResourceManager
[95m35  : [0m[90;2m┆ ┆ [0m[90m[7.6s] [0m[90m|[0m W0112 16:41:01.572168      14 genericapiserver.go:784] Skipping API apiextensions.k8s.io/v1beta1 because it has no resources.
[95m35  : [0m[90;2m┆ ┆ [0m[90m[7.6s] [0m[90m|[0m I0112 16:41:01.573530      14 cidrallocator.go:197] starting ServiceCIDR Allocator Controller
[95m35  : [0m[90;2m┆ ┆ [0m[90m[7.6s] [0m[90m|[0m I0112 16:41:01.601191      14 handler.go:285] Adding GroupVersion  v1 to ResourceManager
[95m35  : [0m[90;2m┆ ┆ [0m[90m[7.6s] [0m[90m|[0m I0112 16:41:01.601269      14 apis.go:112] API group "internal.apiserver.k8s.io" is not enabled, skipping.
[95m35  : [0m[90;2m┆ ┆ [0m[90m[7.7s] [0m[90m|[0m I0112 16:41:01.617035      14 apis.go:112] API group "storagemigration.k8s.io" is not enabled, skipping.
[95m35  : [0m[90;2m┆ ┆ [0m[90m[7.7s] [0m[90m|[0m I0112 16:41:01.633578      14 handler.go:285] Adding GroupVersion authentication.k8s.io v1 to ResourceManager
[95m35  : [0m[90;2m┆ ┆ [0m[90m[7.7s] [0m[90m|[0m W0112 16:41:01.633587      14 genericapiserver.go:784] Skipping API authentication.k8s.io/v1beta1 because it has no resources.
[95m35  : [0m[90;2m┆ ┆ [0m[90m[7.7s] [0m[90m|[0m W0112 16:41:01.633589      14 genericapiserver.go:784] Skipping API authentication.k8s.io/v1alpha1 because it has no resources.
[95m35  : [0m[90;2m┆ ┆ [0m[90m[7.7s] [0m[90m|[0m I0112 16:41:01.633708      14 handler.go:285] Adding GroupVersion authorization.k8s.io v1 to ResourceManager
[95m35  : [0m[90;2m┆ ┆ [0m[90m[7.7s] [0m[90m|[0m W0112 16:41:01.633714      14 genericapiserver.go:784] Skipping API authorization.k8s.io/v1beta1 because it has no resources.
[95m35  : [0m[90;2m┆ ┆ [0m[90m[7.7s] [0m[90m|[0m I0112 16:41:01.633914      14 handler.go:285] Adding GroupVersion autoscaling v2 to ResourceManager
[95m35  : [0m[90;2m┆ ┆ [0m[90m[7.7s] [0m[90m|[0m I0112 16:41:01.634085      14 handler.go:285] Adding GroupVersion autoscaling v1 to ResourceManager
[95m35  : [0m[90;2m┆ ┆ [0m[90m[7.7s] [0m[90m|[0m W0112 16:41:01.634090      14 genericapiserver.go:784] Skipping API autoscaling/v2beta1 because it has no resources.
[95m35  : [0m[90;2m┆ ┆ [0m[90m[7.7s] [0m[90m|[0m W0112 16:41:01.634092      14 genericapiserver.go:784] Skipping API autoscaling/v2beta2 because it has no resources.
[95m35  : [0m[90;2m┆ ┆ [0m[90m[7.7s] [0m[90m|[0m I0112 16:41:01.634434      14 handler.go:285] Adding GroupVersion batch v1 to ResourceManager
[95m35  : [0m[90;2m┆ ┆ [0m[90m[7.7s] [0m[90m|[0m W0112 16:41:01.634439      14 genericapiserver.go:784] Skipping API batch/v1beta1 because it has no resources.
[95m35  : [0m[90;2m┆ ┆ [0m[90m[7.7s] [0m[90m|[0m I0112 16:41:01.634643      14 handler.go:285] Adding GroupVersion certificates.k8s.io v1 to ResourceManager
[95m35  : [0m[90;2m┆ ┆ [0m[90m[7.7s] [0m[90m|[0m W0112 16:41:01.634651      14 genericapiserver.go:784] Skipping API certificates.k8s.io/v1beta1 because it has no resources.
[95m35  : [0m[90;2m┆ ┆ [0m[90m[7.7s] [0m[90m|[0m W0112 16:41:01.634652      14 genericapiserver.go:784] Skipping API certificates.k8s.io/v1alpha1 because it has no resources.
[95m35  : [0m[90;2m┆ ┆ [0m[90m[7.7s] [0m[90m|[0m I0112 16:41:01.634782      14 handler.go:285] Adding GroupVersion coordination.k8s.io v1 to ResourceManager
[95m35  : [0m[90;2m┆ ┆ [0m[90m[7.7s] [0m[90m|[0m W0112 16:41:01.634788      14 genericapiserver.go:784] Skipping API coordination.k8s.io/v1beta1 because it has no resources.
[95m35  : [0m[90;2m┆ ┆ [0m[90m[7.7s] [0m[90m|[0m W0112 16:41:01.634790      14 genericapiserver.go:784] Skipping API coordination.k8s.io/v1alpha2 because it has no resources.
[95m35  : [0m[90;2m┆ ┆ [0m[90m[7.7s] [0m[90m|[0m I0112 16:41:01.634930      14 handler.go:285] Adding GroupVersion discovery.k8s.io v1 to ResourceManager
[95m35  : [0m[90;2m┆ ┆ [0m[90m[7.7s] [0m[90m|[0m W0112 16:41:01.634936      14 genericapiserver.go:784] Skipping API discovery.k8s.io/v1beta1 because it has no resources.
[95m35  : [0m[90;2m┆ ┆ [0m[90m[7.7s] [0m[90m|[0m I0112 16:41:01.635523      14 handler.go:285] Adding GroupVersion networking.k8s.io v1 to ResourceManager
[95m35  : [0m[90;2m┆ ┆ [0m[90m[7.7s] [0m[90m|[0m W0112 16:41:01.635529      14 genericapiserver.go:784] Skipping API networking.k8s.io/v1beta1 because it has no resources.
[95m35  : [0m[90;2m┆ ┆ [0m[90m[7.7s] [0m[90m|[0m I0112 16:41:01.635644      14 handler.go:285] Adding GroupVersion node.k8s.io v1 to ResourceManager
[95m35  : [0m[90;2m┆ ┆ [0m[90m[7.7s] [0m[90m|[0m W0112 16:41:01.635651      14 genericapiserver.go:784] Skipping API node.k8s.io/v1beta1 because it has no resources.
[95m35  : [0m[90;2m┆ ┆ [0m[90m[7.7s] [0m[90m|[0m W0112 16:41:01.635653      14 genericapiserver.go:784] Skipping API node.k8s.io/v1alpha1 because it has no resources.
[95m35  : [0m[90;2m┆ ┆ [0m[90m[7.7s] [0m[90m|[0m I0112 16:41:01.635951      14 handler.go:285] Adding GroupVersion policy v1 to ResourceManager
[95m35  : [0m[90;2m┆ ┆ [0m[90m[7.7s] [0m[90m|[0m W0112 16:41:01.635956      14 genericapiserver.go:784] Skipping API policy/v1beta1 because it has no resources.
[95m35  : [0m[90;2m┆ ┆ [0m[90m[7.7s] [0m[90m|[0m I0112 16:41:01.636592      14 handler.go:285] Adding GroupVersion rbac.authorization.k8s.io v1 to ResourceManager
[95m35  : [0m[90;2m┆ ┆ [0m[90m[7.7s] [0m[90m|[0m W0112 16:41:01.636598      14 genericapiserver.go:784] Skipping API rbac.authorization.k8s.io/v1beta1 because it has no resources.
[95m35  : [0m[90;2m┆ ┆ [0m[90m[7.7s] [0m[90m|[0m W0112 16:41:01.636600      14 genericapiserver.go:784] Skipping API rbac.authorization.k8s.io/v1alpha1 because it has no resources.
[95m35  : [0m[90;2m┆ ┆ [0m[90m[7.7s] [0m[90m|[0m I0112 16:41:01.636796      14 handler.go:285] Adding GroupVersion scheduling.k8s.io v1 to ResourceManager
[95m35  : [0m[90;2m┆ ┆ [0m[90m[7.7s] [0m[90m|[0m W0112 16:41:01.636801      14 genericapiserver.go:784] Skipping API scheduling.k8s.io/v1beta1 because it has no resources.
[95m35  : [0m[90;2m┆ ┆ [0m[90m[7.7s] [0m[90m|[0m W0112 16:41:01.636802      14 genericapiserver.go:784] Skipping API scheduling.k8s.io/v1alpha1 because it has no resources.
[95m35  : [0m[90;2m┆ ┆ [0m[90m[7.7s] [0m[90m|[0m I0112 16:41:01.637501      14 handler.go:285] Adding GroupVersion storage.k8s.io v1 to ResourceManager
[95m35  : [0m[90;2m┆ ┆ [0m[90m[7.7s] [0m[90m|[0m W0112 16:41:01.637510      14 genericapiserver.go:784] Skipping API storage.k8s.io/v1beta1 because it has no resources.
[95m35  : [0m[90;2m┆ ┆ [0m[90m[7.7s] [0m[90m|[0m W0112 16:41:01.637512      14 genericapiserver.go:784] Skipping API storage.k8s.io/v1alpha1 because it has no resources.
[95m35  : [0m[90;2m┆ ┆ [0m[90m[7.7s] [0m[90m|[0m I0112 16:41:01.637914      14 handler.go:285] Adding GroupVersion flowcontrol.apiserver.k8s.io v1 to ResourceManager
[95m35  : [0m[90;2m┆ ┆ [0m[90m[7.7s] [0m[90m|[0m W0112 16:41:01.637920      14 genericapiserver.go:784] Skipping API flowcontrol.apiserver.k8s.io/v1beta3 because it has no resources.
[95m35  : [0m[90;2m┆ ┆ [0m[90m[7.7s] [0m[90m|[0m W0112 16:41:01.637921      14 genericapiserver.go:784] Skipping API flowcontrol.apiserver.k8s.io/v1beta2 because it has no resources.
[95m35  : [0m[90;2m┆ ┆ [0m[90m[7.7s] [0m[90m|[0m W0112 16:41:01.637922      14 genericapiserver.go:784] Skipping API flowcontrol.apiserver.k8s.io/v1beta1 because it has no resources.
[95m35  : [0m[90;2m┆ ┆ [0m[90m[7.7s] [0m[90m|[0m I0112 16:41:01.639484      14 handler.go:285] Adding GroupVersion apps v1 to ResourceManager
[95m35  : [0m[90;2m┆ ┆ [0m[90m[7.7s] [0m[90m|[0m W0112 16:41:01.639492      14 genericapiserver.go:784] Skipping API apps/v1beta2 because it has no resources.
[95m35  : [0m[90;2m┆ ┆ [0m[90m[7.7s] [0m[90m|[0m W0112 16:41:01.639493      14 genericapiserver.go:784] Skipping API apps/v1beta1 because it has no resources.
[95m35  : [0m[90;2m┆ ┆ [0m[90m[7.7s] [0m[90m|[0m I0112 16:41:01.640527      14 handler.go:285] Adding GroupVersion admissionregistration.k8s.io v1 to ResourceManager
[95m35  : [0m[90;2m┆ ┆ [0m[90m[7.7s] [0m[90m|[0m W0112 16:41:01.640533      14 genericapiserver.go:784] Skipping API admissionregistration.k8s.io/v1beta1 because it has no resources.
[95m35  : [0m[90;2m┆ ┆ [0m[90m[7.7s] [0m[90m|[0m W0112 16:41:01.640534      14 genericapiserver.go:784] Skipping API admissionregistration.k8s.io/v1alpha1 because it has no resources.
[95m35  : [0m[90;2m┆ ┆ [0m[90m[7.7s] [0m[90m|[0m I0112 16:41:01.640789      14 handler.go:285] Adding GroupVersion events.k8s.io v1 to ResourceManager
[95m35  : [0m[90;2m┆ ┆ [0m[90m[7.7s] [0m[90m|[0m W0112 16:41:01.640795      14 genericapiserver.go:784] Skipping API events.k8s.io/v1beta1 because it has no resources.
[95m35  : [0m[90;2m┆ ┆ [0m[90m[7.7s] [0m[90m|[0m W0112 16:41:01.640830      14 genericapiserver.go:784] Skipping API resource.k8s.io/v1beta2 because it has no resources.
[95m35  : [0m[90;2m┆ ┆ [0m[90m[7.7s] [0m[90m|[0m I0112 16:41:01.641327      14 handler.go:285] Adding GroupVersion resource.k8s.io v1 to ResourceManager
[95m35  : [0m[90;2m┆ ┆ [0m[90m[7.7s] [0m[90m|[0m W0112 16:41:01.641337      14 genericapiserver.go:784] Skipping API resource.k8s.io/v1beta1 because it has no resources.
[95m35  : [0m[90;2m┆ ┆ [0m[90m[7.7s] [0m[90m|[0m W0112 16:41:01.641338      14 genericapiserver.go:784] Skipping API resource.k8s.io/v1alpha3 because it has no resources.
[95m35  : [0m[90;2m┆ ┆ [0m[90m[7.7s] [0m[90m|[0m I0112 16:41:01.642306      14 handler.go:285] Adding GroupVersion apiregistration.k8s.io v1 to ResourceManager
[95m35  : [0m[90;2m┆ ┆ [0m[90m[7.7s] [0m[90m|[0m W0112 16:41:01.642312      14 genericapiserver.go:784] Skipping API apiregistration.k8s.io/v1beta1 because it has no resources.
[95m35  : [0m[90;2m┆ ┆ [0m[90m[7.8s] [0m[90m|[0m I0112 16:41:01.755452      14 dynamic_cafile_content.go:161] "Starting controller" name="request-header::/var/lib/rancher/k3s/server/tls/request-header-ca.crt"
[95m35  : [0m[90;2m┆ ┆ [0m[90m[7.8s] [0m[90m|[0m I0112 16:41:01.755453      14 dynamic_cafile_content.go:161] "Starting controller" name="client-ca-bundle::/var/lib/rancher/k3s/server/tls/client-ca.crt"
[95m35  : [0m[90;2m┆ ┆ [0m[90m[7.8s] [0m[90m|[0m I0112 16:41:01.755638      14 secure_serving.go:211] Serving securely on 127.0.0.1:6444
[95m35  : [0m[90;2m┆ ┆ [0m[90m[7.8s] [0m[90m|[0m I0112 16:41:01.755653      14 dynamic_serving_content.go:135] "Starting controller" name="serving-cert::/var/lib/rancher/k3s/server/tls/serving-kube-apiserver.crt::/var/lib/rancher/k3s/server/tls/serving-kube-apiserver.key"
[95m35  : [0m[90;2m┆ ┆ [0m[90m[7.8s] [0m[90m|[0m I0112 16:41:01.755674      14 controller.go:78] Starting OpenAPI AggregationController
[95m35  : [0m[90;2m┆ ┆ [0m[90m[7.8s] [0m[90m|[0m I0112 16:41:01.755676      14 controller.go:80] Starting OpenAPI V3 AggregationController
[95m35  : [0m[90;2m┆ ┆ [0m[90m[7.8s] [0m[90m|[0m I0112 16:41:01.755699      14 tlsconfig.go:243] "Starting DynamicServingCertificateController"
[95m35  : [0m[90;2m┆ ┆ [0m[90m[7.8s] [0m[90m|[0m I0112 16:41:01.755699      14 apiservice_controller.go:100] Starting APIServiceRegistrationController
[95m35  : [0m[90;2m┆ ┆ [0m[90m[7.8s] [0m[90m|[0m I0112 16:41:01.755702      14 cache.go:32] Waiting for caches to sync for APIServiceRegistrationController controller
[95m35  : [0m[90;2m┆ ┆ [0m[90m[7.8s] [0m[90m|[0m I0112 16:41:01.755718      14 customresource_discovery_controller.go:294] Starting DiscoveryController
[95m35  : [0m[90;2m┆ ┆ [0m[90m[7.8s] [0m[90m|[0m I0112 16:41:01.755728      14 system_namespaces_controller.go:66] Starting system namespaces controller
[95m35  : [0m[90;2m┆ ┆ [0m[90m[7.8s] [0m[90m|[0m I0112 16:41:01.755770      14 gc_controller.go:78] Starting apiserver lease garbage collector
[95m35  : [0m[90;2m┆ ┆ [0m[90m[7.8s] [0m[90m|[0m I0112 16:41:01.755836      14 aggregator.go:169] waiting for initial CRD sync...
[95m35  : [0m[90;2m┆ ┆ [0m[90m[7.8s] [0m[90m|[0m I0112 16:41:01.755857      14 cluster_authentication_trust_controller.go:459] Starting cluster_authentication_trust_controller controller
[95m35  : [0m[90;2m┆ ┆ [0m[90m[7.8s] [0m[90m|[0m I0112 16:41:01.755860      14 shared_informer.go:349] "Waiting for caches to sync" controller="cluster_authentication_trust_controller"
[95m35  : [0m[90;2m┆ ┆ [0m[90m[7.8s] [0m[90m|[0m I0112 16:41:01.755866      14 dynamic_serving_content.go:135] "Starting controller" name="aggregator-proxy-cert::/var/lib/rancher/k3s/server/tls/client-auth-proxy.crt::/var/lib/rancher/k3s/server/tls/client-auth-proxy.key"
[95m35  : [0m[90;2m┆ ┆ [0m[90m[7.8s] [0m[90m|[0m I0112 16:41:01.755894      14 controller.go:142] Starting OpenAPI controller
[95m35  : [0m[90;2m┆ ┆ [0m[90m[7.8s] [0m[90m|[0m I0112 16:41:01.755914      14 controller.go:90] Starting OpenAPI V3 controller
[95m35  : [0m[90;2m┆ ┆ [0m[90m[7.8s] [0m[90m|[0m I0112 16:41:01.755919      14 naming_controller.go:299] Starting NamingConditionController
[95m35  : [0m[90;2m┆ ┆ [0m[90m[7.8s] [0m[90m|[0m I0112 16:41:01.755923      14 establishing_controller.go:81] Starting EstablishingController
[95m35  : [0m[90;2m┆ ┆ [0m[90m[7.8s] [0m[90m|[0m I0112 16:41:01.755943      14 nonstructuralschema_controller.go:195] Starting NonStructuralSchemaConditionController
[95m35  : [0m[90;2m┆ ┆ [0m[90m[7.8s] [0m[90m|[0m I0112 16:41:01.755947      14 apiapproval_controller.go:189] Starting KubernetesAPIApprovalPolicyConformantConditionController
[95m35  : [0m[90;2m┆ ┆ [0m[90m[7.8s] [0m[90m|[0m I0112 16:41:01.755950      14 crd_finalizer.go:269] Starting CRDFinalizer
[95m35  : [0m[90;2m┆ ┆ [0m[90m[7.8s] [0m[90m|[0m I0112 16:41:01.755960      14 apf_controller.go:377] Starting API Priority and Fairness config controller
[95m35  : [0m[90;2m┆ ┆ [0m[90m[7.8s] [0m[90m|[0m I0112 16:41:01.755967      14 local_available_controller.go:156] Starting LocalAvailability controller
[95m35  : [0m[90;2m┆ ┆ [0m[90m[7.8s] [0m[90m|[0m I0112 16:41:01.755970      14 cache.go:32] Waiting for caches to sync for LocalAvailability controller
[95m35  : [0m[90;2m┆ ┆ [0m[90m[7.8s] [0m[90m|[0m I0112 16:41:01.756084      14 remote_available_controller.go:425] Starting RemoteAvailability controller
[95m35  : [0m[90;2m┆ ┆ [0m[90m[7.8s] [0m[90m|[0m I0112 16:41:01.756089      14 cache.go:32] Waiting for caches to sync for RemoteAvailability controller
[95m35  : [0m[90;2m┆ ┆ [0m[90m[7.8s] [0m[90m|[0m I0112 16:41:01.756144      14 dynamic_cafile_content.go:161] "Starting controller" name="client-ca-bundle::/var/lib/rancher/k3s/server/tls/client-ca.crt"
[95m35  : [0m[90;2m┆ ┆ [0m[90m[7.8s] [0m[90m|[0m I0112 16:41:01.756168      14 dynamic_cafile_content.go:161] "Starting controller" name="request-header::/var/lib/rancher/k3s/server/tls/request-header-ca.crt"
[95m35  : [0m[90;2m┆ ┆ [0m[90m[7.8s] [0m[90m|[0m I0112 16:41:01.756355      14 default_servicecidr_controller.go:111] Starting kubernetes-service-cidr-controller
[95m35  : [0m[90;2m┆ ┆ [0m[90m[7.8s] [0m[90m|[0m I0112 16:41:01.756360      14 shared_informer.go:349] "Waiting for caches to sync" controller="kubernetes-service-cidr-controller"
[95m35  : [0m[90;2m┆ ┆ [0m[90m[7.8s] [0m[90m|[0m I0112 16:41:01.756379      14 repairip.go:210] Starting ipallocator-repair-controller
[95m35  : [0m[90;2m┆ ┆ [0m[90m[7.8s] [0m[90m|[0m I0112 16:41:01.756386      14 shared_informer.go:349] "Waiting for caches to sync" controller="ipallocator-repair-controller"
[95m35  : [0m[90;2m┆ ┆ [0m[90m[7.8s] [0m[90m|[0m I0112 16:41:01.756580      14 controller.go:119] Starting legacy_token_tracking_controller
[95m35  : [0m[90;2m┆ ┆ [0m[90m[7.8s] [0m[90m|[0m I0112 16:41:01.756588      14 shared_informer.go:349] "Waiting for caches to sync" controller="configmaps"
[95m35  : [0m[90;2m┆ ┆ [0m[90m[7.8s] [0m[90m|[0m I0112 16:41:01.756726      14 crdregistration_controller.go:114] Starting crd-autoregister controller
[95m35  : [0m[90;2m┆ ┆ [0m[90m[7.8s] [0m[90m|[0m I0112 16:41:01.756733      14 shared_informer.go:349] "Waiting for caches to sync" controller="crd-autoregister"
[95m35  : [0m[90;2m┆ ┆ [0m[90m[7.8s] [0m[90m|[0m I0112 16:41:01.763827      14 shared_informer.go:356] "Caches are synced" controller="node_authorizer"
[95m35  : [0m[90;2m┆ ┆ [0m[90m[7.8s] [0m[90m|[0m I0112 16:41:01.767635      14 shared_informer.go:356] "Caches are synced" controller="*generic.policySource[*k8s.io/api/admissionregistration/v1.ValidatingAdmissionPolicy,*k8s.io/api/admissionregistration/v1.ValidatingAdmissionPolicyBinding,k8s.io/apiserver/pkg/admission/plugin/policy/validating.Validator]"
[95m35  : [0m[90;2m┆ ┆ [0m[90m[7.8s] [0m[90m|[0m I0112 16:41:01.767663      14 policy_source.go:240] refreshing policies
[95m35  : [0m[90;2m┆ ┆ [0m[90m[7.9s] [0m[90m|[0m E0112 16:41:01.817027      14 controller.go:145] "Failed to ensure lease exists, will retry" err="namespaces \"kube-system\" not found" interval="200ms"
[95m35  : [0m[90;2m┆ ┆ [0m[90m[7.9s] [0m[90m|[0m I0112 16:41:01.857044      14 shared_informer.go:356] "Caches are synced" controller="ipallocator-repair-controller"
[95m35  : [0m[90;2m┆ ┆ [0m[90m[7.9s] [0m[90m|[0m I0112 16:41:01.857058      14 shared_informer.go:356] "Caches are synced" controller="crd-autoregister"
[95m35  : [0m[90;2m┆ ┆ [0m[90m[7.9s] [0m[90m|[0m I0112 16:41:01.857065      14 shared_informer.go:356] "Caches are synced" controller="cluster_authentication_trust_controller"
[95m35  : [0m[90;2m┆ ┆ [0m[90m[7.9s] [0m[90m|[0m I0112 16:41:01.857080      14 cache.go:39] Caches are synced for LocalAvailability controller
[95m35  : [0m[90;2m┆ ┆ [0m[90m[7.9s] [0m[90m|[0m I0112 16:41:01.857092      14 cache.go:39] Caches are synced for RemoteAvailability controller
[95m35  : [0m[90;2m┆ ┆ [0m[90m[7.9s] [0m[90m|[0m I0112 16:41:01.857093      14 aggregator.go:171] initial CRD sync complete...
[95m35  : [0m[90;2m┆ ┆ [0m[90m[7.9s] [0m[90m|[0m I0112 16:41:01.857099      14 autoregister_controller.go:144] Starting autoregister controller
[95m35  : [0m[90;2m┆ ┆ [0m[90m[7.9s] [0m[90m|[0m I0112 16:41:01.857101      14 shared_informer.go:356] "Caches are synced" controller="kubernetes-service-cidr-controller"
[95m35  : [0m[90;2m┆ ┆ [0m[90m[7.9s] [0m[90m|[0m I0112 16:41:01.857102      14 cache.go:32] Waiting for caches to sync for autoregister controller
[95m35  : [0m[90;2m┆ ┆ [0m[90m[7.9s] [0m[90m|[0m I0112 16:41:01.857123      14 cache.go:39] Caches are synced for autoregister controller
[95m35  : [0m[90;2m┆ ┆ [0m[90m[7.9s] [0m[90m|[0m I0112 16:41:01.857153      14 shared_informer.go:356] "Caches are synced" controller="configmaps"
[95m35  : [0m[90;2m┆ ┆ [0m[90m[7.9s] [0m[90m|[0m I0112 16:41:01.857080      14 cache.go:39] Caches are synced for APIServiceRegistrationController controller
[95m35  : [0m[90;2m┆ ┆ [0m[90m[7.9s] [0m[90m|[0m I0112 16:41:01.857108      14 default_servicecidr_controller.go:166] Creating default ServiceCIDR with CIDRs: [10.43.0.0/16]
[95m35  : [0m[90;2m┆ ┆ [0m[90m[7.9s] [0m[90m|[0m I0112 16:41:01.857269      14 handler_discovery.go:451] Starting ResourceDiscoveryManager
[95m35  : [0m[90;2m┆ ┆ [0m[90m[7.9s] [0m[90m|[0m I0112 16:41:01.857112      14 apf_controller.go:382] Running API Priority and Fairness config worker
[95m35  : [0m[90;2m┆ ┆ [0m[90m[7.9s] [0m[90m|[0m I0112 16:41:01.857284      14 apf_controller.go:385] Running API Priority and Fairness periodic rebalancing process
[95m35  : [0m[90;2m┆ ┆ [0m[90m[7.9s] [0m[90m|[0m I0112 16:41:01.857553      14 controller.go:667] quota admission added evaluator for: namespaces
[95m35  : [0m[90;2m┆ ┆ [0m[90m[7.9s] [0m[90m|[0m I0112 16:41:01.859953      14 cidrallocator.go:301] created ClusterIP allocator for Service CIDR 10.43.0.0/16
[95m35  : [0m[90;2m┆ ┆ [0m[90m[7.9s] [0m[90m|[0m I0112 16:41:01.859969      14 default_servicecidr_controller.go:228] Setting default ServiceCIDR condition Ready to True
[95m35  : [0m[90;2m┆ ┆ [0m[90m[7.9s] [0m[90m|[0m I0112 16:41:01.864203      14 cidrallocator.go:277] updated ClusterIP allocator for Service CIDR 10.43.0.0/16
[95m35  : [0m[90;2m┆ ┆ [0m[90m[7.9s] [0m[90m|[0m I0112 16:41:01.864487      14 default_servicecidr_controller.go:137] Shutting down kubernetes-service-cidr-controller
[95m35  : [0m[90;2m┆ ┆ [0m[90m[7.9s] [0m[90m|[0m I0112 16:41:01.909285      14 alloc.go:328] "allocated clusterIPs" service="default/kubernetes" clusterIPs={"IPv4":"10.43.0.1"}
[95m35  : [0m[90;2m┆ ┆ [0m[90m[7.9s] [0m[90m|[0m W0112 16:41:01.910703      14 lease.go:265] Resetting endpoints for master service "kubernetes" to [10.87.0.127]
[95m35  : [0m[90;2m┆ ┆ [0m[90m[7.9s] [0m[90m|[0m I0112 16:41:01.910961      14 controller.go:667] quota admission added evaluator for: endpoints
[95m35  : [0m[90;2m┆ ┆ [0m[90m[8.0s] [0m[90m|[0m I0112 16:41:01.911995      14 controller.go:667] quota admission added evaluator for: endpointslices.discovery.k8s.io
[95m35  : [0m[90;2m┆ ┆ [0m[90m[8.0s] [0m[90m|[0m E0112 16:41:01.913626      14 controller.go:102] Error removing old endpoints from kubernetes service: no API server IP addresses were listed in storage, refusing to erase all endpoints for the kubernetes Service
[95m35  : [0m[90;2m┆ ┆ [0m[90m[8.1s] [0m[90m|[0m I0112 16:41:02.019241      14 controller.go:667] quota admission added evaluator for: leases.coordination.k8s.io
[95m35  : [0m[90;2m┆ ┆ [0m[90m[8.4s] [0m[90m|[0m time="2026-01-12T16:41:02Z" level=info msg="Polling for API server readiness: GET /readyz failed: unknown"
[95m35  : [0m[90;2m┆ ┆ [0m[90m[8.8s] [0m[90m|[0m I0112 16:41:02.764134      14 storage_scheduling.go:95] created PriorityClass system-node-critical with value 2000001000
[95m35  : [0m[90;2m┆ ┆ [0m[90m[8.8s] [0m[90m|[0m I0112 16:41:02.768617      14 storage_scheduling.go:95] created PriorityClass system-cluster-critical with value 2000000000
[95m35  : [0m[90;2m┆ ┆ [0m[90m[8.8s] [0m[90m|[0m I0112 16:41:02.768637      14 storage_scheduling.go:111] all system priority classes are created successfully or already exist.
[95m35  : [0m[90;2m┆ ┆ [0m[90m[9.0s] [0m[90m|[0m I0112 16:41:02.912331      14 controller.go:667] quota admission added evaluator for: roles.rbac.authorization.k8s.io
[95m35  : [0m[90;2m┆ ┆ [0m[90m[9.0s] [0m[90m|[0m I0112 16:41:02.921900      14 controller.go:667] quota admission added evaluator for: rolebindings.rbac.authorization.k8s.io
[95m35  : [0m[90;2m┆ ┆ [0m[90m[10.4s] [0m[90m|[0m time="2026-01-12T16:41:04Z" level=info msg="Kube API server is now running"
[95m35  : [0m[90;2m┆ ┆ [0m[90m[10.4s] [0m[90m|[0m time="2026-01-12T16:41:04Z" level=info msg="k3s is up and running"
[95m35  : [0m[90;2m┆ ┆ [0m[90m[10.4s] [0m[90m|[0m time="2026-01-12T16:41:04Z" level=info msg="Waiting for untainted node"
[95m35  : [0m[90;2m┆ ┆ [0m[90m[10.4s] [0m[90m|[0m time="2026-01-12T16:41:04Z" level=info msg="Creating k3s-supervisor event broadcaster"
[95m35  : [0m[90;2m┆ ┆ [0m[90m[10.4s] [0m[90m|[0m Flag --containerd has been deprecated, This is a cadvisor flag that was mistakenly registered with the Kubelet. Due to legacy concerns, it will follow the standard CLI deprecation timeline before being removed.
[95m35  : [0m[90;2m┆ ┆ [0m[90m[10.4s] [0m[90m|[0m time="2026-01-12T16:41:04Z" level=info msg="Waiting for cloud-controller-manager privileges to become available"
[95m35  : [0m[90;2m┆ ┆ [0m[90m[10.5s] [0m[90m|[0m I0112 16:41:04.415214      14 server.go:525] "Kubelet version" kubeletVersion="v1.34.1+k3s1"
[95m35  : [0m[90;2m┆ ┆ [0m[90m[10.5s] [0m[90m|[0m I0112 16:41:04.415515      14 server.go:527] "Golang settings" GOGC="" GOMAXPROCS="" GOTRACEBACK=""
[95m35  : [0m[90;2m┆ ┆ [0m[90m[10.5s] [0m[90m|[0m I0112 16:41:04.415690      14 watchdog_linux.go:95] "Systemd watchdog is not enabled"
[95m35  : [0m[90;2m┆ ┆ [0m[90m[10.5s] [0m[90m|[0m I0112 16:41:04.415718      14 watchdog_linux.go:137] "Systemd watchdog is not enabled or the interval is invalid, so health checking will not be started."
[95m35  : [0m[90;2m┆ ┆ [0m[90m[10.5s] [0m[90m|[0m time="2026-01-12T16:41:04Z" level=debug msg="Running k3s-cert-monitor certificate expiration check"
[95m35  : [0m[90;2m┆ ┆ [0m[90m[10.5s] [0m[90m|[0m I0112 16:41:04.418600      14 dynamic_cafile_content.go:161] "Starting controller" name="client-ca-bundle::/var/lib/rancher/k3s/agent/client-ca.crt"
[95m35  : [0m[90;2m┆ ┆ [0m[90m[10.5s] [0m[90m|[0m I0112 16:41:04.418764      14 event.go:389] "Event occurred" object="fimkh6jhc3bci.ej9uc21fikgfa.dagger.local" fieldPath="" kind="Node" apiVersion="" type="Normal" reason="CertificateExpirationOK" message="Node and Certificate Authority certificates managed by k3s are OK"
[95m35  : [0m[90;2m┆ ┆ [0m[90m[10.5s] [0m[90m|[0m time="2026-01-12T16:41:04Z" level=info msg="Creating embedded CRD etcdsnapshotfiles.k3s.cattle.io"
[95m35  : [0m[90;2m┆ ┆ [0m[90m[10.5s] [0m[90m|[0m I0112 16:41:04.421693      14 server.go:1419] "Using cgroup driver setting received from the CRI runtime" cgroupDriver="cgroupfs"
[95m35  : [0m[90;2m┆ ┆ [0m[90m[10.5s] [0m[90m|[0m W0112 16:41:04.422878      14 info.go:53] Couldn't collect info from any of the files in "/etc/machine-id,/var/lib/dbus/machine-id"
[95m35  : [0m[90;2m┆ ┆ [0m[90m[10.5s] [0m[90m|[0m I0112 16:41:04.422929      14 server.go:777] "--cgroups-per-qos enabled, but --cgroup-root was not specified.  Defaulting to /"
[95m35  : [0m[90;2m┆ ┆ [0m[90m[10.5s] [0m[90m|[0m I0112 16:41:04.422957      14 server.go:838] "NoSwap is set due to memorySwapBehavior not specified" memorySwapBehavior="" FailSwapOn=false
[95m35  : [0m[90;2m┆ ┆ [0m[90m[10.5s] [0m[90m|[0m I0112 16:41:04.423076      14 container_manager_linux.go:270] "Container manager verified user specified cgroup-root exists" cgroupRoot=[]
[95m35  : [0m[90;2m┆ ┆ [0m[90m[10.5s] [0m[90m|[0m I0112 16:41:04.423088      14 container_manager_linux.go:275] "Creating Container Manager object based on Node Config" nodeConfig={"NodeName":"fimkh6jhc3bci.ej9uc21fikgfa.dagger.local","RuntimeCgroupsName":"/k3s","SystemCgroupsName":"","KubeletCgroupsName":"/k3s","KubeletOOMScoreAdj":-999,"ContainerRuntime":"","CgroupsPerQOS":true,"CgroupRoot":"/","CgroupDriver":"cgroupfs","KubeletRootDir":"/var/lib/kubelet","ProtectKernelDefaults":false,"KubeReservedCgroupName":"","SystemReservedCgroupName":"","ReservedSystemCPUs":{},"EnforceNodeAllocatable":{"pods":{}},"KubeReserved":null,"SystemReserved":null,"HardEvictionThresholds":[{"Signal":"imagefs.available","Operator":"LessThan","Value":{"Quantity":null,"Percentage":0.05},"GracePeriod":0,"MinReclaim":null},{"Signal":"nodefs.available","Operator":"LessThan","Value":{"Quantity":null,"Percentage":0.05},"GracePeriod":0,"MinReclaim":null}],"QOSReserved":{},"CPUManagerPolicy":"none","CPUManagerPolicyOptions":null,"TopologyManagerScope":"container","CPUManagerReconcilePeriod":10000000000,"MemoryManagerPolicy":"None","MemoryManagerReservedMemory":null,"PodPidsLimit":-1,"EnforceCPULimits":true,"CPUCFSQuotaPeriod":100000000,"TopologyManagerPolicy":"none","TopologyManagerPolicyOptions":null,"CgroupVersion":2}
[95m35  : [0m[90;2m┆ ┆ [0m[90m[10.5s] [0m[90m|[0m I0112 16:41:04.423378      14 topology_manager.go:138] "Creating topology manager with none policy"
[95m35  : [0m[90;2m┆ ┆ [0m[90m[10.5s] [0m[90m|[0m I0112 16:41:04.423569      14 container_manager_linux.go:306] "Creating device plugin manager"
[95m35  : [0m[90;2m┆ ┆ [0m[90m[10.5s] [0m[90m|[0m I0112 16:41:04.423780      14 container_manager_linux.go:315] "Creating Dynamic Resource Allocation (DRA) manager"
[95m35  : [0m[90;2m┆ ┆ [0m[90m[10.5s] [0m[90m|[0m I0112 16:41:04.424291      14 state_mem.go:36] "Initialized new in-memory state store"
[95m35  : [0m[90;2m┆ ┆ [0m[90m[10.5s] [0m[90m|[0m I0112 16:41:04.424997      14 kubelet.go:475] "Attempting to sync node with API server"
[95m35  : [0m[90;2m┆ ┆ [0m[90m[10.5s] [0m[90m|[0m I0112 16:41:04.425021      14 kubelet.go:376] "Adding static pod path" path="/var/lib/rancher/k3s/agent/pod-manifests"
[95m35  : [0m[90;2m┆ ┆ [0m[90m[10.5s] [0m[90m|[0m I0112 16:41:04.425042      14 kubelet.go:387] "Adding apiserver pod source"
[95m35  : [0m[90;2m┆ ┆ [0m[90m[10.5s] [0m[90m|[0m I0112 16:41:04.425089      14 apiserver.go:42] "Waiting for node sync before watching apiserver pods"
[95m35  : [0m[90;2m┆ ┆ [0m[90m[10.5s] [0m[90m|[0m time="2026-01-12T16:41:04Z" level=info msg="Creating embedded CRD addons.k3s.cattle.io"
[95m35  : [0m[90;2m┆ ┆ [0m[90m[10.5s] [0m[90m|[0m I0112 16:41:04.426373      14 kuberuntime_manager.go:291] "Container runtime initialized" containerRuntime="containerd" version="v2.1.4-k3s2" apiVersion="v1"
[95m35  : [0m[90;2m┆ ┆ [0m[90m[10.5s] [0m[90m|[0m I0112 16:41:04.426668      14 kubelet.go:940] "Not starting ClusterTrustBundle informer because we are in static kubelet mode or the ClusterTrustBundleProjection featuregate is disabled"
[95m35  : [0m[90;2m┆ ┆ [0m[90m[10.5s] [0m[90m|[0m I0112 16:41:04.426696      14 kubelet.go:964] "Not starting PodCertificateRequest manager because we are in static kubelet mode or the PodCertificateProjection feature gate is disabled"
[95m35  : [0m[90;2m┆ ┆ [0m[90m[10.5s] [0m[90m|[0m W0112 16:41:04.426789      14 probe.go:272] Flexvolume plugin directory at /usr/libexec/kubernetes/kubelet-plugins/volume/exec/ does not exist. Recreating.
[95m35  : [0m[90;2m┆ ┆ [0m[90m[10.5s] [0m[90m|[0m I0112 16:41:04.428240      14 server.go:1257] "Started kubelet"
[95m35  : [0m[90;2m┆ ┆ [0m[90m[10.5s] [0m[90m|[0m I0112 16:41:04.430819      14 fs_resource_analyzer.go:67] "Starting FS ResourceAnalyzer"
[95m35  : [0m[90;2m┆ ┆ [0m[90m[10.5s] [0m[90m|[0m I0112 16:41:04.433503      14 server.go:180] "Starting to listen" address="10.87.0.127" port=10250
[95m35  : [0m[90;2m┆ ┆ [0m[90m[10.5s] [0m[90m|[0m I0112 16:41:04.434037      14 server.go:310] "Adding debug handlers to kubelet server"
[95m35  : [0m[90;2m┆ ┆ [0m[90m[10.5s] [0m[90m|[0m time="2026-01-12T16:41:04Z" level=info msg="Creating embedded CRD helmcharts.helm.cattle.io"
[95m35  : [0m[90;2m┆ ┆ [0m[90m[10.5s] [0m[90m|[0m I0112 16:41:04.434717      14 ratelimit.go:56] "Setting rate limiting for endpoint" service="podresources" qps=100 burstTokens=10
[95m35  : [0m[90;2m┆ ┆ [0m[90m[10.5s] [0m[90m|[0m I0112 16:41:04.434770      14 server_v1.go:49] "podresources" method="list" useActivePods=true
[95m35  : [0m[90;2m┆ ┆ [0m[90m[10.5s] [0m[90m|[0m I0112 16:41:04.434834      14 server.go:249] "Starting to serve the podresources API" endpoint="unix:/var/lib/kubelet/pod-resources/kubelet.sock"
[95m35  : [0m[90;2m┆ ┆ [0m[90m[10.5s] [0m[90m|[0m I0112 16:41:04.434986      14 dynamic_serving_content.go:135] "Starting controller" name="kubelet-server-cert-files::/var/lib/rancher/k3s/agent/serving-kubelet.crt::/var/lib/rancher/k3s/agent/serving-kubelet.key"
[95m35  : [0m[90;2m┆ ┆ [0m[90m[10.5s] [0m[90m|[0m I0112 16:41:04.437279      14 handler.go:285] Adding GroupVersion k3s.cattle.io v1 to ResourceManager
[95m35  : [0m[90;2m┆ ┆ [0m[90m[10.5s] [0m[90m|[0m I0112 16:41:04.438141      14 volume_manager.go:313] "Starting Kubelet Volume Manager"
[95m35  : [0m[90;2m┆ ┆ [0m[90m[10.5s] [0m[90m|[0m E0112 16:41:04.438219      14 kubelet_node_status.go:404] "Error getting the current node from lister" err="node \"fimkh6jhc3bci.ej9uc21fikgfa.dagger.local\" not found"
[95m35  : [0m[90;2m┆ ┆ [0m[90m[10.5s] [0m[90m|[0m I0112 16:41:04.439253      14 desired_state_of_world_populator.go:146] "Desired state populator starts to run"
[95m35  : [0m[90;2m┆ ┆ [0m[90m[10.5s] [0m[90m|[0m I0112 16:41:04.439286      14 reconciler.go:29] "Reconciler: start to sync state"
[95m35  : [0m[90;2m┆ ┆ [0m[90m[10.5s] [0m[90m|[0m I0112 16:41:04.440666      14 kubelet_network_linux.go:54] "Initialized iptables rules." protocol="IPv4"
[95m35  : [0m[90;2m┆ ┆ [0m[90m[10.5s] [0m[90m|[0m I0112 16:41:04.441010      14 kubelet_network_linux.go:54] "Initialized iptables rules." protocol="IPv6"
[95m35  : [0m[90;2m┆ ┆ [0m[90m[10.5s] [0m[90m|[0m I0112 16:41:04.441020      14 status_manager.go:244] "Starting to sync pod status with apiserver"
[95m35  : [0m[90;2m┆ ┆ [0m[90m[10.5s] [0m[90m|[0m I0112 16:41:04.441029      14 kubelet.go:2427] "Starting kubelet main sync loop"
[95m35  : [0m[90;2m┆ ┆ [0m[90m[10.5s] [0m[90m|[0m E0112 16:41:04.441046      14 kubelet.go:2451] "Skipping pod synchronization" err="[container runtime status check may not have completed yet, PLEG is not healthy: pleg has yet to be successful]"
[95m35  : [0m[90;2m┆ ┆ [0m[90m[10.5s] [0m[90m|[0m I0112 16:41:04.443366      14 factory.go:223] Registration of the systemd container factory successfully
[95m35  : [0m[90;2m┆ ┆ [0m[90m[10.5s] [0m[90m|[0m I0112 16:41:04.446263      14 factory.go:221] Registration of the crio container factory failed: Get "http://%2Fvar%2Frun%2Fcrio%2Fcrio.sock/info": dial unix /var/run/crio/crio.sock: connect: no such file or directory
[95m35  : [0m[90;2m┆ ┆ [0m[90m[10.5s] [0m[90m|[0m E0112 16:41:04.444725      14 kubelet.go:1615] "Image garbage collection failed once. Stats initialization may not have completed yet" err="invalid capacity 0 on image filesystem"
[95m35  : [0m[90;2m┆ ┆ [0m[90m[10.5s] [0m[90m|[0m time="2026-01-12T16:41:04Z" level=info msg="Creating embedded CRD helmchartconfigs.helm.cattle.io"
[95m35  : [0m[90;2m┆ ┆ [0m[90m[10.5s] [0m[90m|[0m I0112 16:41:04.447107      14 factory.go:223] Registration of the containerd container factory successfully
[95m35  : [0m[90;2m┆ ┆ [0m[90m[10.5s] [0m[90m|[0m I0112 16:41:04.448213      14 handler.go:285] Adding GroupVersion k3s.cattle.io v1 to ResourceManager
[95m35  : [0m[90;2m┆ ┆ [0m[90m[10.5s] [0m[90m|[0m time="2026-01-12T16:41:04Z" level=info msg="Waiting for CRD helmcharts.helm.cattle.io to become available"
[95m35  : [0m[90;2m┆ ┆ [0m[90m[10.5s] [0m[90m|[0m E0112 16:41:04.452608      14 nodelease.go:49] "Failed to get node when trying to set owner ref to the node lease" err="nodes \"fimkh6jhc3bci.ej9uc21fikgfa.dagger.local\" not found" node="fimkh6jhc3bci.ej9uc21fikgfa.dagger.local"
[95m35  : [0m[90;2m┆ ┆ [0m[90m[10.5s] [0m[90m|[0m time="2026-01-12T16:41:04Z" level=debug msg="cgroupv2 io stats: skipping over unmappable dbytes=0 entry"
[95m35  : [0m[90;2m┆ ┆ [0m[90m[10.5s] [0m[90m|[0m time="2026-01-12T16:41:04Z" level=debug msg="cgroupv2 io stats: skipping over unmappable dios=0 entry"
[95m35  : [0m[90;2m┆ ┆ [0m[90m[10.5s] [0m[90m|[0m time="2026-01-12T16:41:04Z" level=info msg="Done waiting for CRD helmcharts.helm.cattle.io to become available"
[95m35  : [0m[90;2m┆ ┆ [0m[90m[10.5s] [0m[90m|[0m time="2026-01-12T16:41:04Z" level=info msg="Waiting for CRD helmchartconfigs.helm.cattle.io to become available"
[95m35  : [0m[90;2m┆ ┆ [0m[90m[10.5s] [0m[90m|[0m I0112 16:41:04.458404      14 handler.go:285] Adding GroupVersion helm.cattle.io v1 to ResourceManager
[95m35  : [0m[90;2m┆ ┆ [0m[90m[10.5s] [0m[90m|[0m I0112 16:41:04.458602      14 cpu_manager.go:221] "Starting CPU manager" policy="none"
[95m35  : [0m[90;2m┆ ┆ [0m[90m[10.5s] [0m[90m|[0m I0112 16:41:04.458616      14 cpu_manager.go:222] "Reconciling" reconcilePeriod="10s"
[95m35  : [0m[90;2m┆ ┆ [0m[90m[10.5s] [0m[90m|[0m I0112 16:41:04.458630      14 state_mem.go:36] "Initialized new in-memory state store"
[95m35  : [0m[90;2m┆ ┆ [0m[90m[10.5s] [0m[90m|[0m I0112 16:41:04.458742      14 policy_none.go:49] "None policy: Start"
[95m35  : [0m[90;2m┆ ┆ [0m[90m[10.5s] [0m[90m|[0m I0112 16:41:04.458755      14 memory_manager.go:187] "Starting memorymanager" policy="None"
[95m35  : [0m[90;2m┆ ┆ [0m[90m[10.5s] [0m[90m|[0m I0112 16:41:04.458763      14 state_mem.go:36] "Initializing new in-memory state store"
[95m35  : [0m[90;2m┆ ┆ [0m[90m[10.5s] [0m[90m|[0m I0112 16:41:04.458895      14 policy_none.go:47] "Start"
[95m35  : [0m[90;2m┆ ┆ [0m[90m[10.5s] [0m[90m|[0m E0112 16:41:04.461106      14 manager.go:513] "Failed to read data from checkpoint" err="checkpoint is not found" checkpoint="kubelet_internal_checkpoint"
[95m35  : [0m[90;2m┆ ┆ [0m[90m[10.5s] [0m[90m|[0m I0112 16:41:04.461635      14 eviction_manager.go:189] "Eviction manager: starting control loop"
[95m35  : [0m[90;2m┆ ┆ [0m[90m[10.5s] [0m[90m|[0m I0112 16:41:04.461731      14 container_log_manager.go:146] "Initializing container log rotate workers" workers=1 monitorPeriod="10s"
[95m35  : [0m[90;2m┆ ┆ [0m[90m[10.5s] [0m[90m|[0m I0112 16:41:04.462235      14 plugin_manager.go:118] "Starting Kubelet Plugin Manager"
[95m35  : [0m[90;2m┆ ┆ [0m[90m[10.5s] [0m[90m|[0m I0112 16:41:04.462611      14 handler.go:285] Adding GroupVersion helm.cattle.io v1 to ResourceManager
[95m35  : [0m[90;2m┆ ┆ [0m[90m[10.5s] [0m[90m|[0m E0112 16:41:04.463175      14 eviction_manager.go:267] "eviction manager: failed to check if we have separate container filesystem. Ignoring." err="no imagefs label for configured runtime"
[95m35  : [0m[90;2m┆ ┆ [0m[90m[10.5s] [0m[90m|[0m E0112 16:41:04.463218      14 eviction_manager.go:292] "Eviction manager: failed to get summary stats" err="failed to get node info: node \"fimkh6jhc3bci.ej9uc21fikgfa.dagger.local\" not found"
[95m35  : [0m[90;2m┆ ┆ [0m[90m[10.5s] [0m[90m|[0m I0112 16:41:04.471498      14 shared_informer.go:349] "Waiting for caches to sync" controller="node informer cache"
[95m35  : [0m[90;2m┆ ┆ [0m[90m[10.6s] [0m[90m|[0m I0112 16:41:04.562908      14 kubelet_node_status.go:75] "Attempting to register node" node="fimkh6jhc3bci.ej9uc21fikgfa.dagger.local"
[95m35  : [0m[90;2m┆ ┆ [0m[90m[10.6s] [0m[90m|[0m I0112 16:41:04.564196      14 kubelet_node_status.go:78] "Successfully registered node" node="fimkh6jhc3bci.ej9uc21fikgfa.dagger.local"
[95m35  : [0m[90;2m┆ ┆ [0m[90m[10.6s] [0m[90m|[0m E0112 16:41:04.564204      14 kubelet_node_status.go:486] "Error updating node status, will retry" err="error getting node \"fimkh6jhc3bci.ej9uc21fikgfa.dagger.local\": node \"fimkh6jhc3bci.ej9uc21fikgfa.dagger.local\" not found"
[95m35  : [0m[90;2m┆ ┆ [0m[90m[10.6s] [0m[90m|[0m time="2026-01-12T16:41:04Z" level=info msg="Annotations and labels have been set successfully on node: fimkh6jhc3bci.ej9uc21fikgfa.dagger.local"
[95m35  : [0m[90;2m┆ ┆ [0m[90m[10.6s] [0m[90m|[0m time="2026-01-12T16:41:04Z" level=info msg="Starting flannel with backend vxlan"
[95m35  : [0m[90;2m┆ ┆ [0m[90m[10.6s] [0m[90m|[0m I0112 16:41:04.572585      14 shared_informer.go:356] "Caches are synced" controller="node informer cache"
[95m35  : [0m[90;2m┆ ┆ [0m[90m[10.6s] [0m[90m|[0m I0112 16:41:04.572598      14 server.go:219] "Successfully retrieved NodeIPs" NodeIPs=["10.87.0.127"]
[95m35  : [0m[90;2m┆ ┆ [0m[90m[10.6s] [0m[90m|[0m E0112 16:41:04.572618      14 server.go:256] "Kube-proxy configuration may be incomplete or incorrect" err="nodePortAddresses is unset; NodePort connections will be accepted on all local IPs. Consider using `--nodeport-addresses primary`"
[95m35  : [0m[90;2m┆ ┆ [0m[90m[10.6s] [0m[90m|[0m I0112 16:41:04.573807      14 server.go:265] "kube-proxy running in dual-stack mode" primary ipFamily="IPv4"
[95m35  : [0m[90;2m┆ ┆ [0m[90m[10.6s] [0m[90m|[0m I0112 16:41:04.573824      14 server_linux.go:132] "Using iptables Proxier"
[95m35  : [0m[90;2m┆ ┆ [0m[90m[10.6s] [0m[90m|[0m I0112 16:41:04.574711      14 proxier.go:242] "Setting route_localnet=1 to allow node-ports on localhost; to change this either disable iptables.localhostNodePorts (--iptables-localhost-nodeports) or set nodePortAddresses (--nodeport-addresses) to filter loopback addresses"
[95m35  : [0m[90;2m┆ ┆ [0m[90m[10.6s] [0m[90m|[0m I0112 16:41:04.574814      14 server.go:527] "Version info" version="v1.34.1+k3s1"
[95m35  : [0m[90;2m┆ ┆ [0m[90m[10.6s] [0m[90m|[0m I0112 16:41:04.574830      14 server.go:529] "Golang settings" GOGC="" GOMAXPROCS="" GOTRACEBACK=""
[95m35  : [0m[90;2m┆ ┆ [0m[90m[10.6s] [0m[90m|[0m I0112 16:41:04.575152      14 config.go:200] "Starting service config controller"
[95m35  : [0m[90;2m┆ ┆ [0m[90m[10.6s] [0m[90m|[0m I0112 16:41:04.575171      14 shared_informer.go:349] "Waiting for caches to sync" controller="service config"
[95m35  : [0m[90;2m┆ ┆ [0m[90m[10.6s] [0m[90m|[0m I0112 16:41:04.575180      14 config.go:106] "Starting endpoint slice config controller"
[95m35  : [0m[90;2m┆ ┆ [0m[90m[10.6s] [0m[90m|[0m I0112 16:41:04.575184      14 shared_informer.go:349] "Waiting for caches to sync" controller="endpoint slice config"
[95m35  : [0m[90;2m┆ ┆ [0m[90m[10.6s] [0m[90m|[0m I0112 16:41:04.575190      14 config.go:403] "Starting serviceCIDR config controller"
[95m35  : [0m[90;2m┆ ┆ [0m[90m[10.6s] [0m[90m|[0m I0112 16:41:04.575193      14 shared_informer.go:349] "Waiting for caches to sync" controller="serviceCIDR config"
[95m35  : [0m[90;2m┆ ┆ [0m[90m[10.6s] [0m[90m|[0m I0112 16:41:04.575379      14 config.go:309] "Starting node config controller"
[95m35  : [0m[90;2m┆ ┆ [0m[90m[10.6s] [0m[90m|[0m I0112 16:41:04.575390      14 shared_informer.go:349] "Waiting for caches to sync" controller="node config"
[95m35  : [0m[90;2m┆ ┆ [0m[90m[10.6s] [0m[90m|[0m I0112 16:41:04.575394      14 shared_informer.go:356] "Caches are synced" controller="node config"
[95m35  : [0m[90;2m┆ ┆ [0m[90m[10.7s] [0m[90m|[0m I0112 16:41:04.675663      14 shared_informer.go:356] "Caches are synced" controller="serviceCIDR config"
[95m35  : [0m[90;2m┆ ┆ [0m[90m[10.7s] [0m[90m|[0m I0112 16:41:04.675675      14 shared_informer.go:356] "Caches are synced" controller="endpoint slice config"
[95m35  : [0m[90;2m┆ ┆ [0m[90m[10.7s] [0m[90m|[0m I0112 16:41:04.675675      14 shared_informer.go:356] "Caches are synced" controller="service config"
[95m35  : [0m[90;2m┆ ┆ [0m[90m[10.9s] [0m[90m|[0m I0112 16:41:04.872691      14 kubelet_node_status.go:439] "Fast updating node status as it just became ready"
[95m35  : [0m[90;2m┆ ┆ [0m[90m[11.0s] [0m[90m|[0m time="2026-01-12T16:41:04Z" level=info msg="Done waiting for CRD helmchartconfigs.helm.cattle.io to become available"
[95m35  : [0m[90;2m┆ ┆ [0m[90m[11.0s] [0m[90m|[0m time="2026-01-12T16:41:04Z" level=info msg="Writing static file: /var/lib/rancher/k3s/server/static/charts/traefik-34.2.1+up34.2.0.tgz"
[95m35  : [0m[90;2m┆ ┆ [0m[90m[11.0s] [0m[90m|[0m time="2026-01-12T16:41:04Z" level=info msg="Writing static file: /var/lib/rancher/k3s/server/static/charts/traefik-crd-34.2.1+up34.2.0.tgz"
[95m35  : [0m[90;2m┆ ┆ [0m[90m[11.0s] [0m[90m|[0m time="2026-01-12T16:41:04Z" level=info msg="Writing manifest: /var/lib/rancher/k3s/server/manifests/ccm.yaml"
[95m35  : [0m[90;2m┆ ┆ [0m[90m[11.0s] [0m[90m|[0m time="2026-01-12T16:41:04Z" level=info msg="Writing manifest: /var/lib/rancher/k3s/server/manifests/coredns.yaml"
[95m35  : [0m[90;2m┆ ┆ [0m[90m[11.0s] [0m[90m|[0m time="2026-01-12T16:41:04Z" level=info msg="Writing manifest: /var/lib/rancher/k3s/server/manifests/local-storage.yaml"
[95m35  : [0m[90;2m┆ ┆ [0m[90m[11.0s] [0m[90m|[0m time="2026-01-12T16:41:04Z" level=info msg="Writing manifest: /var/lib/rancher/k3s/server/manifests/rolebindings.yaml"
[95m35  : [0m[90;2m┆ ┆ [0m[90m[11.0s] [0m[90m|[0m time="2026-01-12T16:41:04Z" level=info msg="Writing manifest: /var/lib/rancher/k3s/server/manifests/runtimes.yaml"
[95m35  : [0m[90;2m┆ ┆ [0m[90m[11.0s] [0m[90m|[0m time="2026-01-12T16:41:04Z" level=info msg="Writing manifest: /var/lib/rancher/k3s/server/manifests/traefik.yaml"
[95m35  : [0m[90;2m┆ ┆ [0m[90m[11.0s] [0m[90m|[0m time="2026-01-12T16:41:04Z" level=info msg="Starting dynamiclistener CN filter node controller with SANs: [127.0.0.1 ::1 localhost fimkh6jhc3bci.ej9uc21fikgfa.dagger.local 10.87.0.127 10.43.0.1 kubernetes kubernetes.default kubernetes.default.svc kubernetes.default.svc.cluster.local]"
[95m35  : [0m[90;2m┆ ┆ [0m[90m[11.0s] [0m[90m|[0m time="2026-01-12T16:41:04Z" level=info msg="Tunnel server egress proxy mode: disabled"
[95m35  : [0m[90;2m┆ ┆ [0m[90m[11.0s] [0m[90m|[0m I0112 16:41:04.972407      14 controllermanager.go:191] "Starting" version="v1.34.1+k3s1"
[95m35  : [0m[90;2m┆ ┆ [0m[90m[11.0s] [0m[90m|[0m I0112 16:41:04.972414      14 controllermanager.go:193] "Golang settings" GOGC="" GOMAXPROCS="" GOTRACEBACK=""
[95m35  : [0m[90;2m┆ ┆ [0m[90m[11.0s] [0m[90m|[0m I0112 16:41:04.973268      14 requestheader_controller.go:180] Starting RequestHeaderAuthRequestController
[95m35  : [0m[90;2m┆ ┆ [0m[90m[11.0s] [0m[90m|[0m I0112 16:41:04.973278      14 shared_informer.go:349] "Waiting for caches to sync" controller="RequestHeaderAuthRequestController"
[95m35  : [0m[90;2m┆ ┆ [0m[90m[11.0s] [0m[90m|[0m I0112 16:41:04.973282      14 configmap_cafile_content.go:205] "Starting controller" name="client-ca::kube-system::extension-apiserver-authentication::client-ca-file"
[95m35  : [0m[90;2m┆ ┆ [0m[90m[11.0s] [0m[90m|[0m I0112 16:41:04.973285      14 configmap_cafile_content.go:205] "Starting controller" name="client-ca::kube-system::extension-apiserver-authentication::requestheader-client-ca-file"
[95m35  : [0m[90;2m┆ ┆ [0m[90m[11.0s] [0m[90m|[0m I0112 16:41:04.973287      14 shared_informer.go:349] "Waiting for caches to sync" controller="client-ca::kube-system::extension-apiserver-authentication::requestheader-client-ca-file"
[95m35  : [0m[90;2m┆ ┆ [0m[90m[11.0s] [0m[90m|[0m I0112 16:41:04.973287      14 shared_informer.go:349] "Waiting for caches to sync" controller="client-ca::kube-system::extension-apiserver-authentication::client-ca-file"
[95m35  : [0m[90;2m┆ ┆ [0m[90m[11.0s] [0m[90m|[0m I0112 16:41:04.973417      14 secure_serving.go:211] Serving securely on 127.0.0.1:10257
[95m35  : [0m[90;2m┆ ┆ [0m[90m[11.0s] [0m[90m|[0m I0112 16:41:04.973435      14 tlsconfig.go:243] "Starting DynamicServingCertificateController"
[95m35  : [0m[90;2m┆ ┆ [0m[90m[11.0s] [0m[90m|[0m I0112 16:41:04.973420      14 dynamic_serving_content.go:135] "Starting controller" name="serving-cert::/var/lib/rancher/k3s/server/tls/kube-controller-manager/kube-controller-manager.crt::/var/lib/rancher/k3s/server/tls/kube-controller-manager/kube-controller-manager.key"
[95m35  : [0m[90;2m┆ ┆ [0m[90m[11.0s] [0m[90m|[0m I0112 16:41:04.974900      14 controllermanager.go:781] "Started controller" controller="serviceaccount-token-controller"
[95m35  : [0m[90;2m┆ ┆ [0m[90m[11.0s] [0m[90m|[0m I0112 16:41:04.974903      14 shared_informer.go:349] "Waiting for caches to sync" controller="tokens"
[95m35  : [0m[90;2m┆ ┆ [0m[90m[11.0s] [0m[90m|[0m I0112 16:41:04.976431      14 controller.go:667] quota admission added evaluator for: serviceaccounts
[95m35  : [0m[90;2m┆ ┆ [0m[90m[11.0s] [0m[90m|[0m I0112 16:41:04.976983      14 controllermanager.go:781] "Started controller" controller="persistentvolume-binder-controller"
[95m35  : [0m[90;2m┆ ┆ [0m[90m[11.0s] [0m[90m|[0m I0112 16:41:04.977069      14 pv_controller_base.go:308] "Starting persistent volume controller"
[95m35  : [0m[90;2m┆ ┆ [0m[90m[11.0s] [0m[90m|[0m I0112 16:41:04.977075      14 shared_informer.go:349] "Waiting for caches to sync" controller="persistent volume"
[95m35  : [0m[90;2m┆ ┆ [0m[90m[11.0s] [0m[90m|[0m I0112 16:41:04.978869      14 controllermanager.go:781] "Started controller" controller="daemonset-controller"
[95m35  : [0m[90;2m┆ ┆ [0m[90m[11.0s] [0m[90m|[0m I0112 16:41:04.978922      14 daemon_controller.go:310] "Starting daemon sets controller"
[95m35  : [0m[90;2m┆ ┆ [0m[90m[11.0s] [0m[90m|[0m I0112 16:41:04.978926      14 shared_informer.go:349] "Waiting for caches to sync" controller="daemon sets"
[95m35  : [0m[90;2m┆ ┆ [0m[90m[11.0s] [0m[90m|[0m I0112 16:41:04.982697      14 controllermanager.go:781] "Started controller" controller="horizontal-pod-autoscaler-controller"
[95m35  : [0m[90;2m┆ ┆ [0m[90m[11.0s] [0m[90m|[0m I0112 16:41:04.982758      14 horizontal.go:205] "Starting HPA controller"
[95m35  : [0m[90;2m┆ ┆ [0m[90m[11.0s] [0m[90m|[0m I0112 16:41:04.982764      14 shared_informer.go:349] "Waiting for caches to sync" controller="HPA"
[95m35  : [0m[90;2m┆ ┆ [0m[90m[11.0s] [0m[90m|[0m I0112 16:41:04.984688      14 controllermanager.go:781] "Started controller" controller="persistentvolume-expander-controller"
[95m35  : [0m[90;2m┆ ┆ [0m[90m[11.0s] [0m[90m|[0m I0112 16:41:04.984725      14 expand_controller.go:327] "Starting expand controller"
[95m35  : [0m[90;2m┆ ┆ [0m[90m[11.0s] [0m[90m|[0m I0112 16:41:04.984729      14 shared_informer.go:349] "Waiting for caches to sync" controller="expand"
[95m35  : [0m[90;2m┆ ┆ [0m[90m[11.0s] [0m[90m|[0m I0112 16:41:04.986607      14 controllermanager.go:781] "Started controller" controller="clusterrole-aggregation-controller"
[95m35  : [0m[90;2m┆ ┆ [0m[90m[11.0s] [0m[90m|[0m I0112 16:41:04.986651      14 clusterroleaggregation_controller.go:194] "Starting ClusterRoleAggregator controller"
[95m35  : [0m[90;2m┆ ┆ [0m[90m[11.0s] [0m[90m|[0m I0112 16:41:04.986655      14 shared_informer.go:349] "Waiting for caches to sync" controller="ClusterRoleAggregator"
[95m35  : [0m[90;2m┆ ┆ [0m[90m[11.0s] [0m[90m|[0m I0112 16:41:04.988550      14 controllermanager.go:781] "Started controller" controller="ttl-after-finished-controller"
[95m35  : [0m[90;2m┆ ┆ [0m[90m[11.0s] [0m[90m|[0m I0112 16:41:04.988557      14 controllermanager.go:733] "Controller is disabled by a feature gate" controller="device-taint-eviction-controller" requiredFeatureGates=["DynamicResourceAllocation","DRADeviceTaints"]
[95m35  : [0m[90;2m┆ ┆ [0m[90m[11.0s] [0m[90m|[0m I0112 16:41:04.988633      14 ttlafterfinished_controller.go:112] "Starting TTL after finished controller"
[95m35  : [0m[90;2m┆ ┆ [0m[90m[11.0s] [0m[90m|[0m I0112 16:41:04.988638      14 shared_informer.go:349] "Waiting for caches to sync" controller="TTL after finished"
[95m35  : [0m[90;2m┆ ┆ [0m[90m[11.0s] [0m[90m|[0m I0112 16:41:04.990508      14 controllermanager.go:781] "Started controller" controller="service-cidr-controller"
[95m35  : [0m[90;2m┆ ┆ [0m[90m[11.0s] [0m[90m|[0m I0112 16:41:04.990547      14 servicecidrs_controller.go:137] "Starting" controller="service-cidr-controller"
[95m35  : [0m[90;2m┆ ┆ [0m[90m[11.0s] [0m[90m|[0m I0112 16:41:04.990564      14 shared_informer.go:349] "Waiting for caches to sync" controller="service-cidr-controller"
[95m35  : [0m[90;2m┆ ┆ [0m[90m[11.0s] [0m[90m|[0m I0112 16:41:04.996400      14 controllermanager.go:781] "Started controller" controller="namespace-controller"
[95m35  : [0m[90;2m┆ ┆ [0m[90m[11.0s] [0m[90m|[0m I0112 16:41:04.996440      14 namespace_controller.go:202] "Starting namespace controller"
[95m35  : [0m[90;2m┆ ┆ [0m[90m[11.0s] [0m[90m|[0m I0112 16:41:04.996447      14 shared_informer.go:349] "Waiting for caches to sync" controller="namespace"
[95m35  : [0m[90;2m┆ ┆ [0m[90m[11.1s] [0m[90m|[0m time="2026-01-12T16:41:05Z" level=info msg="Starting k3s.cattle.io/v1, Kind=Addon controller"
[95m35  : [0m[90;2m┆ ┆ [0m[90m[11.1s] [0m[90m|[0m time="2026-01-12T16:41:05Z" level=info msg="Creating deploy event broadcaster"
[95m35  : [0m[90;2m┆ ┆ [0m[90m[11.1s] [0m[90m|[0m time="2026-01-12T16:41:05Z" level=info msg="Starting /v1, Kind=Node controller"
[95m35  : [0m[90;2m┆ ┆ [0m[90m[11.1s] [0m[90m|[0m time="2026-01-12T16:41:05Z" level=info msg="Creating helm-controller event broadcaster"
[95m35  : [0m[90;2m┆ ┆ [0m[90m[11.1s] [0m[90m|[0m time="2026-01-12T16:41:05Z" level=warning msg="Unable to fetch coredns config map: configmaps \"coredns\" not found"
[95m35  : [0m[90;2m┆ ┆ [0m[90m[11.1s] [0m[90m|[0m time="2026-01-12T16:41:05Z" level=info msg="Cluster dns configmap has been set successfully"
[95m35  : [0m[90;2m┆ ┆ [0m[90m[11.1s] [0m[90m|[0m time="2026-01-12T16:41:05Z" level=info msg="Labels and annotations have been set successfully on node: fimkh6jhc3bci.ej9uc21fikgfa.dagger.local"
[95m35  : [0m[90;2m┆ ┆ [0m[90m[11.1s] [0m[90m|[0m time="2026-01-12T16:41:05Z" level=warning msg="Unable to fetch coredns config map: configmaps \"coredns\" not found"
[95m35  : [0m[90;2m┆ ┆ [0m[90m[11.1s] [0m[90m|[0m time="2026-01-12T16:41:05Z" level=warning msg="Unable to fetch coredns config map: configmaps \"coredns\" not found"
[95m35  : [0m[90;2m┆ ┆ [0m[90m[11.1s] [0m[90m|[0m I0112 16:41:05.073308      14 shared_informer.go:356] "Caches are synced" controller="client-ca::kube-system::extension-apiserver-authentication::client-ca-file"
[95m35  : [0m[90;2m┆ ┆ [0m[90m[11.1s] [0m[90m|[0m I0112 16:41:05.073320      14 shared_informer.go:356] "Caches are synced" controller="client-ca::kube-system::extension-apiserver-authentication::requestheader-client-ca-file"
[95m35  : [0m[90;2m┆ ┆ [0m[90m[11.1s] [0m[90m|[0m I0112 16:41:05.073336      14 shared_informer.go:356] "Caches are synced" controller="RequestHeaderAuthRequestController"
[95m35  : [0m[90;2m┆ ┆ [0m[90m[11.1s] [0m[90m|[0m time="2026-01-12T16:41:05Z" level=warning msg="Unable to fetch coredns config map: configmaps \"coredns\" not found"
[95m35  : [0m[90;2m┆ ┆ [0m[90m[11.1s] [0m[90m|[0m I0112 16:41:05.075147      14 shared_informer.go:356] "Caches are synced" controller="tokens"
[95m35  : [0m[90;2m┆ ┆ [0m[90m[11.1s] [0m[90m|[0m I0112 16:41:05.075996      14 controllermanager.go:781] "Started controller" controller="serviceaccount-controller"
[95m35  : [0m[90;2m┆ ┆ [0m[90m[11.1s] [0m[90m|[0m I0112 16:41:05.076001      14 serviceaccounts_controller.go:114] "Starting service account controller"
[95m35  : [0m[90;2m┆ ┆ [0m[90m[11.1s] [0m[90m|[0m I0112 16:41:05.076005      14 shared_informer.go:349] "Waiting for caches to sync" controller="service account"
[95m35  : [0m[90;2m┆ ┆ [0m[90m[11.2s] [0m[90m|[0m time="2026-01-12T16:41:05Z" level=info msg="Starting rbac.authorization.k8s.io/v1, Kind=ClusterRoleBinding controller"
[95m35  : [0m[90;2m┆ ┆ [0m[90m[11.2s] [0m[90m|[0m time="2026-01-12T16:41:05Z" level=info msg="Starting batch/v1, Kind=Job controller"
[95m35  : [0m[90;2m┆ ┆ [0m[90m[11.2s] [0m[90m|[0m time="2026-01-12T16:41:05Z" level=info msg="Starting /v1, Kind=ConfigMap controller"
[95m35  : [0m[90;2m┆ ┆ [0m[90m[11.2s] [0m[90m|[0m time="2026-01-12T16:41:05Z" level=info msg="Starting /v1, Kind=ServiceAccount controller"
[95m35  : [0m[90;2m┆ ┆ [0m[90m[11.2s] [0m[90m|[0m time="2026-01-12T16:41:05Z" level=info msg="Starting /v1, Kind=Secret controller"
[95m35  : [0m[90;2m┆ ┆ [0m[90m[11.2s] [0m[90m|[0m time="2026-01-12T16:41:05Z" level=info msg="Starting helm.cattle.io/v1, Kind=HelmChart controller"
[95m35  : [0m[90;2m┆ ┆ [0m[90m[11.2s] [0m[90m|[0m time="2026-01-12T16:41:05Z" level=info msg="Starting helm.cattle.io/v1, Kind=HelmChartConfig controller"
[95m35  : [0m[90;2m┆ ┆ [0m[90m[11.3s] [0m[90m|[0m I0112 16:41:05.227172      14 controllermanager.go:781] "Started controller" controller="replicaset-controller"
[95m35  : [0m[90;2m┆ ┆ [0m[90m[11.3s] [0m[90m|[0m I0112 16:41:05.227190      14 controllermanager.go:744] "Warning: controller is disabled" controller="bootstrap-signer-controller"
[95m35  : [0m[90;2m┆ ┆ [0m[90m[11.3s] [0m[90m|[0m I0112 16:41:05.227221      14 replica_set.go:243] "Starting controller" name="replicaset"
[95m35  : [0m[90;2m┆ ┆ [0m[90m[11.3s] [0m[90m|[0m I0112 16:41:05.227240      14 shared_informer.go:349] "Waiting for caches to sync" controller="ReplicaSet"
[95m35  : [0m[90;2m┆ ┆ [0m[90m[11.4s] [0m[90m|[0m I0112 16:41:05.381608      14 controllermanager.go:781] "Started controller" controller="token-cleaner-controller"
[95m35  : [0m[90;2m┆ ┆ [0m[90m[11.4s] [0m[90m|[0m I0112 16:41:05.381706      14 tokencleaner.go:117] "Starting token cleaner controller"
[95m35  : [0m[90;2m┆ ┆ [0m[90m[11.4s] [0m[90m|[0m I0112 16:41:05.381727      14 shared_informer.go:349] "Waiting for caches to sync" controller="token_cleaner"
[95m35  : [0m[90;2m┆ ┆ [0m[90m[11.4s] [0m[90m|[0m I0112 16:41:05.381747      14 shared_informer.go:356] "Caches are synced" controller="token_cleaner"
[95m35  : [0m[90;2m┆ ┆ [0m[90m[11.5s] [0m[90m|[0m I0112 16:41:05.427172      14 apiserver.go:52] "Watching apiserver"
[95m35  : [0m[90;2m┆ ┆ [0m[90m[11.5s] [0m[90m|[0m I0112 16:41:05.440391      14 desired_state_of_world_populator.go:154] "Finished populating initial desired state of world"
[95m35  : [0m[90;2m┆ ┆ [0m[90m[11.6s] [0m[90m|[0m I0112 16:41:05.532389      14 controllermanager.go:781] "Started controller" controller="persistentvolume-attach-detach-controller"
[95m35  : [0m[90;2m┆ ┆ [0m[90m[11.6s] [0m[90m|[0m I0112 16:41:05.532510      14 attach_detach_controller.go:336] "Starting attach detach controller"
[95m35  : [0m[90;2m┆ ┆ [0m[90m[11.6s] [0m[90m|[0m I0112 16:41:05.532532      14 shared_informer.go:349] "Waiting for caches to sync" controller="attach detach"
[95m35  : [0m[90;2m┆ ┆ [0m[90m[11.7s] [0m[90m|[0m I0112 16:41:05.681022      14 controllermanager.go:781] "Started controller" controller="persistentvolume-protection-controller"
[95m35  : [0m[90;2m┆ ┆ [0m[90m[11.7s] [0m[90m|[0m I0112 16:41:05.681215      14 pv_protection_controller.go:81] "Starting PV protection controller"
[95m35  : [0m[90;2m┆ ┆ [0m[90m[11.7s] [0m[90m|[0m I0112 16:41:05.681250      14 shared_informer.go:349] "Waiting for caches to sync" controller="PV protection"
[95m35  : [0m[90;2m┆ ┆ [0m[90m[11.9s] [0m[90m|[0m I0112 16:41:05.830469      14 controllermanager.go:781] "Started controller" controller="root-ca-certificate-publisher-controller"
[95m35  : [0m[90;2m┆ ┆ [0m[90m[11.9s] [0m[90m|[0m I0112 16:41:05.830554      14 publisher.go:107] "Starting root CA cert publisher controller"
[95m35  : [0m[90;2m┆ ┆ [0m[90m[11.9s] [0m[90m|[0m I0112 16:41:05.830569      14 shared_informer.go:349] "Waiting for caches to sync" controller="crt configmap"
[95m35  : [0m[90;2m┆ ┆ [0m[90m[11.9s] [0m[90m|[0m time="2026-01-12T16:41:05Z" level=info msg="Updating TLS secret for kube-system/k3s-serving (count: 10): map[listener.cattle.io/cn-10.43.0.1:10.43.0.1 listener.cattle.io/cn-10.87.0.127:10.87.0.127 listener.cattle.io/cn-127.0.0.1:127.0.0.1 listener.cattle.io/cn-__1-f16284:::1 listener.cattle.io/cn-fimkh6jhc3bci.ej9uc21fikgfa.dagger.local:fimkh6jhc3bci.ej9uc21fikgfa.dagger.local listener.cattle.io/cn-kubernetes:kubernetes listener.cattle.io/cn-kubernetes.default:kubernetes.default listener.cattle.io/cn-kubernetes.default.svc:kubernetes.default.svc listener.cattle.io/cn-kubernetes.default.svc.cluster.local:kubernetes.default.svc.cluster.local listener.cattle.io/cn-localhost:localhost listener.cattle.io/fingerprint:SHA1=C245FBBD1FF65977ED055C7DFE439D2C8F03CDD3]"
[95m35  : [0m[90;2m┆ ┆ [0m[90m[11.9s] [0m[90m|[0m time="2026-01-12T16:41:05Z" level=info msg="Active TLS secret kube-system/k3s-serving (ver=255) (count 10): map[listener.cattle.io/cn-10.43.0.1:10.43.0.1 listener.cattle.io/cn-10.87.0.127:10.87.0.127 listener.cattle.io/cn-127.0.0.1:127.0.0.1 listener.cattle.io/cn-__1-f16284:::1 listener.cattle.io/cn-fimkh6jhc3bci.ej9uc21fikgfa.dagger.local:fimkh6jhc3bci.ej9uc21fikgfa.dagger.local listener.cattle.io/cn-kubernetes:kubernetes listener.cattle.io/cn-kubernetes.default:kubernetes.default listener.cattle.io/cn-kubernetes.default.svc:kubernetes.default.svc listener.cattle.io/cn-kubernetes.default.svc.cluster.local:kubernetes.default.svc.cluster.local listener.cattle.io/cn-localhost:localhost listener.cattle.io/fingerprint:SHA1=C245FBBD1FF65977ED055C7DFE439D2C8F03CDD3]"
[95m35  : [0m[90;2m┆ ┆ [0m[90m[12.0s] [0m[90m|[0m time="2026-01-12T16:41:05Z" level=info msg="Updating TLS secret for kube-system/k3s-serving (count: 10): map[listener.cattle.io/cn-10.43.0.1:10.43.0.1 listener.cattle.io/cn-10.87.0.127:10.87.0.127 listener.cattle.io/cn-127.0.0.1:127.0.0.1 listener.cattle.io/cn-__1-f16284:::1 listener.cattle.io/cn-fimkh6jhc3bci.ej9uc21fikgfa.dagger.local:fimkh6jhc3bci.ej9uc21fikgfa.dagger.local listener.cattle.io/cn-kubernetes:kubernetes listener.cattle.io/cn-kubernetes.default:kubernetes.default listener.cattle.io/cn-kubernetes.default.svc:kubernetes.default.svc listener.cattle.io/cn-kubernetes.default.svc.cluster.local:kubernetes.default.svc.cluster.local listener.cattle.io/cn-localhost:localhost listener.cattle.io/fingerprint:SHA1=C245FBBD1FF65977ED055C7DFE439D2C8F03CDD3]"
[95m35  : [0m[90;2m┆ ┆ [0m[90m[12.2s] [0m[90m|[0m I0112 16:41:06.132166      14 resource_quota_monitor.go:227] "QuotaMonitor created object count evaluator" resource="endpointslices.discovery.k8s.io"
[95m35  : [0m[90;2m┆ ┆ [0m[90m[12.2s] [0m[90m|[0m I0112 16:41:06.132216      14 resource_quota_monitor.go:227] "QuotaMonitor created object count evaluator" resource="helmcharts.helm.cattle.io"
[95m35  : [0m[90;2m┆ ┆ [0m[90m[12.2s] [0m[90m|[0m I0112 16:41:06.132246      14 resource_quota_monitor.go:227] "QuotaMonitor created object count evaluator" resource="serviceaccounts"
[95m35  : [0m[90;2m┆ ┆ [0m[90m[12.2s] [0m[90m|[0m I0112 16:41:06.132314      14 resource_quota_monitor.go:227] "QuotaMonitor created object count evaluator" resource="csistoragecapacities.storage.k8s.io"
[95m35  : [0m[90;2m┆ ┆ [0m[90m[12.2s] [0m[90m|[0m I0112 16:41:06.132330      14 resource_quota_monitor.go:227] "QuotaMonitor created object count evaluator" resource="podtemplates"
[95m35  : [0m[90;2m┆ ┆ [0m[90m[12.2s] [0m[90m|[0m I0112 16:41:06.132340      14 resource_quota_monitor.go:227] "QuotaMonitor created object count evaluator" resource="endpoints"
[95m35  : [0m[90;2m┆ ┆ [0m[90m[12.2s] [0m[90m|[0m I0112 16:41:06.132364      14 resource_quota_monitor.go:227] "QuotaMonitor created object count evaluator" resource="statefulsets.apps"
[95m35  : [0m[90;2m┆ ┆ [0m[90m[12.2s] [0m[90m|[0m I0112 16:41:06.132371      14 resource_quota_monitor.go:227] "QuotaMonitor created object count evaluator" resource="replicasets.apps"
[95m35  : [0m[90;2m┆ ┆ [0m[90m[12.2s] [0m[90m|[0m I0112 16:41:06.132388      14 resource_quota_monitor.go:227] "QuotaMonitor created object count evaluator" resource="networkpolicies.networking.k8s.io"
[95m35  : [0m[90;2m┆ ┆ [0m[90m[12.2s] [0m[90m|[0m I0112 16:41:06.132405      14 shared_informer.go:682] "Warning: resync period is smaller than resync check period and the informer has already started. Changing it to the resync check period" resyncPeriod="13h27m13.753505998s" resyncCheckPeriod="17h17m27.575099783s"
[95m35  : [0m[90;2m┆ ┆ [0m[90m[12.2s] [0m[90m|[0m I0112 16:41:06.132437      14 resource_quota_monitor.go:227] "QuotaMonitor created object count evaluator" resource="limitranges"
[95m35  : [0m[90;2m┆ ┆ [0m[90m[12.2s] [0m[90m|[0m I0112 16:41:06.132448      14 resource_quota_monitor.go:227] "QuotaMonitor created object count evaluator" resource="cronjobs.batch"
[95m35  : [0m[90;2m┆ ┆ [0m[90m[12.2s] [0m[90m|[0m I0112 16:41:06.132464      14 resource_quota_monitor.go:227] "QuotaMonitor created object count evaluator" resource="rolebindings.rbac.authorization.k8s.io"
[95m35  : [0m[90;2m┆ ┆ [0m[90m[12.2s] [0m[90m|[0m I0112 16:41:06.132477      14 resource_quota_monitor.go:227] "QuotaMonitor created object count evaluator" resource="leases.coordination.k8s.io"
[95m35  : [0m[90;2m┆ ┆ [0m[90m[12.2s] [0m[90m|[0m I0112 16:41:06.132498      14 resource_quota_monitor.go:227] "QuotaMonitor created object count evaluator" resource="ingresses.networking.k8s.io"
[95m35  : [0m[90;2m┆ ┆ [0m[90m[12.2s] [0m[90m|[0m I0112 16:41:06.132508      14 resource_quota_monitor.go:227] "QuotaMonitor created object count evaluator" resource="daemonsets.apps"
[95m35  : [0m[90;2m┆ ┆ [0m[90m[12.2s] [0m[90m|[0m I0112 16:41:06.132516      14 resource_quota_monitor.go:227] "QuotaMonitor created object count evaluator" resource="roles.rbac.authorization.k8s.io"
[95m35  : [0m[90;2m┆ ┆ [0m[90m[12.2s] [0m[90m|[0m I0112 16:41:06.132557      14 resource_quota_monitor.go:227] "QuotaMonitor created object count evaluator" resource="helmchartconfigs.helm.cattle.io"
[95m35  : [0m[90;2m┆ ┆ [0m[90m[12.2s] [0m[90m|[0m I0112 16:41:06.132570      14 resource_quota_monitor.go:227] "QuotaMonitor created object count evaluator" resource="horizontalpodautoscalers.autoscaling"
[95m35  : [0m[90;2m┆ ┆ [0m[90m[12.2s] [0m[90m|[0m I0112 16:41:06.132579      14 resource_quota_monitor.go:227] "QuotaMonitor created object count evaluator" resource="poddisruptionbudgets.policy"
[95m35  : [0m[90;2m┆ ┆ [0m[90m[12.2s] [0m[90m|[0m I0112 16:41:06.132595      14 resource_quota_monitor.go:227] "QuotaMonitor created object count evaluator" resource="resourceclaimtemplates.resource.k8s.io"
[95m35  : [0m[90;2m┆ ┆ [0m[90m[12.2s] [0m[90m|[0m I0112 16:41:06.132605      14 resource_quota_monitor.go:227] "QuotaMonitor created object count evaluator" resource="addons.k3s.cattle.io"
[95m35  : [0m[90;2m┆ ┆ [0m[90m[12.2s] [0m[90m|[0m I0112 16:41:06.132619      14 resource_quota_monitor.go:227] "QuotaMonitor created object count evaluator" resource="deployments.apps"
[95m35  : [0m[90;2m┆ ┆ [0m[90m[12.2s] [0m[90m|[0m I0112 16:41:06.132636      14 resource_quota_monitor.go:227] "QuotaMonitor created object count evaluator" resource="controllerrevisions.apps"
[95m35  : [0m[90;2m┆ ┆ [0m[90m[12.2s] [0m[90m|[0m I0112 16:41:06.132650      14 resource_quota_monitor.go:227] "QuotaMonitor created object count evaluator" resource="jobs.batch"
[95m35  : [0m[90;2m┆ ┆ [0m[90m[12.2s] [0m[90m|[0m I0112 16:41:06.132666      14 controllermanager.go:781] "Started controller" controller="resourcequota-controller"
[95m35  : [0m[90;2m┆ ┆ [0m[90m[12.2s] [0m[90m|[0m I0112 16:41:06.132693      14 resource_quota_controller.go:300] "Starting resource quota controller"
[95m35  : [0m[90;2m┆ ┆ [0m[90m[12.2s] [0m[90m|[0m I0112 16:41:06.132709      14 shared_informer.go:349] "Waiting for caches to sync" controller="resource quota"
[95m35  : [0m[90;2m┆ ┆ [0m[90m[12.2s] [0m[90m|[0m I0112 16:41:06.132720      14 resource_quota_monitor.go:308] "QuotaMonitor running"
[95m35  : [0m[90;2m┆ ┆ [0m[90m[12.3s] [0m[90m|[0m I0112 16:41:06.282147      14 controllermanager.go:781] "Started controller" controller="persistentvolumeclaim-protection-controller"
[95m35  : [0m[90;2m┆ ┆ [0m[90m[12.3s] [0m[90m|[0m I0112 16:41:06.282248      14 pvc_protection_controller.go:168] "Starting PVC protection controller"
[95m35  : [0m[90;2m┆ ┆ [0m[90m[12.3s] [0m[90m|[0m I0112 16:41:06.282266      14 shared_informer.go:349] "Waiting for caches to sync" controller="PVC protection"
[95m35  : [0m[90;2m┆ ┆ [0m[90m[12.5s] [0m[90m|[0m I0112 16:41:06.430998      14 controllermanager.go:781] "Started controller" controller="volumeattributesclass-protection-controller"
[95m35  : [0m[90;2m┆ ┆ [0m[90m[12.5s] [0m[90m|[0m I0112 16:41:06.431050      14 controllermanager.go:733] "Controller is disabled by a feature gate" controller="storageversion-garbage-collector-controller" requiredFeatureGates=["APIServerIdentity","StorageVersionAPI"]
[95m35  : [0m[90;2m┆ ┆ [0m[90m[12.5s] [0m[90m|[0m I0112 16:41:06.431127      14 vac_protection_controller.go:206] "Starting VAC protection controller"
[95m35  : [0m[90;2m┆ ┆ [0m[90m[12.5s] [0m[90m|[0m I0112 16:41:06.431143      14 shared_informer.go:349] "Waiting for caches to sync" controller="VAC protection"
[95m35  : [0m[90;2m┆ ┆ [0m[90m[12.6s] [0m[90m|[0m I0112 16:41:06.581787      14 controllermanager.go:781] "Started controller" controller="resourceclaim-controller"
[95m35  : [0m[90;2m┆ ┆ [0m[90m[12.6s] [0m[90m|[0m I0112 16:41:06.581826      14 controller.go:397] "Starting resource claim controller"
[95m35  : [0m[90;2m┆ ┆ [0m[90m[12.6s] [0m[90m|[0m I0112 16:41:06.581893      14 shared_informer.go:349] "Waiting for caches to sync" controller="resource_claim"
[95m35  : [0m[90;2m┆ ┆ [0m[90m[12.8s] [0m[90m|[0m I0112 16:41:06.731871      14 controllermanager.go:781] "Started controller" controller="taint-eviction-controller"
[95m35  : [0m[90;2m┆ ┆ [0m[90m[12.8s] [0m[90m|[0m I0112 16:41:06.731927      14 controllermanager.go:759] "Warning: skipping controller" controller="storage-version-migrator-controller"
[95m35  : [0m[90;2m┆ ┆ [0m[90m[12.8s] [0m[90m|[0m I0112 16:41:06.731974      14 taint_eviction.go:282] "Starting" controller="taint-eviction-controller"
[95m35  : [0m[90;2m┆ ┆ [0m[90m[12.8s] [0m[90m|[0m I0112 16:41:06.732028      14 taint_eviction.go:288] "Sending events to api server"
[95m35  : [0m[90;2m┆ ┆ [0m[90m[12.8s] [0m[90m|[0m I0112 16:41:06.732064      14 shared_informer.go:349] "Waiting for caches to sync" controller="taint-eviction-controller"
[95m35  : [0m[90;2m┆ ┆ [0m[90m[12.9s] [0m[90m|[0m I0112 16:41:06.880608      14 controllermanager.go:781] "Started controller" controller="job-controller"
[95m35  : [0m[90;2m┆ ┆ [0m[90m[12.9s] [0m[90m|[0m I0112 16:41:06.880714      14 job_controller.go:257] "Starting job controller"
[95m35  : [0m[90;2m┆ ┆ [0m[90m[12.9s] [0m[90m|[0m I0112 16:41:06.880726      14 shared_informer.go:349] "Waiting for caches to sync" controller="job"
[95m35  : [0m[90;2m┆ ┆ [0m[90m[13.1s] [0m[90m|[0m I0112 16:41:07.032743      14 certificate_controller.go:120] "Starting certificate controller" name="csrsigning-kubelet-serving"
[95m35  : [0m[90;2m┆ ┆ [0m[90m[13.1s] [0m[90m|[0m I0112 16:41:07.032780      14 shared_informer.go:349] "Waiting for caches to sync" controller="certificate-csrsigning-kubelet-serving"
[95m35  : [0m[90;2m┆ ┆ [0m[90m[13.1s] [0m[90m|[0m I0112 16:41:07.032812      14 dynamic_serving_content.go:135] "Starting controller" name="csr-controller::/var/lib/rancher/k3s/server/tls/server-ca.nochain.crt::/var/lib/rancher/k3s/server/tls/server-ca.key"
[95m35  : [0m[90;2m┆ ┆ [0m[90m[13.1s] [0m[90m|[0m I0112 16:41:07.033296      14 certificate_controller.go:120] "Starting certificate controller" name="csrsigning-kubelet-client"
[95m35  : [0m[90;2m┆ ┆ [0m[90m[13.1s] [0m[90m|[0m I0112 16:41:07.033477      14 shared_informer.go:349] "Waiting for caches to sync" controller="certificate-csrsigning-kubelet-client"
[95m35  : [0m[90;2m┆ ┆ [0m[90m[13.1s] [0m[90m|[0m I0112 16:41:07.033430      14 certificate_controller.go:120] "Starting certificate controller" name="csrsigning-kube-apiserver-client"
[95m35  : [0m[90;2m┆ ┆ [0m[90m[13.1s] [0m[90m|[0m I0112 16:41:07.033548      14 dynamic_serving_content.go:135] "Starting controller" name="csr-controller::/var/lib/rancher/k3s/server/tls/client-ca.nochain.crt::/var/lib/rancher/k3s/server/tls/client-ca.key"
[95m35  : [0m[90;2m┆ ┆ [0m[90m[13.1s] [0m[90m|[0m I0112 16:41:07.033562      14 shared_informer.go:349] "Waiting for caches to sync" controller="certificate-csrsigning-kube-apiserver-client"
[95m35  : [0m[90;2m┆ ┆ [0m[90m[13.1s] [0m[90m|[0m I0112 16:41:07.033447      14 dynamic_serving_content.go:135] "Starting controller" name="csr-controller::/var/lib/rancher/k3s/server/tls/client-ca.nochain.crt::/var/lib/rancher/k3s/server/tls/client-ca.key"
[95m35  : [0m[90;2m┆ ┆ [0m[90m[13.1s] [0m[90m|[0m I0112 16:41:07.033655      14 controllermanager.go:781] "Started controller" controller="certificatesigningrequest-signing-controller"
[95m35  : [0m[90;2m┆ ┆ [0m[90m[13.1s] [0m[90m|[0m I0112 16:41:07.033792      14 certificate_controller.go:120] "Starting certificate controller" name="csrsigning-legacy-unknown"
[95m35  : [0m[90;2m┆ ┆ [0m[90m[13.1s] [0m[90m|[0m I0112 16:41:07.033823      14 shared_informer.go:349] "Waiting for caches to sync" controller="certificate-csrsigning-legacy-unknown"
[95m35  : [0m[90;2m┆ ┆ [0m[90m[13.1s] [0m[90m|[0m I0112 16:41:07.033847      14 dynamic_serving_content.go:135] "Starting controller" name="csr-controller::/var/lib/rancher/k3s/server/tls/server-ca.nochain.crt::/var/lib/rancher/k3s/server/tls/server-ca.key"
[95m35  : [0m[90;2m┆ ┆ [0m[90m[13.1s] [0m[90m|[0m I0112 16:41:07.065626      14 controller.go:667] quota admission added evaluator for: addons.k3s.cattle.io
[95m35  : [0m[90;2m┆ ┆ [0m[90m[13.1s] [0m[90m|[0m I0112 16:41:07.071660      14 event.go:389] "Event occurred" object="kube-system/ccm" fieldPath="" kind="Addon" apiVersion="k3s.cattle.io/v1" type="Normal" reason="ApplyingManifest" message="Applying manifest at \"/var/lib/rancher/k3s/server/manifests/ccm.yaml\""
[95m35  : [0m[90;2m┆ ┆ [0m[90m[13.1s] [0m[90m|[0m time="2026-01-12T16:41:07Z" level=debug msg="DesiredSet - Created rbac.authorization.k8s.io/v1, Kind=ClusterRole k3s-cloud-controller-manager for  kube-system/ccm"
[95m35  : [0m[90;2m┆ ┆ [0m[90m[13.1s] [0m[90m|[0m time="2026-01-12T16:41:07Z" level=debug msg="DesiredSet - Created rbac.authorization.k8s.io/v1, Kind=ClusterRoleBinding k3s-cloud-controller-manager for  kube-system/ccm"
[95m35  : [0m[90;2m┆ ┆ [0m[90m[13.1s] [0m[90m|[0m time="2026-01-12T16:41:07Z" level=debug msg="DesiredSet - Created rbac.authorization.k8s.io/v1, Kind=ClusterRoleBinding k3s-cloud-controller-manager-auth-delegator for  kube-system/ccm"
[95m35  : [0m[90;2m┆ ┆ [0m[90m[13.1s] [0m[90m|[0m time="2026-01-12T16:41:07Z" level=debug msg="DesiredSet - Created rbac.authorization.k8s.io/v1, Kind=RoleBinding kube-system/k3s-cloud-controller-manager-authentication-reader for  kube-system/ccm"
[95m35  : [0m[90;2m┆ ┆ [0m[90m[13.1s] [0m[90m|[0m I0112 16:41:07.095735      14 event.go:389] "Event occurred" object="kube-system/ccm" fieldPath="" kind="Addon" apiVersion="k3s.cattle.io/v1" type="Normal" reason="AppliedManifest" message="Applied manifest at \"/var/lib/rancher/k3s/server/manifests/ccm.yaml\""
[95m35  : [0m[90;2m┆ ┆ [0m[90m[13.1s] [0m[90m|[0m I0112 16:41:07.102830      14 event.go:389] "Event occurred" object="kube-system/coredns" fieldPath="" kind="Addon" apiVersion="k3s.cattle.io/v1" type="Normal" reason="ApplyingManifest" message="Applying manifest at \"/var/lib/rancher/k3s/server/manifests/coredns.yaml\""
[95m35  : [0m[90;2m┆ ┆ [0m[90m[13.1s] [0m[90m|[0m time="2026-01-12T16:41:07Z" level=debug msg="DesiredSet - Created /v1, Kind=ServiceAccount kube-system/coredns for  kube-system/coredns"
[95m35  : [0m[90;2m┆ ┆ [0m[90m[13.2s] [0m[90m|[0m time="2026-01-12T16:41:07Z" level=debug msg="DesiredSet - Created rbac.authorization.k8s.io/v1, Kind=ClusterRole system:coredns for  kube-system/coredns"
[95m35  : [0m[90;2m┆ ┆ [0m[90m[13.2s] [0m[90m|[0m I0112 16:41:07.181715      14 range_allocator.go:112] "No Secondary Service CIDR provided. Skipping filtering out secondary service addresses"
[95m35  : [0m[90;2m┆ ┆ [0m[90m[13.2s] [0m[90m|[0m I0112 16:41:07.181745      14 controllermanager.go:781] "Started controller" controller="node-ipam-controller"
[95m35  : [0m[90;2m┆ ┆ [0m[90m[13.2s] [0m[90m|[0m I0112 16:41:07.181749      14 controllermanager.go:739] "Skipping a cloud provider controller" controller="cloud-node-lifecycle-controller"
[95m35  : [0m[90;2m┆ ┆ [0m[90m[13.2s] [0m[90m|[0m I0112 16:41:07.181773      14 node_ipam_controller.go:141] "Starting ipam controller"
[95m35  : [0m[90;2m┆ ┆ [0m[90m[13.2s] [0m[90m|[0m I0112 16:41:07.181780      14 shared_informer.go:349] "Waiting for caches to sync" controller="node"
[95m35  : [0m[90;2m┆ ┆ [0m[90m[13.2s] [0m[90m|[0m time="2026-01-12T16:41:07Z" level=debug msg="DesiredSet - Created rbac.authorization.k8s.io/v1, Kind=ClusterRoleBinding system:coredns for  kube-system/coredns"
[95m35  : [0m[90;2m┆ ┆ [0m[90m[13.2s] [0m[90m|[0m time="2026-01-12T16:41:07Z" level=debug msg="DesiredSet - Created /v1, Kind=ConfigMap kube-system/coredns for  kube-system/coredns"
[95m35  : [0m[90;2m┆ ┆ [0m[90m[13.2s] [0m[90m|[0m I0112 16:41:07.194668      14 controller.go:667] quota admission added evaluator for: deployments.apps
[95m35  : [0m[90;2m┆ ┆ [0m[90m[13.2s] [0m[90m|[0m time="2026-01-12T16:41:07Z" level=debug msg="DesiredSet - Created apps/v1, Kind=Deployment kube-system/coredns for  kube-system/coredns"
[95m35  : [0m[90;2m┆ ┆ [0m[90m[13.2s] [0m[90m|[0m I0112 16:41:07.201649      14 alloc.go:328] "allocated clusterIPs" service="kube-system/kube-dns" clusterIPs={"IPv4":"10.43.0.10"}
[95m35  : [0m[90;2m┆ ┆ [0m[90m[13.2s] [0m[90m|[0m time="2026-01-12T16:41:07Z" level=debug msg="DesiredSet - Created /v1, Kind=Service kube-system/kube-dns for  kube-system/coredns"
[95m35  : [0m[90;2m┆ ┆ [0m[90m[13.2s] [0m[90m|[0m I0112 16:41:07.202146      14 event.go:389] "Event occurred" object="kube-system/coredns" fieldPath="" kind="Addon" apiVersion="k3s.cattle.io/v1" type="Normal" reason="AppliedManifest" message="Applied manifest at \"/var/lib/rancher/k3s/server/manifests/coredns.yaml\""
[95m35  : [0m[90;2m┆ ┆ [0m[90m[13.2s] [0m[90m|[0m I0112 16:41:07.205915      14 event.go:389] "Event occurred" object="kube-system/local-storage" fieldPath="" kind="Addon" apiVersion="k3s.cattle.io/v1" type="Normal" reason="ApplyingManifest" message="Applying manifest at \"/var/lib/rancher/k3s/server/manifests/local-storage.yaml\""
[95m35  : [0m[90;2m┆ ┆ [0m[90m[13.2s] [0m[90m|[0m time="2026-01-12T16:41:07Z" level=debug msg="DesiredSet - Created /v1, Kind=ServiceAccount kube-system/local-path-provisioner-service-account for  kube-system/local-storage"
[95m35  : [0m[90;2m┆ ┆ [0m[90m[13.3s] [0m[90m|[0m time="2026-01-12T16:41:07Z" level=debug msg="DesiredSet - Created rbac.authorization.k8s.io/v1, Kind=ClusterRole local-path-provisioner-role for  kube-system/local-storage"
[95m35  : [0m[90;2m┆ ┆ [0m[90m[13.3s] [0m[90m|[0m time="2026-01-12T16:41:07Z" level=debug msg="DesiredSet - Created rbac.authorization.k8s.io/v1, Kind=ClusterRoleBinding local-path-provisioner-bind for  kube-system/local-storage"
[95m35  : [0m[90;2m┆ ┆ [0m[90m[13.3s] [0m[90m|[0m time="2026-01-12T16:41:07Z" level=debug msg="DesiredSet - Created apps/v1, Kind=Deployment kube-system/local-path-provisioner for  kube-system/local-storage"
[95m35  : [0m[90;2m┆ ┆ [0m[90m[13.3s] [0m[90m|[0m time="2026-01-12T16:41:07Z" level=debug msg="DesiredSet - Created storage.k8s.io/v1, Kind=StorageClass local-path for  kube-system/local-storage"
[95m35  : [0m[90;2m┆ ┆ [0m[90m[13.3s] [0m[90m|[0m time="2026-01-12T16:41:07Z" level=debug msg="DesiredSet - Created /v1, Kind=ConfigMap kube-system/local-path-config for  kube-system/local-storage"
[95m35  : [0m[90;2m┆ ┆ [0m[90m[13.3s] [0m[90m|[0m I0112 16:41:07.307906      14 event.go:389] "Event occurred" object="kube-system/local-storage" fieldPath="" kind="Addon" apiVersion="k3s.cattle.io/v1" type="Normal" reason="AppliedManifest" message="Applied manifest at \"/var/lib/rancher/k3s/server/manifests/local-storage.yaml\""
[95m35  : [0m[90;2m┆ ┆ [0m[90m[13.3s] [0m[90m|[0m I0112 16:41:07.310849      14 event.go:389] "Event occurred" object="kube-system/rolebindings" fieldPath="" kind="Addon" apiVersion="k3s.cattle.io/v1" type="Normal" reason="ApplyingManifest" message="Applying manifest at \"/var/lib/rancher/k3s/server/manifests/rolebindings.yaml\""
[95m52  : [0m[90;2m┆ [0m[35mProxy[0m.[1mservice[0m[2m: Service![0m
[95m53  : [0m[90;2m┆ ┆ [0mContainer.[1masService[0m[32m DONE[0m[90m [7.7s][0m
[95m53  : [0m[90;2m┆ ┆ [0m[90m[9.9s] [0m[90m|[0m 10.87.0.1 - - [12/Jan/2026:16:41:07 +0000] "\xFF\xF4\xFF\xFD\x06" 400 157 "-" "-" "-"
[95m34  : [0m[90;2m┆ [0m[35mK3S[0m.[1mserver[0m[2m: Service![0m
[95m35  : [0m[90;2m┆ ┆ [0mContainer.[1masService[0m[32m DONE[0m[90m [9.7s][0m
[95m35  : [0m[90;2m┆ ┆ [0m[90m[13.4s] [0m[90m|[0m I0112 16:41:07.327360      14 controllermanager.go:781] "Started controller" controller="ephemeral-volume-controller"
[95m35  : [0m[90;2m┆ ┆ [0m[90m[13.4s] [0m[90m|[0m I0112 16:41:07.327376      14 controllermanager.go:744] "Warning: controller is disabled" controller="selinux-warning-controller"
[95m35  : [0m[90;2m┆ ┆ [0m[90m[13.4s] [0m[90m|[0m I0112 16:41:07.327361      14 controller.go:173] "Starting ephemeral volume controller"
[95m35  : [0m[90;2m┆ ┆ [0m[90m[13.4s] [0m[90m|[0m I0112 16:41:07.327393      14 shared_informer.go:349] "Waiting for caches to sync" controller="ephemeral"
[95m35  : [0m[90;2m┆ ┆ [0m[90m[13.4s] [0m[90m|[0m time="2026-01-12T16:41:07Z" level=debug msg="DesiredSet - Created rbac.authorization.k8s.io/v1, Kind=ClusterRoleBinding clustercidrs-node for  kube-system/rolebindings"
[95m35  : [0m[90;2m┆ ┆ [0m[90m[13.4s] [0m[90m|[0m time="2026-01-12T16:41:07Z" level=debug msg="DesiredSet - Created rbac.authorization.k8s.io/v1, Kind=ClusterRoleBinding kube-apiserver-kubelet-admin for  kube-system/rolebindings"
[95m35  : [0m[90;2m┆ ┆ [0m[90m[13.4s] [0m[90m|[0m time="2026-01-12T16:41:07Z" level=debug msg="DesiredSet - Created rbac.authorization.k8s.io/v1, Kind=ClusterRoleBinding system:k3s-controller for  kube-system/rolebindings"
[95m35  : [0m[90;2m┆ ┆ [0m[90m[13.4s] [0m[90m|[0m time="2026-01-12T16:41:07Z" level=debug msg="DesiredSet - Created rbac.authorization.k8s.io/v1, Kind=ClusterRole clustercidrs-node for  kube-system/rolebindings"
[95m35  : [0m[90;2m┆ ┆ [0m[90m[13.4s] [0m[90m|[0m time="2026-01-12T16:41:07Z" level=debug msg="DesiredSet - Created rbac.authorization.k8s.io/v1, Kind=ClusterRole system:k3s-controller for  kube-system/rolebindings"
[95m35  : [0m[90;2m┆ ┆ [0m[90m[13.4s] [0m[90m|[0m I0112 16:41:07.392309      14 event.go:389] "Event occurred" object="kube-system/rolebindings" fieldPath="" kind="Addon" apiVersion="k3s.cattle.io/v1" type="Normal" reason="AppliedManifest" message="Applied manifest at \"/var/lib/rancher/k3s/server/manifests/rolebindings.yaml\""
[95m35  : [0m[90;2m┆ ┆ [0m[90m[13.4s] [0m[90m|[0m I0112 16:41:07.395706      14 event.go:389] "Event occurred" object="kube-system/runtimes" fieldPath="" kind="Addon" apiVersion="k3s.cattle.io/v1" type="Normal" reason="ApplyingManifest" message="Applying manifest at \"/var/lib/rancher/k3s/server/manifests/runtimes.yaml\""
[95m35  : [0m[90;2m┆ ┆ [0m[90m[13.4s] [0m[90m|[0m time="2026-01-12T16:41:07Z" level=debug msg="DesiredSet - Created node.k8s.io/v1, Kind=RuntimeClass crun for  kube-system/runtimes"
[95m35  : [0m[90;2m┆ ┆ [0m[90m[13.4s] [0m[90m|[0m time="2026-01-12T16:41:07Z" level=debug msg="DesiredSet - Created node.k8s.io/v1, Kind=RuntimeClass lunatic for  kube-system/runtimes"
[95m35  : [0m[90;2m┆ ┆ [0m[90m[13.4s] [0m[90m|[0m time="2026-01-12T16:41:07Z" level=debug msg="DesiredSet - Created node.k8s.io/v1, Kind=RuntimeClass nvidia for  kube-system/runtimes"
[95m35  : [0m[90;2m┆ ┆ [0m[90m[13.4s] [0m[90m|[0m time="2026-01-12T16:41:07Z" level=debug msg="DesiredSet - Created node.k8s.io/v1, Kind=RuntimeClass nvidia-experimental for  kube-system/runtimes"
[95m35  : [0m[90;2m┆ ┆ [0m[90m[13.4s] [0m[90m|[0m time="2026-01-12T16:41:07Z" level=debug msg="DesiredSet - Created node.k8s.io/v1, Kind=RuntimeClass slight for  kube-system/runtimes"
[95m35  : [0m[90;2m┆ ┆ [0m[90m[13.4s] [0m[90m|[0m time="2026-01-12T16:41:07Z" level=debug msg="DesiredSet - Created node.k8s.io/v1, Kind=RuntimeClass spin for  kube-system/runtimes"
[95m35  : [0m[90;2m┆ ┆ [0m[90m[13.4s] [0m[90m|[0m time="2026-01-12T16:41:07Z" level=debug msg="Syncing apiserver addresses from tunnel watch: [10.87.0.127:6443]"
[95m35  : [0m[90;2m┆ ┆ [0m[90m[13.4s] [0m[90m|[0m time="2026-01-12T16:41:07Z" level=info msg="Cluster-Http-Server 2026/01/12 16:41:07 http: TLS handshake error from 10.87.0.127:59614: remote error: tls: bad certificate"
[95m35  : [0m[90;2m┆ ┆ [0m[90m[13.4s] [0m[90m|[0m time="2026-01-12T16:41:07Z" level=info msg="Tunnel authorizer set Kubelet Port 10.87.0.127:10250"
[95m35  : [0m[90;2m┆ ┆ [0m[90m[13.4s] [0m[90m|[0m time="2026-01-12T16:41:07Z" level=debug msg="DesiredSet - Created node.k8s.io/v1, Kind=RuntimeClass wasmedge for  kube-system/runtimes"
[95m35  : [0m[90;2m┆ ┆ [0m[90m[13.4s] [0m[90m|[0m time="2026-01-12T16:41:07Z" level=debug msg="DesiredSet - Created node.k8s.io/v1, Kind=RuntimeClass wasmer for  kube-system/runtimes"
[95m35  : [0m[90;2m┆ ┆ [0m[90m[13.4s] [0m[90m|[0m time="2026-01-12T16:41:07Z" level=debug msg="DesiredSet - Created node.k8s.io/v1, Kind=RuntimeClass wasmtime for  kube-system/runtimes"
[95m35  : [0m[90;2m┆ ┆ [0m[90m[13.4s] [0m[90m|[0m time="2026-01-12T16:41:07Z" level=debug msg="DesiredSet - Created node.k8s.io/v1, Kind=RuntimeClass wws for  kube-system/runtimes"
[95m35  : [0m[90;2m┆ ┆ [0m[90m[13.4s] [0m[90m|[0m I0112 16:41:07.408002      14 event.go:389] "Event occurred" object="kube-system/runtimes" fieldPath="" kind="Addon" apiVersion="k3s.cattle.io/v1" type="Normal" reason="AppliedManifest" message="Applied manifest at \"/var/lib/rancher/k3s/server/manifests/runtimes.yaml\""
[95m35  : [0m[90;2m┆ ┆ [0m[90m[13.4s] [0m[90m|[0m I0112 16:41:07.410838      14 event.go:389] "Event occurred" object="kube-system/traefik" fieldPath="" kind="Addon" apiVersion="k3s.cattle.io/v1" type="Normal" reason="DeletingManifest" message="Deleting manifest at \"/var/lib/rancher/k3s/server/manifests/traefik.yaml\""
[95m35  : [0m[90;2m┆ ┆ [0m[90m[13.5s] [0m[90m|[0m time="2026-01-12T16:41:07Z" level=debug msg="Failed to get apiserver addresses from etcd: apiserver addresses not yet set"
[95m35  : [0m[90;2m┆ ┆ [0m[90m[13.5s] [0m[90m|[0m time="2026-01-12T16:41:07Z" level=debug msg="Syncing apiserver addresses from server: [10.87.0.127:6443]"
[95m35  : [0m[90;2m┆ ┆ [0m[90m[13.5s] [0m[90m|[0m time="2026-01-12T16:41:07Z" level=debug msg="Cancelled apiserver addresses sync: [10.87.0.127:6443]"
[95m35  : [0m[90;2m┆ ┆ [0m[90m[13.5s] [0m[90m|[0m I0112 16:41:07.476774      14 controllermanager.go:781] "Started controller" controller="deployment-controller"
[95m35  : [0m[90;2m┆ ┆ [0m[90m[13.5s] [0m[90m|[0m I0112 16:41:07.476789      14 deployment_controller.go:173] "Starting controller" controller="deployment"
[95m35  : [0m[90;2m┆ ┆ [0m[90m[13.5s] [0m[90m|[0m I0112 16:41:07.476794      14 shared_informer.go:349] "Waiting for caches to sync" controller="deployment"
[95m35  : [0m[90;2m┆ ┆ [0m[90m[13.6s] [0m[90m|[0m I0112 16:41:07.575994      14 serving.go:392] Generated self-signed cert in-memory
[95m35  : [0m[90;2m┆ ┆ [0m[90m[13.7s] [0m[90m|[0m I0112 16:41:07.627212      14 controllermanager.go:781] "Started controller" controller="endpoints-controller"
[95m35  : [0m[90;2m┆ ┆ [0m[90m[13.7s] [0m[90m|[0m I0112 16:41:07.627254      14 endpoints_controller.go:188] "Starting endpoint controller"
[95m35  : [0m[90;2m┆ ┆ [0m[90m[13.7s] [0m[90m|[0m I0112 16:41:07.627259      14 shared_informer.go:349] "Waiting for caches to sync" controller="endpoint"
[95m35  : [0m[90;2m┆ ┆ [0m[90m[13.7s] [0m[90m|[0m I0112 16:41:07.665438      14 serving.go:392] Generated self-signed cert in-memory
[95m35  : [0m[90;2m┆ ┆ [0m[90m[13.9s] [0m[90m|[0m I0112 16:41:07.826620      14 controllermanager.go:781] "Started controller" controller="disruption-controller"
[95m35  : [0m[90;2m┆ ┆ [0m[90m[13.9s] [0m[90m|[0m I0112 16:41:07.826641      14 disruption.go:457] "Sending events to api server."
[95m35  : [0m[90;2m┆ ┆ [0m[90m[13.9s] [0m[90m|[0m I0112 16:41:07.826653      14 disruption.go:468] "Starting disruption controller"
[95m35  : [0m[90;2m┆ ┆ [0m[90m[13.9s] [0m[90m|[0m I0112 16:41:07.826656      14 shared_informer.go:349] "Waiting for caches to sync" controller="disruption"
[95m35  : [0m[90;2m┆ ┆ [0m[90m[13.9s] [0m[90m|[0m I0112 16:41:07.864413      14 controllermanager.go:160] Version: v1.34.1+k3s1
[95m35  : [0m[90;2m┆ ┆ [0m[90m[13.9s] [0m[90m|[0m I0112 16:41:07.865457      14 requestheader_controller.go:180] Starting RequestHeaderAuthRequestController
[95m35  : [0m[90;2m┆ ┆ [0m[90m[13.9s] [0m[90m|[0m I0112 16:41:07.865468      14 shared_informer.go:349] "Waiting for caches to sync" controller="RequestHeaderAuthRequestController"
[95m35  : [0m[90;2m┆ ┆ [0m[90m[13.9s] [0m[90m|[0m I0112 16:41:07.865471      14 configmap_cafile_content.go:205] "Starting controller" name="client-ca::kube-system::extension-apiserver-authentication::client-ca-file"
[95m35  : [0m[90;2m┆ ┆ [0m[90m[13.9s] [0m[90m|[0m I0112 16:41:07.865494      14 shared_informer.go:349] "Waiting for caches to sync" controller="client-ca::kube-system::extension-apiserver-authentication::client-ca-file"
[95m35  : [0m[90;2m┆ ┆ [0m[90m[13.9s] [0m[90m|[0m I0112 16:41:07.865474      14 configmap_cafile_content.go:205] "Starting controller" name="client-ca::kube-system::extension-apiserver-authentication::requestheader-client-ca-file"
[95m35  : [0m[90;2m┆ ┆ [0m[90m[13.9s] [0m[90m|[0m I0112 16:41:07.865500      14 shared_informer.go:349] "Waiting for caches to sync" controller="client-ca::kube-system::extension-apiserver-authentication::requestheader-client-ca-file"
[95m35  : [0m[90;2m┆ ┆ [0m[90m[13.9s] [0m[90m|[0m I0112 16:41:07.865536      14 secure_serving.go:211] Serving securely on 127.0.0.1:10258
[95m35  : [0m[90;2m┆ ┆ [0m[90m[13.9s] [0m[90m|[0m I0112 16:41:07.865685      14 tlsconfig.go:243] "Starting DynamicServingCertificateController"
[95m35  : [0m[90;2m┆ ┆ [0m[90m[13.9s] [0m[90m|[0m time="2026-01-12T16:41:07Z" level=info msg="Creating service-lb-controller event broadcaster"
[95m35  : [0m[90;2m┆ ┆ [0m[90m[13.9s] [0m[90m|[0m I0112 16:41:07.875616      14 controllermanager.go:781] "Started controller" controller="certificatesigningrequest-cleaner-controller"
[95m35  : [0m[90;2m┆ ┆ [0m[90m[13.9s] [0m[90m|[0m I0112 16:41:07.875623      14 controllermanager.go:739] "Skipping a cloud provider controller" controller="service-lb-controller"
[95m35  : [0m[90;2m┆ ┆ [0m[90m[13.9s] [0m[90m|[0m I0112 16:41:07.875633      14 cleaner.go:83] "Starting CSR cleaner controller"
[95m35  : [0m[90;2m┆ ┆ [0m[90m[14.0s] [0m[90m|[0m I0112 16:41:07.966932      14 shared_informer.go:356] "Caches are synced" controller="RequestHeaderAuthRequestController"
[95m35  : [0m[90;2m┆ ┆ [0m[90m[14.0s] [0m[90m|[0m I0112 16:41:07.966960      14 shared_informer.go:356] "Caches are synced" controller="client-ca::kube-system::extension-apiserver-authentication::requestheader-client-ca-file"
[95m35  : [0m[90;2m┆ ┆ [0m[90m[14.0s] [0m[90m|[0m I0112 16:41:07.966967      14 shared_informer.go:356] "Caches are synced" controller="client-ca::kube-system::extension-apiserver-authentication::client-ca-file"
[95m35  : [0m[90;2m┆ ┆ [0m[90m[14.0s] [0m[90m|[0m time="2026-01-12T16:41:07Z" level=info msg="Starting /v1, Kind=Node controller"
[95m35  : [0m[90;2m┆ ┆ [0m[90m[14.0s] [0m[90m|[0m time="2026-01-12T16:41:07Z" level=info msg="Starting /v1, Kind=Pod controller"
[95m35  : [0m[90;2m┆ ┆ [0m[90m[14.0s] [0m[90m|[0m time="2026-01-12T16:41:07Z" level=info msg="Starting apps/v1, Kind=DaemonSet controller"
[95m35  : [0m[90;2m┆ ┆ [0m[90m[14.0s] [0m[90m|[0m time="2026-01-12T16:41:07Z" level=info msg="Starting discovery.k8s.io/v1, Kind=EndpointSlice controller"
[95m35  : [0m[90;2m┆ ┆ [0m[90m[14.0s] [0m[90m|[0m I0112 16:41:07.978029      14 controllermanager.go:329] Started "cloud-node-controller"
[95m35  : [0m[90;2m┆ ┆ [0m[90m[14.0s] [0m[90m|[0m I0112 16:41:07.978050      14 node_controller.go:176] Sending events to api server.
[95m35  : [0m[90;2m┆ ┆ [0m[90m[14.0s] [0m[90m|[0m I0112 16:41:07.978070      14 node_controller.go:185] Waiting for informer caches to sync
[95m35  : [0m[90;2m┆ ┆ [0m[90m[14.0s] [0m[90m|[0m I0112 16:41:07.978105      14 controllermanager.go:329] Started "cloud-node-lifecycle-controller"
[95m35  : [0m[90;2m┆ ┆ [0m[90m[14.0s] [0m[90m|[0m I0112 16:41:07.978203      14 controllermanager.go:329] Started "service-lb-controller"
[95m35  : [0m[90;2m┆ ┆ [0m[90m[14.0s] [0m[90m|[0m W0112 16:41:07.978206      14 controllermanager.go:306] "node-route-controller" is disabled
[95m35  : [0m[90;2m┆ ┆ [0m[90m[14.0s] [0m[90m|[0m I0112 16:41:07.978413      14 node_lifecycle_controller.go:112] Sending events to api server
[95m35  : [0m[90;2m┆ ┆ [0m[90m[14.0s] [0m[90m|[0m I0112 16:41:07.978448      14 controller.go:235] Starting service controller
[95m35  : [0m[90;2m┆ ┆ [0m[90m[14.0s] [0m[90m|[0m I0112 16:41:07.978456      14 shared_informer.go:349] "Waiting for caches to sync" controller="service"
[95m35  : [0m[90;2m┆ ┆ [0m[90m[14.1s] [0m[90m|[0m I0112 16:41:08.076772      14 controllermanager.go:781] "Started controller" controller="validatingadmissionpolicy-status-controller"
[95m35  : [0m[90;2m┆ ┆ [0m[90m[14.1s] [0m[90m|[0m I0112 16:41:08.076803      14 shared_informer.go:349] "Waiting for caches to sync" controller="validatingadmissionpolicy-status"
[95m35  : [0m[90;2m┆ ┆ [0m[90m[14.1s] [0m[90m|[0m I0112 16:41:08.079020      14 node_controller.go:429] Initializing node fimkh6jhc3bci.ej9uc21fikgfa.dagger.local with cloud provider
[95m35  : [0m[90;2m┆ ┆ [0m[90m[14.1s] [0m[90m|[0m I0112 16:41:08.079041      14 shared_informer.go:356] "Caches are synced" controller="service"
[95m35  : [0m[90;2m┆ ┆ [0m[90m[14.1s] [0m[90m|[0m I0112 16:41:08.084430      14 node_controller.go:474] Successfully initialized node fimkh6jhc3bci.ej9uc21fikgfa.dagger.local with cloud provider
[95m35  : [0m[90;2m┆ ┆ [0m[90m[14.1s] [0m[90m|[0m I0112 16:41:08.084618      14 event.go:389] "Event occurred" object="fimkh6jhc3bci.ej9uc21fikgfa.dagger.local" fieldPath="" kind="Node" apiVersion="v1" type="Normal" reason="Synced" message="Node synced successfully"
[95m35  : [0m[90;2m┆ ┆ [0m[90m[14.1s] [0m[90m|[0m time="2026-01-12T16:41:08Z" level=info msg="Updated coredns NodeHosts entry for fimkh6jhc3bci.ej9uc21fikgfa.dagger.local"
[95m35  : [0m[90;2m┆ ┆ [0m[90m[14.2s] [0m[90m|[0m I0112 16:41:08.206395      14 event.go:389] "Event occurred" object="fimkh6jhc3bci.ej9uc21fikgfa.dagger.local" fieldPath="" kind="Node" apiVersion="" type="Normal" reason="NodePasswordValidationComplete" message="Deferred node password secret validation complete"
[95m35  : [0m[90;2m┆ ┆ [0m[90m[14.3s] [0m[90m|[0m I0112 16:41:08.223573      14 server.go:173] "Starting Kubernetes Scheduler" version="v1.34.1+k3s1"
[95m35  : [0m[90;2m┆ ┆ [0m[90m[14.3s] [0m[90m|[0m I0112 16:41:08.223581      14 server.go:175] "Golang settings" GOGC="" GOMAXPROCS="" GOTRACEBACK=""
[95m35  : [0m[90;2m┆ ┆ [0m[90m[14.3s] [0m[90m|[0m I0112 16:41:08.224671      14 requestheader_controller.go:180] Starting RequestHeaderAuthRequestController
[95m35  : [0m[90;2m┆ ┆ [0m[90m[14.3s] [0m[90m|[0m I0112 16:41:08.224686      14 configmap_cafile_content.go:205] "Starting controller" name="client-ca::kube-system::extension-apiserver-authentication::client-ca-file"
[95m35  : [0m[90;2m┆ ┆ [0m[90m[14.3s] [0m[90m|[0m I0112 16:41:08.224690      14 shared_informer.go:349] "Waiting for caches to sync" controller="RequestHeaderAuthRequestController"
[95m35  : [0m[90;2m┆ ┆ [0m[90m[14.3s] [0m[90m|[0m I0112 16:41:08.224692      14 shared_informer.go:349] "Waiting for caches to sync" controller="client-ca::kube-system::extension-apiserver-authentication::client-ca-file"
[95m35  : [0m[90;2m┆ ┆ [0m[90m[14.3s] [0m[90m|[0m I0112 16:41:08.224697      14 configmap_cafile_content.go:205] "Starting controller" name="client-ca::kube-system::extension-apiserver-authentication::requestheader-client-ca-file"
[95m35  : [0m[90;2m┆ ┆ [0m[90m[14.3s] [0m[90m|[0m I0112 16:41:08.224700      14 shared_informer.go:349] "Waiting for caches to sync" controller="client-ca::kube-system::extension-apiserver-authentication::requestheader-client-ca-file"
[95m35  : [0m[90;2m┆ ┆ [0m[90m[14.3s] [0m[90m|[0m I0112 16:41:08.224783      14 dynamic_serving_content.go:135] "Starting controller" name="serving-cert::/var/lib/rancher/k3s/server/tls/kube-scheduler/kube-scheduler.crt::/var/lib/rancher/k3s/server/tls/kube-scheduler/kube-scheduler.key"
[95m35  : [0m[90;2m┆ ┆ [0m[90m[14.3s] [0m[90m|[0m I0112 16:41:08.224964      14 secure_serving.go:211] Serving securely on 127.0.0.1:10259
[95m35  : [0m[90;2m┆ ┆ [0m[90m[14.3s] [0m[90m|[0m I0112 16:41:08.224987      14 tlsconfig.go:243] "Starting DynamicServingCertificateController"
[95m35  : [0m[90;2m┆ ┆ [0m[90m[14.3s] [0m[90m|[0m I0112 16:41:08.226258      14 controllermanager.go:781] "Started controller" controller="ttl-controller"
[95m35  : [0m[90;2m┆ ┆ [0m[90m[14.3s] [0m[90m|[0m I0112 16:41:08.226262      14 controllermanager.go:733] "Controller is disabled by a feature gate" controller="kube-apiserver-serving-clustertrustbundle-publisher-controller" requiredFeatureGates=["ClusterTrustBundle"]
[95m35  : [0m[90;2m┆ ┆ [0m[90m[14.3s] [0m[90m|[0m I0112 16:41:08.226274      14 ttl_controller.go:127] "Starting TTL controller"
[95m35  : [0m[90;2m┆ ┆ [0m[90m[14.3s] [0m[90m|[0m I0112 16:41:08.226276      14 shared_informer.go:349] "Waiting for caches to sync" controller="TTL"
[95m35  : [0m[90;2m┆ ┆ [0m[90m[14.4s] [0m[90m|[0m I0112 16:41:08.326419      14 shared_informer.go:356] "Caches are synced" controller="RequestHeaderAuthRequestController"
[95m35  : [0m[90;2m┆ ┆ [0m[90m[14.4s] [0m[90m|[0m I0112 16:41:08.326440      14 shared_informer.go:356] "Caches are synced" controller="client-ca::kube-system::extension-apiserver-authentication::client-ca-file"
[95m35  : [0m[90;2m┆ ┆ [0m[90m[14.4s] [0m[90m|[0m I0112 16:41:08.326465      14 shared_informer.go:356] "Caches are synced" controller="client-ca::kube-system::extension-apiserver-authentication::requestheader-client-ca-file"
[95m35  : [0m[90;2m┆ ┆ [0m[90m[14.4s] [0m[90m|[0m I0112 16:41:08.377998      14 controllermanager.go:781] "Started controller" controller="endpointslice-controller"
[95m35  : [0m[90;2m┆ ┆ [0m[90m[14.4s] [0m[90m|[0m I0112 16:41:08.378061      14 endpointslice_controller.go:281] "Starting endpoint slice controller"
[95m35  : [0m[90;2m┆ ┆ [0m[90m[14.4s] [0m[90m|[0m I0112 16:41:08.378070      14 shared_informer.go:349] "Waiting for caches to sync" controller="endpoint_slice"
[95m35  : [0m[90;2m┆ ┆ [0m[90m[14.6s] [0m[90m|[0m I0112 16:41:08.530569      14 controllermanager.go:781] "Started controller" controller="endpointslice-mirroring-controller"
[95m35  : [0m[90;2m┆ ┆ [0m[90m[14.6s] [0m[90m|[0m I0112 16:41:08.530726      14 endpointslicemirroring_controller.go:227] "Starting EndpointSliceMirroring controller"
[95m35  : [0m[90;2m┆ ┆ [0m[90m[14.6s] [0m[90m|[0m I0112 16:41:08.530755      14 shared_informer.go:349] "Waiting for caches to sync" controller="endpoint_slice_mirroring"
[95m35  : [0m[90;2m┆ ┆ [0m[90m[14.7s] [0m[90m|[0m I0112 16:41:08.682450      14 controllermanager.go:781] "Started controller" controller="replicationcontroller-controller"
[95m35  : [0m[90;2m┆ ┆ [0m[90m[14.7s] [0m[90m|[0m I0112 16:41:08.682552      14 replica_set.go:243] "Starting controller" name="replicationcontroller"
[95m35  : [0m[90;2m┆ ┆ [0m[90m[14.7s] [0m[90m|[0m I0112 16:41:08.682577      14 shared_informer.go:349] "Waiting for caches to sync" controller="ReplicationController"
[95m35  : [0m[90;2m┆ ┆ [0m[90m[15.0s] [0m[90m|[0m I0112 16:41:08.930161      14 garbagecollector.go:144] "Starting controller" controller="garbagecollector"
[95m35  : [0m[90;2m┆ ┆ [0m[90m[15.0s] [0m[90m|[0m I0112 16:41:08.930218      14 shared_informer.go:349] "Waiting for caches to sync" controller="garbage collector"
[95m35  : [0m[90;2m┆ ┆ [0m[90m[15.0s] [0m[90m|[0m I0112 16:41:08.930258      14 graph_builder.go:351] "Running" component="GraphBuilder"
[95m35  : [0m[90;2m┆ ┆ [0m[90m[15.0s] [0m[90m|[0m I0112 16:41:08.930564      14 controllermanager.go:781] "Started controller" controller="garbage-collector-controller"
[95m35  : [0m[90;2m┆ ┆ [0m[90m[15.2s] [0m[90m|[0m I0112 16:41:09.181034      14 controllermanager.go:781] "Started controller" controller="statefulset-controller"
[95m35  : [0m[90;2m┆ ┆ [0m[90m[15.2s] [0m[90m|[0m I0112 16:41:09.181228      14 stateful_set.go:169] "Starting stateful set controller"
[95m35  : [0m[90;2m┆ ┆ [0m[90m[15.2s] [0m[90m|[0m I0112 16:41:09.181317      14 shared_informer.go:349] "Waiting for caches to sync" controller="stateful set"
[95m35  : [0m[90;2m┆ ┆ [0m[90m[15.3s] [0m[90m|[0m I0112 16:41:09.230204      14 controllermanager.go:781] "Started controller" controller="certificatesigningrequest-approving-controller"
[95m35  : [0m[90;2m┆ ┆ [0m[90m[15.3s] [0m[90m|[0m I0112 16:41:09.230241      14 controllermanager.go:739] "Skipping a cloud provider controller" controller="node-route-controller"
[95m35  : [0m[90;2m┆ ┆ [0m[90m[15.3s] [0m[90m|[0m I0112 16:41:09.230248      14 certificate_controller.go:120] "Starting certificate controller" name="csrapproving"
[95m35  : [0m[90;2m┆ ┆ [0m[90m[15.3s] [0m[90m|[0m I0112 16:41:09.230271      14 shared_informer.go:349] "Waiting for caches to sync" controller="certificate-csrapproving"
[95m35  : [0m[90;2m┆ ┆ [0m[90m[15.4s] [0m[90m|[0m I0112 16:41:09.382046      14 controllermanager.go:781] "Started controller" controller="legacy-serviceaccount-token-cleaner-controller"
[95m35  : [0m[90;2m┆ ┆ [0m[90m[15.4s] [0m[90m|[0m I0112 16:41:09.382091      14 legacy_serviceaccount_token_cleaner.go:103] "Starting legacy service account token cleaner controller"
[95m35  : [0m[90;2m┆ ┆ [0m[90m[15.4s] [0m[90m|[0m I0112 16:41:09.382112      14 shared_informer.go:349] "Waiting for caches to sync" controller="legacy-service-account-token-cleaner"
[95m35  : [0m[90;2m┆ ┆ [0m[90m[15.6s] [0m[90m|[0m I0112 16:41:09.532939      14 controllermanager.go:781] "Started controller" controller="pod-garbage-collector-controller"
[95m35  : [0m[90;2m┆ ┆ [0m[90m[15.6s] [0m[90m|[0m I0112 16:41:09.533031      14 gc_controller.go:99] "Starting GC controller"
[95m35  : [0m[90;2m┆ ┆ [0m[90m[15.6s] [0m[90m|[0m I0112 16:41:09.533048      14 shared_informer.go:349] "Waiting for caches to sync" controller="GC"
[95m35  : [0m[90;2m┆ ┆ [0m[90m[15.7s] [0m[90m|[0m I0112 16:41:09.681654      14 controllermanager.go:781] "Started controller" controller="cronjob-controller"
[95m35  : [0m[90;2m┆ ┆ [0m[90m[15.7s] [0m[90m|[0m I0112 16:41:09.681711      14 controllermanager.go:733] "Controller is disabled by a feature gate" controller="podcertificaterequest-cleaner-controller" requiredFeatureGates=["PodCertificateRequest"]
[95m35  : [0m[90;2m┆ ┆ [0m[90m[15.7s] [0m[90m|[0m I0112 16:41:09.681749      14 cronjob_controllerv2.go:145] "Starting cronjob controller v2"
[95m35  : [0m[90;2m┆ ┆ [0m[90m[15.7s] [0m[90m|[0m I0112 16:41:09.681772      14 shared_informer.go:349] "Waiting for caches to sync" controller="cronjob"
[95m35  : [0m[90;2m┆ ┆ [0m[90m[15.8s] [0m[90m|[0m I0112 16:41:09.730111      14 node_lifecycle_controller.go:419] "Controller will reconcile labels"
[95m35  : [0m[90;2m┆ ┆ [0m[90m[15.8s] [0m[90m|[0m I0112 16:41:09.730187      14 controllermanager.go:781] "Started controller" controller="node-lifecycle-controller"
[95m35  : [0m[90;2m┆ ┆ [0m[90m[15.8s] [0m[90m|[0m I0112 16:41:09.730464      14 node_lifecycle_controller.go:453] "Sending events to api server"
[95m35  : [0m[90;2m┆ ┆ [0m[90m[15.8s] [0m[90m|[0m I0112 16:41:09.730517      14 node_lifecycle_controller.go:464] "Starting node controller"
[95m35  : [0m[90;2m┆ ┆ [0m[90m[15.8s] [0m[90m|[0m I0112 16:41:09.730534      14 shared_informer.go:349] "Waiting for caches to sync" controller="taint"
[95m35  : [0m[90;2m┆ ┆ [0m[90m[15.8s] [0m[90m|[0m I0112 16:41:09.738500      14 shared_informer.go:349] "Waiting for caches to sync" controller="resource quota"
[95m35  : [0m[90;2m┆ ┆ [0m[90m[15.8s] [0m[90m|[0m I0112 16:41:09.757728      14 actual_state_of_world.go:541] "Failed to update statusUpdateNeeded field in actual state of world" err="Failed to set statusUpdateNeeded to needed true, because nodeName=\"fimkh6jhc3bci.ej9uc21fikgfa.dagger.local\" does not exist"
[95m35  : [0m[90;2m┆ ┆ [0m[90m[15.8s] [0m[90m|[0m I0112 16:41:09.758735      14 shared_informer.go:349] "Waiting for caches to sync" controller="garbage collector"
[95m35  : [0m[90;2m┆ ┆ [0m[90m[15.8s] [0m[90m|[0m I0112 16:41:09.777225      14 shared_informer.go:356] "Caches are synced" controller="deployment"
[95m35  : [0m[90;2m┆ ┆ [0m[90m[15.8s] [0m[90m|[0m I0112 16:41:09.777264      14 shared_informer.go:356] "Caches are synced" controller="service account"
[95m35  : [0m[90;2m┆ ┆ [0m[90m[15.8s] [0m[90m|[0m I0112 16:41:09.777295      14 shared_informer.go:356] "Caches are synced" controller="persistent volume"
[95m35  : [0m[90;2m┆ ┆ [0m[90m[15.8s] [0m[90m|[0m I0112 16:41:09.777305      14 shared_informer.go:356] "Caches are synced" controller="validatingadmissionpolicy-status"
[95m35  : [0m[90;2m┆ ┆ [0m[90m[15.8s] [0m[90m|[0m I0112 16:41:09.779695      14 shared_informer.go:356] "Caches are synced" controller="daemon sets"
[95m35  : [0m[90;2m┆ ┆ [0m[90m[15.8s] [0m[90m|[0m I0112 16:41:09.780993      14 shared_informer.go:356] "Caches are synced" controller="job"
[95m35  : [0m[90;2m┆ ┆ [0m[90m[15.8s] [0m[90m|[0m I0112 16:41:09.782330      14 shared_informer.go:356] "Caches are synced" controller="PVC protection"
[95m35  : [0m[90;2m┆ ┆ [0m[90m[15.8s] [0m[90m|[0m I0112 16:41:09.782380      14 shared_informer.go:356] "Caches are synced" controller="cronjob"
[95m35  : [0m[90;2m┆ ┆ [0m[90m[15.8s] [0m[90m|[0m I0112 16:41:09.782393      14 shared_informer.go:356] "Caches are synced" controller="legacy-service-account-token-cleaner"
[95m35  : [0m[90;2m┆ ┆ [0m[90m[15.8s] [0m[90m|[0m I0112 16:41:09.782404      14 shared_informer.go:356] "Caches are synced" controller="node"
[95m35  : [0m[90;2m┆ ┆ [0m[90m[15.8s] [0m[90m|[0m I0112 16:41:09.782409      14 shared_informer.go:356] "Caches are synced" controller="stateful set"
[95m35  : [0m[90;2m┆ ┆ [0m[90m[15.8s] [0m[90m|[0m I0112 16:41:09.782394      14 shared_informer.go:356] "Caches are synced" controller="PV protection"
[95m35  : [0m[90;2m┆ ┆ [0m[90m[15.8s] [0m[90m|[0m I0112 16:41:09.782424      14 range_allocator.go:177] "Sending events to api server"
[95m35  : [0m[90;2m┆ ┆ [0m[90m[15.8s] [0m[90m|[0m I0112 16:41:09.782433      14 range_allocator.go:183] "Starting range CIDR allocator"
[95m35  : [0m[90;2m┆ ┆ [0m[90m[15.8s] [0m[90m|[0m I0112 16:41:09.782436      14 shared_informer.go:349] "Waiting for caches to sync" controller="cidrallocator"
[95m35  : [0m[90;2m┆ ┆ [0m[90m[15.8s] [0m[90m|[0m I0112 16:41:09.782439      14 shared_informer.go:356] "Caches are synced" controller="cidrallocator"
[95m35  : [0m[90;2m┆ ┆ [0m[90m[15.8s] [0m[90m|[0m I0112 16:41:09.784783      14 shared_informer.go:356] "Caches are synced" controller="expand"
[95m35  : [0m[90;2m┆ ┆ [0m[90m[15.8s] [0m[90m|[0m I0112 16:41:09.785029      14 range_allocator.go:428] "Set node PodCIDR" node="fimkh6jhc3bci.ej9uc21fikgfa.dagger.local" podCIDRs=["10.42.0.0/24"]
[95m35  : [0m[90;2m┆ ┆ [0m[90m[15.8s] [0m[90m|[0m time="2026-01-12T16:41:09Z" level=info msg="Flannel found PodCIDR assigned for node fimkh6jhc3bci.ej9uc21fikgfa.dagger.local"
[95m35  : [0m[90;2m┆ ┆ [0m[90m[15.8s] [0m[90m|[0m time="2026-01-12T16:41:09Z" level=debug msg="No interface defined for flannel in the config. Fetching the default gateway interface"
[95m35  : [0m[90;2m┆ ┆ [0m[90m[15.8s] [0m[90m|[0m time="2026-01-12T16:41:09Z" level=debug msg="The interface eth1 will be used by flannel"
[95m35  : [0m[90;2m┆ ┆ [0m[90m[15.8s] [0m[90m|[0m time="2026-01-12T16:41:09Z" level=info msg="The interface eth1 with ipv4 address 10.87.0.127 will be used by flannel"
[95m35  : [0m[90;2m┆ ┆ [0m[90m[15.8s] [0m[90m|[0m I0112 16:41:09.786335      14 kube.go:139] Waiting 10m0s for node controller to sync
[95m35  : [0m[90;2m┆ ┆ [0m[90m[15.8s] [0m[90m|[0m I0112 16:41:09.786371      14 kube.go:469] Starting kube subnet manager
[95m35  : [0m[90;2m┆ ┆ [0m[90m[15.8s] [0m[90m|[0m I0112 16:41:09.786691      14 shared_informer.go:356] "Caches are synced" controller="ClusterRoleAggregator"
[95m35  : [0m[90;2m┆ ┆ [0m[90m[15.8s] [0m[90m|[0m I0112 16:41:09.788692      14 shared_informer.go:356] "Caches are synced" controller="TTL after finished"
[95m35  : [0m[90;2m┆ ┆ [0m[90m[15.8s] [0m[90m|[0m I0112 16:41:09.791289      14 shared_informer.go:356] "Caches are synced" controller="service-cidr-controller"
[95m35  : [0m[90;2m┆ ┆ [0m[90m[15.8s] [0m[90m|[0m I0112 16:41:09.796612      14 shared_informer.go:356] "Caches are synced" controller="namespace"
[95m35  : [0m[90;2m┆ ┆ [0m[90m[15.9s] [0m[90m|[0m I0112 16:41:09.826427      14 shared_informer.go:356] "Caches are synced" controller="TTL"
[95m35  : [0m[90;2m┆ ┆ [0m[90m[15.9s] [0m[90m|[0m I0112 16:41:09.827298      14 shared_informer.go:356] "Caches are synced" controller="ReplicaSet"
[95m35  : [0m[90;2m┆ ┆ [0m[90m[15.9s] [0m[90m|[0m I0112 16:41:09.827603      14 shared_informer.go:356] "Caches are synced" controller="ephemeral"
[95m35  : [0m[90;2m┆ ┆ [0m[90m[15.9s] [0m[90m|[0m I0112 16:41:09.830729      14 shared_informer.go:356] "Caches are synced" controller="crt configmap"
[95m35  : [0m[90;2m┆ ┆ [0m[90m[15.9s] [0m[90m|[0m I0112 16:41:09.830783      14 shared_informer.go:356] "Caches are synced" controller="taint"
[95m35  : [0m[90;2m┆ ┆ [0m[90m[15.9s] [0m[90m|[0m I0112 16:41:09.830827      14 node_lifecycle_controller.go:1221] "Initializing eviction metric for zone" zone=""
[95m35  : [0m[90;2m┆ ┆ [0m[90m[15.9s] [0m[90m|[0m I0112 16:41:09.830870      14 node_lifecycle_controller.go:873] "Missing timestamp for Node. Assuming now as a timestamp" node="fimkh6jhc3bci.ej9uc21fikgfa.dagger.local"
[95m35  : [0m[90;2m┆ ┆ [0m[90m[15.9s] [0m[90m|[0m I0112 16:41:09.830894      14 node_lifecycle_controller.go:1067] "Controller detected that zone is now in new state" zone="" newState="Normal"
[95m35  : [0m[90;2m┆ ┆ [0m[90m[15.9s] [0m[90m|[0m I0112 16:41:09.832457      14 shared_informer.go:356] "Caches are synced" controller="taint-eviction-controller"
[95m35  : [0m[90;2m┆ ┆ [0m[90m[15.9s] [0m[90m|[0m I0112 16:41:09.832634      14 shared_informer.go:356] "Caches are synced" controller="attach detach"
[95m35  : [0m[90;2m┆ ┆ [0m[90m[15.9s] [0m[90m|[0m I0112 16:41:09.833864      14 shared_informer.go:356] "Caches are synced" controller="GC"
[95m35  : [0m[90;2m┆ ┆ [0m[90m[15.9s] [0m[90m|[0m I0112 16:41:09.882780      14 shared_informer.go:356] "Caches are synced" controller="HPA"
[95m35  : [0m[90;2m┆ ┆ [0m[90m[15.9s] [0m[90m|[0m time="2026-01-12T16:41:09Z" level=info msg="Starting network policy controller version v2.5.0, built on 2025-09-22T22:01:54Z, go1.24.6"
[95m35  : [0m[90;2m┆ ┆ [0m[90m[15.9s] [0m[90m|[0m I0112 16:41:09.890973      14 network_policy_controller.go:163] Starting network policy controller
[95m35  : [0m[90;2m┆ ┆ [0m[90m[15.9s] [0m[90m|[0m I0112 16:41:09.904549      14 network_policy_controller.go:175] Starting network policy controller full sync goroutine
[95m35  : [0m[90;2m┆ ┆ [0m[90m[16.0s] [0m[90m|[0m I0112 16:41:09.983119      14 shared_informer.go:356] "Caches are synced" controller="ReplicationController"
[95m35  : [0m[90;2m┆ ┆ [0m[90m[16.1s] [0m[90m|[0m I0112 16:41:10.027521      14 shared_informer.go:356] "Caches are synced" controller="disruption"
[95m35  : [0m[90;2m┆ ┆ [0m[90m[16.1s] [0m[90m|[0m I0112 16:41:10.078578      14 shared_informer.go:356] "Caches are synced" controller="endpoint_slice"
[95m35  : [0m[90;2m┆ ┆ [0m[90m[16.2s] [0m[90m|[0m I0112 16:41:10.127658      14 shared_informer.go:356] "Caches are synced" controller="endpoint"
[95m35  : [0m[90;2m┆ ┆ [0m[90m[16.2s] [0m[90m|[0m I0112 16:41:10.130937      14 shared_informer.go:356] "Caches are synced" controller="endpoint_slice_mirroring"
[95m35  : [0m[90;2m┆ ┆ [0m[90m[16.2s] [0m[90m|[0m I0112 16:41:10.140892      14 controller.go:667] quota admission added evaluator for: replicasets.apps
[95m35  : [0m[90;2m┆ ┆ [0m[90m[16.2s] [0m[90m|[0m I0112 16:41:10.183068      14 shared_informer.go:356] "Caches are synced" controller="resource_claim"
[95m35  : [0m[90;2m┆ ┆ [0m[90m[16.3s] [0m[90m|[0m I0112 16:41:10.232040      14 shared_informer.go:356] "Caches are synced" controller="VAC protection"
[95m35  : [0m[90;2m┆ ┆ [0m[90m[16.3s] [0m[90m|[0m I0112 16:41:10.232823      14 shared_informer.go:356] "Caches are synced" controller="resource quota"
[95m35  : [0m[90;2m┆ ┆ [0m[90m[16.3s] [0m[90m|[0m I0112 16:41:10.239195      14 shared_informer.go:356] "Caches are synced" controller="resource quota"
[95m35  : [0m[90;2m┆ ┆ [0m[90m[16.4s] [0m[90m|[0m I0112 16:41:10.330326      14 shared_informer.go:356] "Caches are synced" controller="certificate-csrapproving"
[95m35  : [0m[90;2m┆ ┆ [0m[90m[16.4s] [0m[90m|[0m I0112 16:41:10.330818      14 cidrallocator.go:277] updated ClusterIP allocator for Service CIDR 10.43.0.0/16
[95m35  : [0m[90;2m┆ ┆ [0m[90m[16.4s] [0m[90m|[0m I0112 16:41:10.332137      14 cidrallocator.go:277] updated ClusterIP allocator for Service CIDR 10.43.0.0/16
[95m35  : [0m[90;2m┆ ┆ [0m[90m[16.4s] [0m[90m|[0m I0112 16:41:10.333649      14 shared_informer.go:356] "Caches are synced" controller="certificate-csrsigning-kubelet-client"
[95m35  : [0m[90;2m┆ ┆ [0m[90m[16.4s] [0m[90m|[0m I0112 16:41:10.333676      14 shared_informer.go:356] "Caches are synced" controller="certificate-csrsigning-kubelet-serving"
[95m35  : [0m[90;2m┆ ┆ [0m[90m[16.4s] [0m[90m|[0m I0112 16:41:10.333683      14 shared_informer.go:356] "Caches are synced" controller="certificate-csrsigning-kube-apiserver-client"
[95m35  : [0m[90;2m┆ ┆ [0m[90m[16.4s] [0m[90m|[0m I0112 16:41:10.334897      14 shared_informer.go:356] "Caches are synced" controller="certificate-csrsigning-legacy-unknown"
[95m35  : [0m[90;2m┆ ┆ [0m[90m[16.5s] [0m[90m|[0m time="2026-01-12T16:41:10Z" level=debug msg="Settled apiserver addresses sync: [10.87.0.127:6443]"
[95m35  : [0m[90;2m┆ ┆ [0m[90m[16.8s] [0m[90m|[0m I0112 16:41:10.786817      14 kube.go:146] Node controller sync successful
[95m35  : [0m[90;2m┆ ┆ [0m[90m[16.8s] [0m[90m|[0m I0112 16:41:10.786873      14 vxlan.go:141] VXLAN config: VNI=1 Port=0 GBP=false Learning=false DirectRouting=false
[95m35  : [0m[90;2m┆ ┆ [0m[90m[16.8s] [0m[90m|[0m I0112 16:41:10.788174      14 request.go:752] "Waited before sending request" delay="1.029211105s" reason="client-side throttling, not priority and fairness" verb="GET" URL="https://127.0.0.1:6444/apis/node.k8s.io/v1/runtimeclasses?limit=500&resourceVersion=0"
[95m35  : [0m[90;2m┆ ┆ [0m[90m[16.8s] [0m[90m|[0m I0112 16:41:10.788199      14 kube.go:636] List of node(fimkh6jhc3bci.ej9uc21fikgfa.dagger.local) annotations: map[string]string{"alpha.kubernetes.io/provided-node-ip":"10.87.0.127", "k3s.io/hostname":"fimkh6jhc3bci.ej9uc21fikgfa.dagger.local", "k3s.io/internal-ip":"10.87.0.127", "k3s.io/node-args":"[\"server\",\"--debug\",\"--bind-address\",\"10.87.0.127\",\"--disable\",\"traefik\",\"--disable\",\"metrics-server\",\"--egress-selector-mode\",\"disabled\"]", "k3s.io/node-config-hash":"NHT5EFWZ4DYDVGC7YJQOTGNE3YSK4JDAEXWH4GBHR6QPHAOTKGOA====", "k3s.io/node-env":"{}", "node.alpha.kubernetes.io/ttl":"0", "volumes.kubernetes.io/controller-managed-attach-detach":"true"}
[95m35  : [0m[90;2m┆ ┆ [0m[90m[16.8s] [0m[90m|[0m I0112 16:41:10.790550      14 iptables.go:50] Starting flannel in iptables mode...
[95m35  : [0m[90;2m┆ ┆ [0m[90m[16.8s] [0m[90m|[0m time="2026-01-12T16:41:10Z" level=warning msg="no subnet found for key: FLANNEL_NETWORK in file: /run/flannel/subnet.env"
[95m35  : [0m[90;2m┆ ┆ [0m[90m[16.8s] [0m[90m|[0m time="2026-01-12T16:41:10Z" level=warning msg="no subnet found for key: FLANNEL_SUBNET in file: /run/flannel/subnet.env"
[95m35  : [0m[90;2m┆ ┆ [0m[90m[16.8s] [0m[90m|[0m time="2026-01-12T16:41:10Z" level=warning msg="no subnet found for key: FLANNEL_IPV6_NETWORK in file: /run/flannel/subnet.env"
[95m35  : [0m[90;2m┆ ┆ [0m[90m[16.8s] [0m[90m|[0m time="2026-01-12T16:41:10Z" level=warning msg="no subnet found for key: FLANNEL_IPV6_SUBNET in file: /run/flannel/subnet.env"
[95m35  : [0m[90;2m┆ ┆ [0m[90m[16.8s] [0m[90m|[0m I0112 16:41:10.790594      14 iptables.go:100] Current network or subnet (10.42.0.0/16, 10.42.0.0/24) is not equal to previous one (0.0.0.0/0, 0.0.0.0/0), trying to recycle old iptables rules
[95m35  : [0m[90;2m┆ ┆ [0m[90m[16.8s] [0m[90m|[0m I0112 16:41:10.790610      14 kube.go:490] Creating the node lease for IPv4. This is the n.Spec.PodCIDRs: [10.42.0.0/24]
[95m35  : [0m[90;2m┆ ┆ [0m[90m[16.8s] [0m[90m|[0m I0112 16:41:10.794409      14 iptables.go:110] Setting up masking rules
[95m35  : [0m[90;2m┆ ┆ [0m[90m[16.8s] [0m[90m|[0m I0112 16:41:10.795213      14 iptables.go:211] Changing default FORWARD chain policy to ACCEPT
[95m35  : [0m[90;2m┆ ┆ [0m[90m[16.8s] [0m[90m|[0m time="2026-01-12T16:41:10Z" level=info msg="Wrote flannel subnet file to /run/flannel/subnet.env"
[95m35  : [0m[90;2m┆ ┆ [0m[90m[16.8s] [0m[90m|[0m time="2026-01-12T16:41:10Z" level=info msg="Running flannel backend."
[95m35  : [0m[90;2m┆ ┆ [0m[90m[16.8s] [0m[90m|[0m I0112 16:41:10.795948      14 vxlan_network.go:65] watching for new subnet leases
[95m35  : [0m[90;2m┆ ┆ [0m[90m[16.8s] [0m[90m|[0m I0112 16:41:10.798281      14 reconciler_common.go:251] "operationExecutor.VerifyControllerAttachedVolume started for volume \"config-volume\" (UniqueName: \"kubernetes.io/configmap/2dd535f8-caeb-4533-bff2-4769f4acbb77-config-volume\") pod \"local-path-provisioner-578895bd58-qfghd\" (UID: \"2dd535f8-caeb-4533-bff2-4769f4acbb77\") " pod="kube-system/local-path-provisioner-578895bd58-qfghd"
[95m35  : [0m[90;2m┆ ┆ [0m[90m[16.8s] [0m[90m|[0m I0112 16:41:10.799113      14 iptables.go:357] bootstrap done
[95m35  : [0m[90;2m┆ ┆ [0m[90m[16.8s] [0m[90m|[0m I0112 16:41:10.801184      14 iptables.go:357] bootstrap done
[95m35  : [0m[90;2m┆ ┆ [0m[90m[16.9s] [0m[90m|[0m I0112 16:41:10.831074      14 shared_informer.go:356] "Caches are synced" controller="garbage collector"
[95m35  : [0m[90;2m┆ ┆ [0m[90m[16.9s] [0m[90m|[0m I0112 16:41:10.831091      14 garbagecollector.go:154] "Garbage collector: all resource monitors have synced"
[95m35  : [0m[90;2m┆ ┆ [0m[90m[16.9s] [0m[90m|[0m I0112 16:41:10.831096      14 garbagecollector.go:157] "Proceeding to collect garbage"
[95m35  : [0m[90;2m┆ ┆ [0m[90m[16.9s] [0m[90m|[0m I0112 16:41:10.858846      14 shared_informer.go:356] "Caches are synced" controller="garbage collector"
[95m35  : [0m[90;2m┆ ┆ [0m[90m[16.9s] [0m[90m|[0m I0112 16:41:10.898636      14 reconciler_common.go:251] "operationExecutor.VerifyControllerAttachedVolume started for volume \"kube-api-access-j2xz8\" (UniqueName: \"kubernetes.io/projected/2dd535f8-caeb-4533-bff2-4769f4acbb77-kube-api-access-j2xz8\") pod \"local-path-provisioner-578895bd58-qfghd\" (UID: \"2dd535f8-caeb-4533-bff2-4769f4acbb77\") " pod="kube-system/local-path-provisioner-578895bd58-qfghd"
[95m35  : [0m[90;2m┆ ┆ [0m[90m[16.9s] [0m[90m|[0m I0112 16:41:10.898658      14 reconciler_common.go:251] "operationExecutor.VerifyControllerAttachedVolume started for volume \"config-volume\" (UniqueName: \"kubernetes.io/configmap/a1a924ae-ae91-44f4-8970-51c14c7f66a8-config-volume\") pod \"coredns-7896679cc-94j52\" (UID: \"a1a924ae-ae91-44f4-8970-51c14c7f66a8\") " pod="kube-system/coredns-7896679cc-94j52"
[95m35  : [0m[90;2m┆ ┆ [0m[90m[16.9s] [0m[90m|[0m I0112 16:41:10.898666      14 reconciler_common.go:251] "operationExecutor.VerifyControllerAttachedVolume started for volume \"custom-config-volume\" (UniqueName: \"kubernetes.io/configmap/a1a924ae-ae91-44f4-8970-51c14c7f66a8-custom-config-volume\") pod \"coredns-7896679cc-94j52\" (UID: \"a1a924ae-ae91-44f4-8970-51c14c7f66a8\") " pod="kube-system/coredns-7896679cc-94j52"
[95m35  : [0m[90;2m┆ ┆ [0m[90m[16.9s] [0m[90m|[0m I0112 16:41:10.898673      14 reconciler_common.go:251] "operationExecutor.VerifyControllerAttachedVolume started for volume \"kube-api-access-2785r\" (UniqueName: \"kubernetes.io/projected/a1a924ae-ae91-44f4-8970-51c14c7f66a8-kube-api-access-2785r\") pod \"coredns-7896679cc-94j52\" (UID: \"a1a924ae-ae91-44f4-8970-51c14c7f66a8\") " pod="kube-system/coredns-7896679cc-94j52"
[95m35  : [0m[90;2m┆ ┆ [0m[90m[17.1s] [0m[90m|[0m time="2026-01-12T16:41:11.047150750Z" level=info msg="RunPodSandbox for name:\"local-path-provisioner-578895bd58-qfghd\"  uid:\"2dd535f8-caeb-4533-bff2-4769f4acbb77\"  namespace:\"kube-system\""
[95m35  : [0m[90;2m┆ ┆ [0m[90m[17.1s] [0m[90m|[0m time="2026-01-12T16:41:11.047214832Z" level=info msg="RunPodSandbox for name:\"coredns-7896679cc-94j52\"  uid:\"a1a924ae-ae91-44f4-8970-51c14c7f66a8\"  namespace:\"kube-system\""
[95m35  : [0m[90;2m┆ ┆ [0m[90m[17.1s] [0m[90m|[0m 
[95m35  : [0m[90;2m┆ ┆ [0m[90m[17.1s] [0m[90m|[0m map[string]interface {}{"cniVersion":"1.0.0", "forceAddress":true, "hairpinMode":true, "ipMasq":false, "ipam":map[string]interface {}{"ranges":[][]map[string]interface {}{[]map[string]interface {}{map[string]interface {}{"subnet":"10.42.0.0/24"}}}, "routes":[]types.Route{types.Route{Dst:net.IPNet{IP:net.IP{0xa, 0x2a, 0x0, 0x0}, Mask:net.IPMask{0xff, 0xff, 0x0, 0x0}}, GW:net.IP(nil), MTU:0, AdvMSS:0, Priority:0, Table:(*int)(nil), Scope:(*int)(nil)}}, "type":"host-local"}, "isDefaultGateway":true, "isGateway":true, "mtu":(*uint)(0x4000204650), "name":"cbr0", "type":"bridge"}
[95m35  : [0m[90;2m┆ ┆ [0m[90m[17.1s] [0m[90m|[0m delegateAdd: netconf sent to delegate plugin:
[95m35  : [0m[90;2m┆ ┆ [0m[90m[17.1s] [0m[90m|[0m {"cniVersion":"1.0.0","forceAddress":true,"hairpinMode":true,"ipMasq":false,"ipam":{"ranges":[[{"subnet":"10.42.0.0/24"}]],"routes":[{"dst":"10.42.0.0/16"}],"type":"host-local"},"isDefaultGateway":true,"isGateway":true,"mtu":1450,"name":"cbr0","type":"bridge"}
[95m35  : [0m[90;2m┆ ┆ [0m[90m[17.1s] [0m[90m|[0m map[string]interface {}{"cniVersion":"1.0.0", "forceAddress":true, "hairpinMode":true, "ipMasq":false, "ipam":map[string]interface {}{"ranges":[][]map[string]interface {}{[]map[string]interface {}{map[string]interface {}{"subnet":"10.42.0.0/24"}}}, "routes":[]types.Route{types.Route{Dst:net.IPNet{IP:net.IP{0xa, 0x2a, 0x0, 0x0}, Mask:net.IPMask{0xff, 0xff, 0x0, 0x0}}, GW:net.IP(nil), MTU:0, AdvMSS:0, Priority:0, Table:(*int)(nil), Scope:(*int)(nil)}}, "type":"host-local"}, "isDefaultGateway":true, "isGateway":true, "mtu":(*uint)(0x400000ec30), "name":"cbr0", "type":"bridge"}
[95m35  : [0m[90;2m┆ ┆ [0m[90m[17.1s] [0m[90m|[0m delegateAdd: netconf sent to delegate plugin:
[95m35  : [0m[90;2m┆ ┆ [0m[90m[18.9s] [0m[90m|[0m {"cniVersion":"1.0.0","forceAddress":true,"hairpinMode":true,"ipMasq":false,"ipam":{"ranges":[[{"subnet":"10.42.0.0/24"}]],"routes":[{"dst":"10.42.0.0/16"}],"type":"host-local"},"isDefaultGateway":true,"isGateway":true,"mtu":1450,"name":"cbr0","type":"bridge"}time="2026-01-12T16:41:12Z" level=debug msg="Kube-router network policy controller metrics tick"
[95m35  : [0m[90;2m┆ ┆ [0m[90m[20.1s] [0m[90m|[0m time="2026-01-12T16:41:14.013161910Z" level=info msg="ImageCreate event name:\"docker.io/rancher/mirrored-pause:3.6\"  labels:{key:\"io.cri-containerd.image\"  value:\"managed\"}"
[95m35  : [0m[90;2m┆ ┆ [0m[90m[20.1s] [0m[90m|[0m time="2026-01-12T16:41:14.013739198Z" level=info msg="ImageUpdate event name:\"docker.io/rancher/mirrored-pause:3.6\"  labels:{key:\"io.cri-containerd.image\"  value:\"managed\"}"
[95m35  : [0m[90;2m┆ ┆ [0m[90m[20.1s] [0m[90m|[0m time="2026-01-12T16:41:14.013955279Z" level=info msg="stop pulling image docker.io/rancher/mirrored-pause:3.6: active requests=0, bytes read=5431"
[95m35  : [0m[90;2m┆ ┆ [0m[90m[20.1s] [0m[90m|[0m time="2026-01-12T16:41:14.014212694Z" level=info msg="stop pulling image docker.io/rancher/mirrored-pause:3.6: active requests=0, bytes read=264105"
[95m35  : [0m[90;2m┆ ┆ [0m[90m[20.1s] [0m[90m|[0m time="2026-01-12T16:41:14.014380818Z" level=info msg="ImageCreate event name:\"sha256:7d46a07936af93fcce097459055f93ab07331509aa55f4a2a90d95a3ace1850e\"  labels:{key:\"io.cri-containerd.image\"  value:\"managed\"}"
[95m35  : [0m[90;2m┆ ┆ [0m[90m[20.1s] [0m[90m|[0m time="2026-01-12T16:41:14.015669933Z" level=info msg="Pulled image \"rancher/mirrored-pause:3.6\" with image id \"sha256:7d46a07936af93fcce097459055f93ab07331509aa55f4a2a90d95a3ace1850e\", repo tag \"docker.io/rancher/mirrored-pause:3.6\", repo digest \"docker.io/rancher/mirrored-pause@sha256:74c4244427b7312c5b901fe0f67cbc53683d06f4f24c6faee65d4182bf0fa893\", size \"253243\" in 2.949864282s"
[95m35  : [0m[90;2m┆ ┆ [0m[90m[20.1s] [0m[90m|[0m time="2026-01-12T16:41:14.015880765Z" level=info msg="ImageCreate event name:\"docker.io/rancher/mirrored-pause@sha256:74c4244427b7312c5b901fe0f67cbc53683d06f4f24c6faee65d4182bf0fa893\"  labels:{key:\"io.cri-containerd.image\"  value:\"managed\"}"
[95m35  : [0m[90;2m┆ ┆ [0m[90m[20.1s] [0m[90m|[0m time="2026-01-12T16:41:14.016121888Z" level=info msg="Pulled image \"rancher/mirrored-pause:3.6\" with image id \"sha256:7d46a07936af93fcce097459055f93ab07331509aa55f4a2a90d95a3ace1850e\", repo tag \"docker.io/rancher/mirrored-pause:3.6\", repo digest \"docker.io/rancher/mirrored-pause@sha256:74c4244427b7312c5b901fe0f67cbc53683d06f4f24c6faee65d4182bf0fa893\", size \"253243\" in 2.949999656s"
[95m35  : [0m[90;2m┆ ┆ [0m[90m[20.1s] [0m[90m|[0m time="2026-01-12T16:41:14.024100994Z" level=info msg="connecting to shim b05b725e7cdc774c89739a576f6af3b33a3f21d35cb799cbe11a141cb0e36011" address="unix:///run/containerd/s/a09abd50b08855f5adb25526be0ecc875f4e29f5c74a1d09692f9fabe56c5379" namespace=k8s.io protocol=ttrpc version=3
[95m35  : [0m[90;2m┆ ┆ [0m[90m[20.1s] [0m[90m|[0m time="2026-01-12T16:41:14.025235568Z" level=info msg="connecting to shim 617d72d2e9b35f7b047cd565147f5786587c466b3a162b1c0468548fb65a218a" address="unix:///run/containerd/s/08a337f563d21c198bb83195e753a4cc0c5a1cc02cb8005d905b1ce586781d44" namespace=k8s.io protocol=ttrpc version=3
[95m35  : [0m[90;2m┆ ┆ [0m[90m[20.1s] [0m[90m|[0m time="2026-01-12T16:41:14.048233726Z" level=info msg="RunPodSandbox for name:\"coredns-7896679cc-94j52\"  uid:\"a1a924ae-ae91-44f4-8970-51c14c7f66a8\"  namespace:\"kube-system\" returns sandbox id \"617d72d2e9b35f7b047cd565147f5786587c466b3a162b1c0468548fb65a218a\""
[95m35  : [0m[90;2m┆ ┆ [0m[90m[20.1s] [0m[90m|[0m time="2026-01-12T16:41:14.049153844Z" level=info msg="PullImage \"rancher/mirrored-coredns-coredns:1.12.3\""
[95m35  : [0m[90;2m┆ ┆ [0m[90m[20.1s] [0m[90m|[0m time="2026-01-12T16:41:14.050197337Z" level=info msg="RunPodSandbox for name:\"local-path-provisioner-578895bd58-qfghd\"  uid:\"2dd535f8-caeb-4533-bff2-4769f4acbb77\"  namespace:\"kube-system\" returns sandbox id \"b05b725e7cdc774c89739a576f6af3b33a3f21d35cb799cbe11a141cb0e36011\""
[95m35  : [0m[90;2m┆ ┆ [0m[90m[20.1s] [0m[90m|[0m time="2026-01-12T16:41:14.050857081Z" level=info msg="PullImage \"rancher/local-path-provisioner:v0.0.32\""
[95m35  : [0m[90;2m┆ ┆ [0m[90m[20.5s] [0m[90m|[0m time="2026-01-12T16:41:14Z" level=debug msg="cgroupv2 io stats: skipping over unmappable dbytes=0 entry"
[95m35  : [0m[90;2m┆ ┆ [0m[90m[20.5s] [0m[90m|[0m time="2026-01-12T16:41:14Z" level=debug msg="cgroupv2 io stats: skipping over unmappable dios=0 entry"
[95m35  : [0m[90;2m┆ ┆ [0m[90m[20.7s] [0m[90m|[0m I0112 16:41:14.664527      14 kuberuntime_manager.go:1828] "Updating runtime config through cri with podcidr" CIDR="10.42.0.0/24"
[95m35  : [0m[90;2m┆ ┆ [0m[90m[20.7s] [0m[90m|[0m time="2026-01-12T16:41:14.665059234Z" level=info msg="No cni config template is specified, wait for other system components to drop the config."
[95m35  : [0m[90;2m┆ ┆ [0m[90m[20.7s] [0m[90m|[0m I0112 16:41:14.665176      14 kubelet_network.go:47] "Updating Pod CIDR" originalPodCIDR="" newPodCIDR="10.42.0.0/24"
[95m35  : [0m[90;2m┆ ┆ [0m[90m[21.7s] [0m[90m|[0m time="2026-01-12T16:41:15Z" level=debug msg="cgroupv2 io stats: skipping over unmappable dbytes=0 entry"
[95m35  : [0m[90;2m┆ ┆ [0m[90m[21.7s] [0m[90m|[0m time="2026-01-12T16:41:15Z" level=debug msg="cgroupv2 io stats: skipping over unmappable dios=0 entry"
[95m35  : [0m[90;2m┆ ┆ [0m[90m[21.9s] [0m[90m|[0m time="2026-01-12T16:41:15Z" level=debug msg="Kube-router network policy controller metrics tick"
[95m35  : [0m[90;2m┆ ┆ [0m[90m[24.5s] [0m[90m|[0m time="2026-01-12T16:41:18.488577859Z" level=info msg="ImageCreate event name:\"docker.io/rancher/mirrored-coredns-coredns:1.12.3\"  labels:{key:\"io.cri-containerd.image\"  value:\"managed\"}"
[95m35  : [0m[90;2m┆ ┆ [0m[90m[24.5s] [0m[90m|[0m time="2026-01-12T16:41:18.488758107Z" level=info msg="stop pulling image docker.io/rancher/mirrored-coredns-coredns:1.12.3: active requests=0, bytes read=20424377"
[95m35  : [0m[90;2m┆ ┆ [0m[90m[24.5s] [0m[90m|[0m time="2026-01-12T16:41:18.489095605Z" level=info msg="ImageCreate event name:\"sha256:7ff8c97cbda192b744217508a185c1a88f9c3e7d190990ff86db0dff4c20909d\"  labels:{key:\"io.cri-containerd.image\"  value:\"managed\"}"
[95m35  : [0m[90;2m┆ ┆ [0m[90m[24.5s] [0m[90m|[0m time="2026-01-12T16:41:18.490875632Z" level=info msg="ImageCreate event name:\"docker.io/rancher/mirrored-coredns-coredns@sha256:1391544c978029fcddc65068f6ad67f396e55585b664ecccd7fefba029b9b706\"  labels:{key:\"io.cri-containerd.image\"  value:\"managed\"}"
[95m35  : [0m[90;2m┆ ┆ [0m[90m[24.5s] [0m[90m|[0m time="2026-01-12T16:41:18.491313629Z" level=info msg="Pulled image \"rancher/mirrored-coredns-coredns:1.12.3\" with image id \"sha256:7ff8c97cbda192b744217508a185c1a88f9c3e7d190990ff86db0dff4c20909d\", repo tag \"docker.io/rancher/mirrored-coredns-coredns:1.12.3\", repo digest \"docker.io/rancher/mirrored-coredns-coredns@sha256:1391544c978029fcddc65068f6ad67f396e55585b664ecccd7fefba029b9b706\", size \"20413463\" in 4.442145368s"
[95m35  : [0m[90;2m┆ ┆ [0m[90m[24.5s] [0m[90m|[0m time="2026-01-12T16:41:18.491328962Z" level=info msg="PullImage \"rancher/mirrored-coredns-coredns:1.12.3\" returns image reference \"sha256:7ff8c97cbda192b744217508a185c1a88f9c3e7d190990ff86db0dff4c20909d\""
[95m35  : [0m[90;2m┆ ┆ [0m[90m[24.5s] [0m[90m|[0m time="2026-01-12T16:41:18.492744326Z" level=info msg="CreateContainer within sandbox \"617d72d2e9b35f7b047cd565147f5786587c466b3a162b1c0468548fb65a218a\" for container name:\"coredns\""
[95m35  : [0m[90;2m┆ ┆ [0m[90m[24.5s] [0m[90m|[0m time="2026-01-12T16:41:18.494577895Z" level=info msg="Container 49bc193e0ff6bd003226e4ca82750b9373771d95d680c05f9884ed55cbdc5277: CDI devices from CRI Config.CDIDevices: []"
[95m35  : [0m[90;2m┆ ┆ [0m[90m[24.5s] [0m[90m|[0m time="2026-01-12T16:41:18.496590255Z" level=info msg="CreateContainer within sandbox \"617d72d2e9b35f7b047cd565147f5786587c466b3a162b1c0468548fb65a218a\" for name:\"coredns\" returns container id \"49bc193e0ff6bd003226e4ca82750b9373771d95d680c05f9884ed55cbdc5277\""
[95m35  : [0m[90;2m┆ ┆ [0m[90m[24.5s] [0m[90m|[0m time="2026-01-12T16:41:18.496944793Z" level=info msg="StartContainer for \"49bc193e0ff6bd003226e4ca82750b9373771d95d680c05f9884ed55cbdc5277\""
[95m35  : [0m[90;2m┆ ┆ [0m[90m[24.5s] [0m[90m|[0m time="2026-01-12T16:41:18.497814662Z" level=info msg="connecting to shim 49bc193e0ff6bd003226e4ca82750b9373771d95d680c05f9884ed55cbdc5277" address="unix:///run/containerd/s/08a337f563d21c198bb83195e753a4cc0c5a1cc02cb8005d905b1ce586781d44" protocol=ttrpc version=3
[95m35  : [0m[90;2m┆ ┆ [0m[90m[24.6s] [0m[90m|[0m time="2026-01-12T16:41:18.518652124Z" level=info msg="StartContainer for \"49bc193e0ff6bd003226e4ca82750b9373771d95d680c05f9884ed55cbdc5277\" returns successfully"
[95m35  : [0m[90;2m┆ ┆ [0m[90m[24.9s] [0m[90m|[0m time="2026-01-12T16:41:18Z" level=debug msg="Kube-router network policy controller metrics tick"
[95m35  : [0m[90;2m┆ ┆ [0m[90m[25.0s] [0m[90m|[0m time="2026-01-12T16:41:18.932109357Z" level=info msg="ImageCreate event name:\"docker.io/rancher/local-path-provisioner:v0.0.32\"  labels:{key:\"io.cri-containerd.image\"  value:\"managed\"}"
[95m35  : [0m[90;2m┆ ┆ [0m[90m[25.0s] [0m[90m|[0m time="2026-01-12T16:41:18.932210439Z" level=info msg="stop pulling image docker.io/rancher/local-path-provisioner:v0.0.32: active requests=0, bytes read=20059436"
[95m35  : [0m[90;2m┆ ┆ [0m[90m[25.0s] [0m[90m|[0m time="2026-01-12T16:41:18.932720685Z" level=info msg="ImageCreate event name:\"sha256:0594e75cdd5df85c117280c0671da048b04e853ac30c7e078fe5ad981dfa92cd\"  labels:{key:\"io.cri-containerd.image\"  value:\"managed\"}"
[95m35  : [0m[90;2m┆ ┆ [0m[90m[25.0s] [0m[90m|[0m time="2026-01-12T16:41:18.933649720Z" level=info msg="ImageCreate event name:\"docker.io/rancher/local-path-provisioner@sha256:9289da488b07912cb4128eb96928a331a5f3e60c28c5cfc5790f354a4ad0cc68\"  labels:{key:\"io.cri-containerd.image\"  value:\"managed\"}"
[95m35  : [0m[90;2m┆ ┆ [0m[90m[25.0s] [0m[90m|[0m time="2026-01-12T16:41:18.934049883Z" level=info msg="Pulled image \"rancher/local-path-provisioner:v0.0.32\" with image id \"sha256:0594e75cdd5df85c117280c0671da048b04e853ac30c7e078fe5ad981dfa92cd\", repo tag \"docker.io/rancher/local-path-provisioner:v0.0.32\", repo digest \"docker.io/rancher/local-path-provisioner@sha256:9289da488b07912cb4128eb96928a331a5f3e60c28c5cfc5790f354a4ad0cc68\", size \"20048530\" in 4.883184052s"
[95m35  : [0m[90;2m┆ ┆ [0m[90m[25.0s] [0m[90m|[0m time="2026-01-12T16:41:18.934064467Z" level=info msg="PullImage \"rancher/local-path-provisioner:v0.0.32\" returns image reference \"sha256:0594e75cdd5df85c117280c0671da048b04e853ac30c7e078fe5ad981dfa92cd\""
[95m35  : [0m[90;2m┆ ┆ [0m[90m[25.0s] [0m[90m|[0m time="2026-01-12T16:41:18.934901668Z" level=info msg="CreateContainer within sandbox \"b05b725e7cdc774c89739a576f6af3b33a3f21d35cb799cbe11a141cb0e36011\" for container name:\"local-path-provisioner\""
[95m35  : [0m[90;2m┆ ┆ [0m[90m[25.0s] [0m[90m|[0m time="2026-01-12T16:41:18.939621007Z" level=info msg="Container fdf1207c763600d28dee74fa950b735777b15c441a4540e750a7a1e530e6b6b2: CDI devices from CRI Config.CDIDevices: []"
[95m35  : [0m[90;2m┆ ┆ [0m[90m[25.0s] [0m[90m|[0m time="2026-01-12T16:41:18.943856474Z" level=info msg="CreateContainer within sandbox \"b05b725e7cdc774c89739a576f6af3b33a3f21d35cb799cbe11a141cb0e36011\" for name:\"local-path-provisioner\" returns container id \"fdf1207c763600d28dee74fa950b735777b15c441a4540e750a7a1e530e6b6b2\""
[95m35  : [0m[90;2m┆ ┆ [0m[90m[25.0s] [0m[90m|[0m time="2026-01-12T16:41:18.944101638Z" level=info msg="StartContainer for \"fdf1207c763600d28dee74fa950b735777b15c441a4540e750a7a1e530e6b6b2\""
[95m35  : [0m[90;2m┆ ┆ [0m[90m[25.0s] [0m[90m|[0m time="2026-01-12T16:41:18.944942840Z" level=info msg="connecting to shim fdf1207c763600d28dee74fa950b735777b15c441a4540e750a7a1e530e6b6b2" address="unix:///run/containerd/s/a09abd50b08855f5adb25526be0ecc875f4e29f5c74a1d09692f9fabe56c5379" protocol=ttrpc version=3
[95m35  : [0m[90;2m┆ ┆ [0m[90m[25.0s] [0m[90m|[0m time="2026-01-12T16:41:18.963621111Z" level=info msg="StartContainer for \"fdf1207c763600d28dee74fa950b735777b15c441a4540e750a7a1e530e6b6b2\" returns successfully"
[95m35  : [0m[90;2m┆ ┆ [0m[90m[25.5s] [0m[90m|[0m I0112 16:41:19.486176      14 pod_startup_latency_tracker.go:104] "Observed pod startup duration" pod="kube-system/coredns-7896679cc-94j52" podStartSLOduration=5.043503524 podStartE2EDuration="9.48614893s" podCreationTimestamp="2026-01-12 16:41:10 +0000 UTC" firstStartedPulling="2026-01-12 16:41:14.049034095 +0000 UTC m=+16.363649833" lastFinishedPulling="2026-01-12 16:41:18.491679501 +0000 UTC m=+20.806295239" observedRunningTime="2026-01-12 16:41:19.485755183 +0000 UTC m=+21.800370962" watchObservedRunningTime="2026-01-12 16:41:19.48614893 +0000 UTC m=+21.800764668"
[95m35  : [0m[90;2m┆ ┆ [0m[90m[25.5s] [0m[90m|[0m I0112 16:41:19.500530      14 pod_startup_latency_tracker.go:104] "Observed pod startup duration" pod="kube-system/local-path-provisioner-578895bd58-qfghd" podStartSLOduration=4.616944768 podStartE2EDuration="9.500521442s" podCreationTimestamp="2026-01-12 16:41:10 +0000 UTC" firstStartedPulling="2026-01-12 16:41:14.05078529 +0000 UTC m=+16.365401070" lastFinishedPulling="2026-01-12 16:41:18.934362006 +0000 UTC m=+21.248977744" observedRunningTime="2026-01-12 16:41:19.495415649 +0000 UTC m=+21.810031470" watchObservedRunningTime="2026-01-12 16:41:19.500521442 +0000 UTC m=+21.815137222"
[95m35  : [0m[90;2m┆ ┆ [0m[90m[27.9s] [0m[90m|[0m time="2026-01-12T16:41:21Z" level=debug msg="Kube-router network policy controller metrics tick"
[95m35  : [0m[90;2m┆ ┆ [0m[90m[30.5s] [0m[90m|[0m time="2026-01-12T16:41:24Z" level=debug msg="cgroupv2 io stats: skipping over unmappable dbytes=0 entry"
[95m35  : [0m[90;2m┆ ┆ [0m[90m[30.5s] [0m[90m|[0m time="2026-01-12T16:41:24Z" level=debug msg="cgroupv2 io stats: skipping over unmappable dios=0 entry"
[95m35  : [0m[90;2m┆ ┆ [0m[90m[30.9s] [0m[90m|[0m time="2026-01-12T16:41:24Z" level=debug msg="Kube-router network policy controller metrics tick"
[95m35  : [0m[90;2m┆ ┆ [0m[90m[33.9s] [0m[90m|[0m time="2026-01-12T16:41:27Z" level=debug msg="Kube-router network policy controller metrics tick"
[95m35  : [0m[90;2m┆ ┆ [0m[90m[36.9s] [0m[90m|[0m time="2026-01-12T16:41:30Z" level=debug msg="Kube-router network policy controller metrics tick"
[95m35  : [0m[90;2m┆ ┆ [0m[90m[39.9s] [0m[90m|[0m time="2026-01-12T16:41:33Z" level=debug msg="Kube-router network policy controller metrics tick"
[95m35  : [0m[90;2m┆ ┆ [0m[90m[40.5s] [0m[90m|[0m time="2026-01-12T16:41:34Z" level=debug msg="cgroupv2 io stats: skipping over unmappable dbytes=0 entry"
[95m35  : [0m[90;2m┆ ┆ [0m[90m[40.5s] [0m[90m|[0m time="2026-01-12T16:41:34Z" level=debug msg="cgroupv2 io stats: skipping over unmappable dios=0 entry"
[95m35  : [0m[90;2m┆ ┆ [0m[90m[40.6s] [0m[90m|[0m time="2026-01-12T16:41:34Z" level=debug msg="cgroupv2 io stats: skipping over unmappable dbytes=0 entry"
[95m35  : [0m[90;2m┆ ┆ [0m[90m[40.6s] [0m[90m|[0m time="2026-01-12T16:41:34Z" level=debug msg="cgroupv2 io stats: skipping over unmappable dios=0 entry"
[95m52  : [0m[90;2m┆ [0m[35mProxy[0m.[1mservice[0m[2m: Service![0m
[95m53  : [0m[90;2m┆ ┆ [0mContainer.[1masService[0m[32m DONE[0m[90m [35.9s][0m
[95m53  : [0m[90;2m┆ ┆ [0m[90m[38.2s] [0m[90m|[0m 10.87.0.1 - - [12/Jan/2026:16:41:35 +0000] "\x16\x03\x01\x05\xEA\x01\x00\x05\xE6\x03\x03\xAC\x85[\xD0!\xB7" 400 157 "-" "-" "-"
[95m34  : [0m[90;2m┆ [0m[35mK3S[0m.[1mserver[0m[2m: Service![0m
[95m35  : [0m[90;2m┆ ┆ [0mContainer.[1masService[0m[32m DONE[0m[90m [39.2s][0m
[95m35  : [0m[90;2m┆ ┆ [0m[90m[42.9s] [0m[90m|[0m time="2026-01-12T16:41:36Z" level=debug msg="Kube-router network policy controller metrics tick"
[95m52  : [0m[90;2m┆ [0m[35mProxy[0m.[1mservice[0m[2m: Service![0m
[95m53  : [0m[90;2m┆ ┆ [0mContainer.[1masService[0m[32m DONE[0m[90m [37.5s][0m
[95m53  : [0m[90;2m┆ ┆ [0m[90m[39.7s] [0m[90m|[0m 10.87.0.1 - - [12/Jan/2026:16:41:37 +0000] "\x16\x03\x01\x05\xEA\x01\x00\x05\xE6\x03\x03\xFF\xB6B\x83Z\x08$\x9Fh=\xC58\xA1\xE0\xF8\xA7;\x9A\xA3\x96\xB71`y\x07\x1A\xA1\xCB\x0F\xEC\xB2' \x86" 400 157 "-" "-" "-"
[95m34  : [0m[90;2m┆ [0m[35mK3S[0m.[1mserver[0m[2m: Service![0m
[95m35  : [0m[90;2m┆ ┆ [0mContainer.[1masService[0m[32m DONE[0m[90m [42.3s][0m
[95m35  : [0m[90;2m┆ ┆ [0m[90m[45.9s] [0m[90m|[0m time="2026-01-12T16:41:39Z" level=debug msg="Kube-router network policy controller metrics tick"
[95m35  : [0m[90;2m┆ ┆ [0m[90m[48.9s] [0m[90m|[0m time="2026-01-12T16:41:42Z" level=debug msg="Kube-router network policy controller metrics tick"
[95m35  : [0m[90;2m┆ ┆ [0m[90m[50.5s] [0m[90m|[0m time="2026-01-12T16:41:44Z" level=debug msg="cgroupv2 io stats: skipping over unmappable dbytes=0 entry"
[95m35  : [0m[90;2m┆ ┆ [0m[90m[50.5s] [0m[90m|[0m time="2026-01-12T16:41:44Z" level=debug msg="cgroupv2 io stats: skipping over unmappable dios=0 entry"
[95m35  : [0m[90;2m┆ ┆ [0m[90m[51.9s] [0m[90m|[0m time="2026-01-12T16:41:45Z" level=debug msg="Kube-router network policy controller metrics tick"
[95m35  : [0m[90;2m┆ ┆ [0m[90m[54.9s] [0m[90m|[0m time="2026-01-12T16:41:48Z" level=debug msg="Kube-router network policy controller metrics tick"
[95m35  : [0m[90;2m┆ ┆ [0m[90m[55.3s] [0m[90m|[0m time="2026-01-12T16:41:49Z" level=debug msg="cgroupv2 io stats: skipping over unmappable dbytes=0 entry"
[95m35  : [0m[90;2m┆ ┆ [0m[90m[55.3s] [0m[90m|[0m time="2026-01-12T16:41:49Z" level=debug msg="cgroupv2 io stats: skipping over unmappable dios=0 entry"
[95m35  : [0m[90;2m┆ ┆ [0m[90m[57.9s] [0m[90m|[0m time="2026-01-12T16:41:51Z" level=debug msg="Kube-router network policy controller metrics tick"
[95m35  : [0m[90;2m┆ ┆ [0m[90m[1m1s] [0m[90m|[0m time="2026-01-12T16:41:54Z" level=debug msg="cgroupv2 io stats: skipping over unmappable dbytes=0 entry"
[95m35  : [0m[90;2m┆ ┆ [0m[90m[1m1s] [0m[90m|[0m time="2026-01-12T16:41:54Z" level=debug msg="cgroupv2 io stats: skipping over unmappable dios=0 entry"
[95m35  : [0m[90;2m┆ ┆ [0m[90m[1m1s] [0m[90m|[0m time="2026-01-12T16:41:54Z" level=debug msg="Kube-router network policy controller metrics tick"
[95m35  : [0m[90;2m┆ ┆ [0m[90m[1m4s] [0m[90m|[0m time="2026-01-12T16:41:57Z" level=debug msg="Kube-router network policy controller metrics tick"
[95m35  : [0m[90;2m┆ ┆ [0m[90m[1m7s] [0m[90m|[0m time="2026-01-12T16:42:00Z" level=debug msg="Kube-router network policy controller metrics tick"
[95m35  : [0m[90;2m┆ ┆ [0m[90m[1m8s] [0m[90m|[0m time="2026-01-12T16:42:02Z" level=debug msg="cgroupv2 io stats: skipping over unmappable dbytes=0 entry"
[95m35  : [0m[90;2m┆ ┆ [0m[90m[1m8s] [0m[90m|[0m time="2026-01-12T16:42:02Z" level=debug msg="cgroupv2 io stats: skipping over unmappable dios=0 entry"
[95m35  : [0m[90;2m┆ ┆ [0m[90m[1m10s] [0m[90m|[0m time="2026-01-12T16:42:03Z" level=debug msg="Kube-router network policy controller metrics tick"
[95m35  : [0m[90;2m┆ ┆ [0m[90m[1m11s] [0m[90m|[0m time="2026-01-12T16:42:04Z" level=debug msg="cgroupv2 io stats: skipping over unmappable dbytes=0 entry"
[95m35  : [0m[90;2m┆ ┆ [0m[90m[1m11s] [0m[90m|[0m time="2026-01-12T16:42:04Z" level=debug msg="cgroupv2 io stats: skipping over unmappable dios=0 entry"
[95m35  : [0m[90;2m┆ ┆ [0m[90m[1m13s] [0m[90m|[0m time="2026-01-12T16:42:06Z" level=debug msg="Kube-router network policy controller metrics tick"
[95m35  : [0m[90;2m┆ ┆ [0m[90m[1m16s] [0m[90m|[0m time="2026-01-12T16:42:09Z" level=debug msg="Kube-router network policy controller metrics tick"
[95m35  : [0m[90;2m┆ ┆ [0m[90m[1m19s] [0m[90m|[0m time="2026-01-12T16:42:12Z" level=debug msg="Kube-router network policy controller metrics tick"
[95m35  : [0m[90;2m┆ ┆ [0m[90m[1m21s] [0m[90m|[0m time="2026-01-12T16:42:14Z" level=debug msg="cgroupv2 io stats: skipping over unmappable dbytes=0 entry"
[95m35  : [0m[90;2m┆ ┆ [0m[90m[1m21s] [0m[90m|[0m time="2026-01-12T16:42:14Z" level=debug msg="cgroupv2 io stats: skipping over unmappable dios=0 entry"
[95m35  : [0m[90;2m┆ ┆ [0m[90m[1m22s] [0m[90m|[0m time="2026-01-12T16:42:15Z" level=debug msg="Kube-router network policy controller metrics tick"
[95m35  : [0m[90;2m┆ ┆ [0m[90m[1m25s] [0m[90m|[0m time="2026-01-12T16:42:18Z" level=debug msg="Kube-router network policy controller metrics tick"
[95m35  : [0m[90;2m┆ ┆ [0m[90m[1m27s] [0m[90m|[0m time="2026-01-12T16:42:20Z" level=debug msg="cgroupv2 io stats: skipping over unmappable dbytes=0 entry"
[95m35  : [0m[90;2m┆ ┆ [0m[90m[1m27s] [0m[90m|[0m time="2026-01-12T16:42:20Z" level=debug msg="cgroupv2 io stats: skipping over unmappable dios=0 entry"
[95m35  : [0m[90;2m┆ ┆ [0m[90m[1m28s] [0m[90m|[0m time="2026-01-12T16:42:21Z" level=debug msg="Kube-router network policy controller metrics tick"
[95m35  : [0m[90;2m┆ ┆ [0m[90m[1m31s] [0m[90m|[0m time="2026-01-12T16:42:24Z" level=debug msg="cgroupv2 io stats: skipping over unmappable dbytes=0 entry"
[95m35  : [0m[90;2m┆ ┆ [0m[90m[1m31s] [0m[90m|[0m time="2026-01-12T16:42:24Z" level=debug msg="cgroupv2 io stats: skipping over unmappable dios=0 entry"
[95m35  : [0m[90;2m┆ ┆ [0m[90m[1m31s] [0m[90m|[0m time="2026-01-12T16:42:24Z" level=debug msg="Kube-router network policy controller metrics tick"
[95m35  : [0m[90;2m┆ ┆ [0m[90m[1m34s] [0m[90m|[0m time="2026-01-12T16:42:27Z" level=debug msg="Kube-router network policy controller metrics tick"
[95m35  : [0m[90;2m┆ ┆ [0m[90m[1m37s] [0m[90m|[0m time="2026-01-12T16:42:30Z" level=debug msg="Kube-router network policy controller metrics tick"
[95m35  : [0m[90;2m┆ ┆ [0m[90m[1m40s] [0m[90m|[0m time="2026-01-12T16:42:33Z" level=debug msg="Kube-router network policy controller metrics tick"
[95m35  : [0m[90;2m┆ ┆ [0m[90m[1m41s] [0m[90m|[0m time="2026-01-12T16:42:34Z" level=debug msg="cgroupv2 io stats: skipping over unmappable dbytes=0 entry"
[95m35  : [0m[90;2m┆ ┆ [0m[90m[1m41s] [0m[90m|[0m time="2026-01-12T16:42:34Z" level=debug msg="cgroupv2 io stats: skipping over unmappable dios=0 entry"
[95m35  : [0m[90;2m┆ ┆ [0m[90m[1m43s] [0m[90m|[0m time="2026-01-12T16:42:36Z" level=debug msg="Kube-router network policy controller metrics tick"
[95m35  : [0m[90;2m┆ ┆ [0m[90m[1m45s] [0m[90m|[0m time="2026-01-12T16:42:39Z" level=debug msg="cgroupv2 io stats: skipping over unmappable dbytes=0 entry"
[95m35  : [0m[90;2m┆ ┆ [0m[90m[1m45s] [0m[90m|[0m time="2026-01-12T16:42:39Z" level=debug msg="cgroupv2 io stats: skipping over unmappable dios=0 entry"
[95m35  : [0m[90;2m┆ ┆ [0m[90m[1m46s] [0m[90m|[0m time="2026-01-12T16:42:39Z" level=debug msg="Kube-router network policy controller metrics tick"
[95m35  : [0m[90;2m┆ ┆ [0m[90m[1m49s] [0m[90m|[0m time="2026-01-12T16:42:42Z" level=debug msg="Kube-router network policy controller metrics tick"
[95m35  : [0m[90;2m┆ ┆ [0m[90m[1m51s] [0m[90m|[0m time="2026-01-12T16:42:44Z" level=debug msg="cgroupv2 io stats: skipping over unmappable dbytes=0 entry"
[95m35  : [0m[90;2m┆ ┆ [0m[90m[1m51s] [0m[90m|[0m time="2026-01-12T16:42:44Z" level=debug msg="cgroupv2 io stats: skipping over unmappable dios=0 entry"
[95m35  : [0m[90;2m┆ ┆ [0m[90m[1m52s] [0m[90m|[0m time="2026-01-12T16:42:45Z" level=debug msg="Kube-router network policy controller metrics tick"
[95m35  : [0m[90;2m┆ ┆ [0m[90m[1m55s] [0m[90m|[0m time="2026-01-12T16:42:48Z" level=debug msg="Kube-router network policy controller metrics tick"
[95m35  : [0m[90;2m┆ ┆ [0m[90m[1m56s] [0m[90m|[0m time="2026-01-12T16:42:49Z" level=debug msg="cgroupv2 io stats: skipping over unmappable dbytes=0 entry"
[95m35  : [0m[90;2m┆ ┆ [0m[90m[1m56s] [0m[90m|[0m time="2026-01-12T16:42:49Z" level=debug msg="cgroupv2 io stats: skipping over unmappable dios=0 entry"
[95m35  : [0m[90;2m┆ ┆ [0m[90m[1m58s] [0m[90m|[0m time="2026-01-12T16:42:51Z" level=debug msg="Kube-router network policy controller metrics tick"
[95m35  : [0m[90;2m┆ ┆ [0m[90m[2m1s] [0m[90m|[0m time="2026-01-12T16:42:54Z" level=debug msg="cgroupv2 io stats: skipping over unmappable dbytes=0 entry"
[95m35  : [0m[90;2m┆ ┆ [0m[90m[2m1s] [0m[90m|[0m time="2026-01-12T16:42:54Z" level=debug msg="cgroupv2 io stats: skipping over unmappable dios=0 entry"
[95m35  : [0m[90;2m┆ ┆ [0m[90m[2m1s] [0m[90m|[0m time="2026-01-12T16:42:54Z" level=debug msg="Kube-router network policy controller metrics tick"
[95m35  : [0m[90;2m┆ ┆ [0m[90m[2m4s] [0m[90m|[0m time="2026-01-12T16:42:57Z" level=debug msg="Kube-router network policy controller metrics tick"
[95m35  : [0m[90;2m┆ ┆ [0m[90m[2m7s] [0m[90m|[0m time="2026-01-12T16:43:00Z" level=debug msg="Kube-router network policy controller metrics tick"
[95m35  : [0m[90;2m┆ ┆ [0m[90m[2m10s] [0m[90m|[0m time="2026-01-12T16:43:03Z" level=debug msg="Kube-router network policy controller metrics tick"
[95m35  : [0m[90;2m┆ ┆ [0m[90m[2m11s] [0m[90m|[0m time="2026-01-12T16:43:04Z" level=debug msg="cgroupv2 io stats: skipping over unmappable dbytes=0 entry"
[95m35  : [0m[90;2m┆ ┆ [0m[90m[2m11s] [0m[90m|[0m time="2026-01-12T16:43:04Z" level=debug msg="cgroupv2 io stats: skipping over unmappable dios=0 entry"
[95m35  : [0m[90;2m┆ ┆ [0m[90m[2m11s] [0m[90m|[0m time="2026-01-12T16:43:04Z" level=debug msg="cgroupv2 io stats: skipping over unmappable dbytes=0 entry"
[95m35  : [0m[90;2m┆ ┆ [0m[90m[2m11s] [0m[90m|[0m time="2026-01-12T16:43:04Z" level=debug msg="cgroupv2 io stats: skipping over unmappable dios=0 entry"
[95m35  : [0m[90;2m┆ ┆ [0m[90m[2m13s] [0m[90m|[0m time="2026-01-12T16:43:06Z" level=debug msg="Kube-router network policy controller metrics tick"
[95m35  : [0m[90;2m┆ ┆ [0m[90m[2m16s] [0m[90m|[0m time="2026-01-12T16:43:09Z" level=debug msg="Kube-router network policy controller metrics tick"
[95m35  : [0m[90;2m┆ ┆ [0m[90m[2m19s] [0m[90m|[0m time="2026-01-12T16:43:12Z" level=debug msg="Kube-router network policy controller metrics tick"
[95m35  : [0m[90;2m┆ ┆ [0m[90m[2m21s] [0m[90m|[0m time="2026-01-12T16:43:14Z" level=debug msg="cgroupv2 io stats: skipping over unmappable dbytes=0 entry"
[95m35  : [0m[90;2m┆ ┆ [0m[90m[2m21s] [0m[90m|[0m time="2026-01-12T16:43:14Z" level=debug msg="cgroupv2 io stats: skipping over unmappable dios=0 entry"
[95m35  : [0m[90;2m┆ ┆ [0m[90m[2m22s] [0m[90m|[0m time="2026-01-12T16:43:15Z" level=debug msg="Kube-router network policy controller metrics tick"
[95m35  : [0m[90;2m┆ ┆ [0m[90m[2m23s] [0m[90m|[0m time="2026-01-12T16:43:17Z" level=debug msg="cgroupv2 io stats: skipping over unmappable dbytes=0 entry"
[95m35  : [0m[90;2m┆ ┆ [0m[90m[2m23s] [0m[90m|[0m time="2026-01-12T16:43:17Z" level=debug msg="cgroupv2 io stats: skipping over unmappable dios=0 entry"
[95m35  : [0m[90;2m┆ ┆ [0m[90m[2m25s] [0m[90m|[0m time="2026-01-12T16:43:18Z" level=debug msg="Kube-router network policy controller metrics tick"
[95m35  : [0m[90;2m┆ ┆ [0m[90m[2m28s] [0m[90m|[0m time="2026-01-12T16:43:21Z" level=debug msg="Kube-router network policy controller metrics tick"
[95m35  : [0m[90;2m┆ ┆ [0m[90m[2m31s] [0m[90m|[0m time="2026-01-12T16:43:24Z" level=debug msg="cgroupv2 io stats: skipping over unmappable dbytes=0 entry"
[95m35  : [0m[90;2m┆ ┆ [0m[90m[2m31s] [0m[90m|[0m time="2026-01-12T16:43:24Z" level=debug msg="cgroupv2 io stats: skipping over unmappable dios=0 entry"
[95m35  : [0m[90;2m┆ ┆ [0m[90m[2m31s] [0m[90m|[0m time="2026-01-12T16:43:24Z" level=debug msg="Kube-router network policy controller metrics tick"
[95m35  : [0m[90;2m┆ ┆ [0m[90m[2m34s] [0m[90m|[0m time="2026-01-12T16:43:27Z" level=debug msg="Kube-router network policy controller metrics tick"
[95m35  : [0m[90;2m┆ ┆ [0m[90m[2m36s] [0m[90m|[0m time="2026-01-12T16:43:29Z" level=debug msg="cgroupv2 io stats: skipping over unmappable dbytes=0 entry"
[95m35  : [0m[90;2m┆ ┆ [0m[90m[2m36s] [0m[90m|[0m time="2026-01-12T16:43:29Z" level=debug msg="cgroupv2 io stats: skipping over unmappable dios=0 entry"
[95m35  : [0m[90;2m┆ ┆ [0m[90m[2m37s] [0m[90m|[0m time="2026-01-12T16:43:30Z" level=debug msg="Kube-router network policy controller metrics tick"
[95m35  : [0m[90;2m┆ ┆ [0m[90m[2m40s] [0m[90m|[0m time="2026-01-12T16:43:33Z" level=debug msg="Kube-router network policy controller metrics tick"
[95m35  : [0m[90;2m┆ ┆ [0m[90m[2m41s] [0m[90m|[0m time="2026-01-12T16:43:34Z" level=debug msg="cgroupv2 io stats: skipping over unmappable dbytes=0 entry"
[95m35  : [0m[90;2m┆ ┆ [0m[90m[2m41s] [0m[90m|[0m time="2026-01-12T16:43:34Z" level=debug msg="cgroupv2 io stats: skipping over unmappable dios=0 entry"
[95m35  : [0m[90;2m┆ ┆ [0m[90m[2m43s] [0m[90m|[0m time="2026-01-12T16:43:36Z" level=debug msg="Kube-router network policy controller metrics tick"
[95m35  : [0m[90;2m┆ ┆ [0m[90m[2m46s] [0m[90m|[0m time="2026-01-12T16:43:39Z" level=debug msg="Kube-router network policy controller metrics tick"
[95m35  : [0m[90;2m┆ ┆ [0m[90m[2m49s] [0m[90m|[0m time="2026-01-12T16:43:42Z" level=debug msg="Kube-router network policy controller metrics tick"
[95m35  : [0m[90;2m┆ ┆ [0m[90m[2m50s] [0m[90m|[0m time="2026-01-12T16:43:44Z" level=debug msg="cgroupv2 io stats: skipping over unmappable dbytes=0 entry"
[95m35  : [0m[90;2m┆ ┆ [0m[90m[2m50s] [0m[90m|[0m time="2026-01-12T16:43:44Z" level=debug msg="cgroupv2 io stats: skipping over unmappable dios=0 entry"
[95m35  : [0m[90;2m┆ ┆ [0m[90m[2m51s] [0m[90m|[0m time="2026-01-12T16:43:44Z" level=debug msg="cgroupv2 io stats: skipping over unmappable dbytes=0 entry"
[95m35  : [0m[90;2m┆ ┆ [0m[90m[2m51s] [0m[90m|[0m time="2026-01-12T16:43:44Z" level=debug msg="cgroupv2 io stats: skipping over unmappable dios=0 entry"
[95m35  : [0m[90;2m┆ ┆ [0m[90m[2m52s] [0m[90m|[0m time="2026-01-12T16:43:45Z" level=debug msg="Kube-router network policy controller metrics tick"
[95m35  : [0m[90;2m┆ ┆ [0m[90m[2m55s] [0m[90m|[0m time="2026-01-12T16:43:48Z" level=debug msg="Kube-router network policy controller metrics tick"
[95m35  : [0m[90;2m┆ ┆ [0m[90m[2m58s] [0m[90m|[0m time="2026-01-12T16:43:51Z" level=debug msg="Kube-router network policy controller metrics tick"
[95m35  : [0m[90;2m┆ ┆ [0m[90m[3m1s] [0m[90m|[0m time="2026-01-12T16:43:54Z" level=debug msg="cgroupv2 io stats: skipping over unmappable dbytes=0 entry"
[95m35  : [0m[90;2m┆ ┆ [0m[90m[3m1s] [0m[90m|[0m time="2026-01-12T16:43:54Z" level=debug msg="cgroupv2 io stats: skipping over unmappable dios=0 entry"
[95m35  : [0m[90;2m┆ ┆ [0m[90m[3m1s] [0m[90m|[0m time="2026-01-12T16:43:54Z" level=debug msg="Kube-router network policy controller metrics tick"
[95m35  : [0m[90;2m┆ ┆ [0m[90m[3m4s] [0m[90m|[0m time="2026-01-12T16:43:57Z" level=debug msg="Kube-router network policy controller metrics tick"
[95m35  : [0m[90;2m┆ ┆ [0m[90m[3m4s] [0m[90m|[0m time="2026-01-12T16:43:58Z" level=debug msg="cgroupv2 io stats: skipping over unmappable dbytes=0 entry"
[95m35  : [0m[90;2m┆ ┆ [0m[90m[3m4s] [0m[90m|[0m time="2026-01-12T16:43:58Z" level=debug msg="cgroupv2 io stats: skipping over unmappable dios=0 entry"
[95m35  : [0m[90;2m┆ ┆ [0m[90m[3m7s] [0m[90m|[0m time="2026-01-12T16:44:00Z" level=debug msg="Kube-router network policy controller metrics tick"
[95m35  : [0m[90;2m┆ ┆ [0m[90m[3m10s] [0m[90m|[0m time="2026-01-12T16:44:03Z" level=debug msg="Kube-router network policy controller metrics tick"
[95m35  : [0m[90;2m┆ ┆ [0m[90m[3m11s] [0m[90m|[0m time="2026-01-12T16:44:04Z" level=debug msg="cgroupv2 io stats: skipping over unmappable dbytes=0 entry"
[95m35  : [0m[90;2m┆ ┆ [0m[90m[3m11s] [0m[90m|[0m time="2026-01-12T16:44:04Z" level=debug msg="cgroupv2 io stats: skipping over unmappable dios=0 entry"
[95m35  : [0m[90;2m┆ ┆ [0m[90m[3m13s] [0m[90m|[0m time="2026-01-12T16:44:06Z" level=debug msg="Kube-router network policy controller metrics tick"
[95m35  : [0m[90;2m┆ ┆ [0m[90m[3m16s] [0m[90m|[0m time="2026-01-12T16:44:09Z" level=debug msg="Kube-router network policy controller metrics tick"
[95m35  : [0m[90;2m┆ ┆ [0m[90m[3m17s] [0m[90m|[0m time="2026-01-12T16:44:10Z" level=debug msg="cgroupv2 io stats: skipping over unmappable dbytes=0 entry"
[95m35  : [0m[90;2m┆ ┆ [0m[90m[3m17s] [0m[90m|[0m time="2026-01-12T16:44:10Z" level=debug msg="cgroupv2 io stats: skipping over unmappable dios=0 entry"
[95m35  : [0m[90;2m┆ ┆ [0m[90m[3m19s] [0m[90m|[0m time="2026-01-12T16:44:12Z" level=debug msg="Kube-router network policy controller metrics tick"
[95m35  : [0m[90;2m┆ ┆ [0m[90m[3m21s] [0m[90m|[0m time="2026-01-12T16:44:14Z" level=debug msg="cgroupv2 io stats: skipping over unmappable dbytes=0 entry"
[95m35  : [0m[90;2m┆ ┆ [0m[90m[3m21s] [0m[90m|[0m time="2026-01-12T16:44:14Z" level=debug msg="cgroupv2 io stats: skipping over unmappable dios=0 entry"
[95m35  : [0m[90;2m┆ ┆ [0m[90m[3m22s] [0m[90m|[0m time="2026-01-12T16:44:15Z" level=debug msg="Kube-router network policy controller metrics tick"
[95m35  : [0m[90;2m┆ ┆ [0m[90m[3m25s] [0m[90m|[0m time="2026-01-12T16:44:18Z" level=debug msg="Kube-router network policy controller metrics tick"
[95m35  : [0m[90;2m┆ ┆ [0m[90m[3m28s] [0m[90m|[0m time="2026-01-12T16:44:21Z" level=debug msg="Kube-router network policy controller metrics tick"
[95m35  : [0m[90;2m┆ ┆ [0m[90m[3m31s] [0m[90m|[0m time="2026-01-12T16:44:24Z" level=debug msg="cgroupv2 io stats: skipping over unmappable dbytes=0 entry"
[95m35  : [0m[90;2m┆ ┆ [0m[90m[3m31s] [0m[90m|[0m time="2026-01-12T16:44:24Z" level=debug msg="cgroupv2 io stats: skipping over unmappable dios=0 entry"
[95m35  : [0m[90;2m┆ ┆ [0m[90m[3m31s] [0m[90m|[0m time="2026-01-12T16:44:24Z" level=debug msg="Kube-router network policy controller metrics tick"
[95m35  : [0m[90;2m┆ ┆ [0m[90m[3m34s] [0m[90m|[0m time="2026-01-12T16:44:27Z" level=debug msg="Kube-router network policy controller metrics tick"
[95m35  : [0m[90;2m┆ ┆ [0m[90m[3m36s] [0m[90m|[0m time="2026-01-12T16:44:29Z" level=debug msg="cgroupv2 io stats: skipping over unmappable dbytes=0 entry"
[95m35  : [0m[90;2m┆ ┆ [0m[90m[3m36s] [0m[90m|[0m time="2026-01-12T16:44:29Z" level=debug msg="cgroupv2 io stats: skipping over unmappable dios=0 entry"
[95m35  : [0m[90;2m┆ ┆ [0m[90m[3m37s] [0m[90m|[0m time="2026-01-12T16:44:30Z" level=debug msg="Kube-router network policy controller metrics tick"
[95m35  : [0m[90;2m┆ ┆ [0m[90m[3m40s] [0m[90m|[0m time="2026-01-12T16:44:33Z" level=debug msg="Kube-router network policy controller metrics tick"
[95m35  : [0m[90;2m┆ ┆ [0m[90m[3m41s] [0m[90m|[0m time="2026-01-12T16:44:34Z" level=debug msg="cgroupv2 io stats: skipping over unmappable dbytes=0 entry"
[95m35  : [0m[90;2m┆ ┆ [0m[90m[3m41s] [0m[90m|[0m time="2026-01-12T16:44:34Z" level=debug msg="cgroupv2 io stats: skipping over unmappable dios=0 entry"
[95m35  : [0m[90;2m┆ ┆ [0m[90m[3m43s] [0m[90m|[0m time="2026-01-12T16:44:36Z" level=debug msg="Kube-router network policy controller metrics tick"
[95m35  : [0m[90;2m┆ ┆ [0m[90m[3m46s] [0m[90m|[0m time="2026-01-12T16:44:39Z" level=debug msg="Kube-router network policy controller metrics tick"
[95m35  : [0m[90;2m┆ ┆ [0m[90m[3m49s] [0m[90m|[0m time="2026-01-12T16:44:42Z" level=debug msg="Kube-router network policy controller metrics tick"
[95m35  : [0m[90;2m┆ ┆ [0m[90m[3m51s] [0m[90m|[0m time="2026-01-12T16:44:44Z" level=debug msg="cgroupv2 io stats: skipping over unmappable dbytes=0 entry"
[95m35  : [0m[90;2m┆ ┆ [0m[90m[3m51s] [0m[90m|[0m time="2026-01-12T16:44:44Z" level=debug msg="cgroupv2 io stats: skipping over unmappable dios=0 entry"
[95m35  : [0m[90;2m┆ ┆ [0m[90m[3m52s] [0m[90m|[0m time="2026-01-12T16:44:45Z" level=debug msg="Kube-router network policy controller metrics tick"
[95m35  : [0m[90;2m┆ ┆ [0m[90m[3m52s] [0m[90m|[0m time="2026-01-12T16:44:45Z" level=debug msg="cgroupv2 io stats: skipping over unmappable dbytes=0 entry"
[95m35  : [0m[90;2m┆ ┆ [0m[90m[3m52s] [0m[90m|[0m time="2026-01-12T16:44:45Z" level=debug msg="cgroupv2 io stats: skipping over unmappable dios=0 entry"
[95m35  : [0m[90;2m┆ ┆ [0m[90m[3m55s] [0m[90m|[0m time="2026-01-12T16:44:48Z" level=debug msg="Kube-router network policy controller metrics tick"
[95m35  : [0m[90;2m┆ ┆ [0m[90m[3m58s] [0m[90m|[0m time="2026-01-12T16:44:51Z" level=debug msg="Kube-router network policy controller metrics tick"
[95m35  : [0m[90;2m┆ ┆ [0m[90m[4m1s] [0m[90m|[0m time="2026-01-12T16:44:54Z" level=debug msg="cgroupv2 io stats: skipping over unmappable dbytes=0 entry"
[95m35  : [0m[90;2m┆ ┆ [0m[90m[4m1s] [0m[90m|[0m time="2026-01-12T16:44:54Z" level=debug msg="cgroupv2 io stats: skipping over unmappable dios=0 entry"
[95m35  : [0m[90;2m┆ ┆ [0m[90m[4m1s] [0m[90m|[0m time="2026-01-12T16:44:54Z" level=debug msg="Kube-router network policy controller metrics tick"
[95m35  : [0m[90;2m┆ ┆ [0m[90m[4m4s] [0m[90m|[0m time="2026-01-12T16:44:57Z" level=debug msg="Kube-router network policy controller metrics tick"
[95m35  : [0m[90;2m┆ ┆ [0m[90m[4m7s] [0m[90m|[0m time="2026-01-12T16:45:00Z" level=debug msg="cgroupv2 io stats: skipping over unmappable dbytes=0 entry"
[95m35  : [0m[90;2m┆ ┆ [0m[90m[4m7s] [0m[90m|[0m time="2026-01-12T16:45:00Z" level=debug msg="cgroupv2 io stats: skipping over unmappable dios=0 entry"
[95m35  : [0m[90;2m┆ ┆ [0m[90m[4m7s] [0m[90m|[0m time="2026-01-12T16:45:00Z" level=debug msg="Kube-router network policy controller metrics tick"
[95m35  : [0m[90;2m┆ ┆ [0m[90m[4m10s] [0m[90m|[0m time="2026-01-12T16:45:03Z" level=debug msg="Kube-router network policy controller metrics tick"
[95m35  : [0m[90;2m┆ ┆ [0m[90m[4m11s] [0m[90m|[0m time="2026-01-12T16:45:04Z" level=debug msg="cgroupv2 io stats: skipping over unmappable dbytes=0 entry"
[95m35  : [0m[90;2m┆ ┆ [0m[90m[4m11s] [0m[90m|[0m time="2026-01-12T16:45:04Z" level=debug msg="cgroupv2 io stats: skipping over unmappable dios=0 entry"
[95m35  : [0m[90;2m┆ ┆ [0m[90m[4m13s] [0m[90m|[0m time="2026-01-12T16:45:06Z" level=debug msg="Kube-router network policy controller metrics tick"
[95m35  : [0m[90;2m┆ ┆ [0m[90m[4m16s] [0m[90m|[0m time="2026-01-12T16:45:09Z" level=debug msg="Kube-router network policy controller metrics tick"
[95m35  : [0m[90;2m┆ ┆ [0m[90m[4m19s] [0m[90m|[0m time="2026-01-12T16:45:12Z" level=debug msg="Kube-router network policy controller metrics tick"
[95m35  : [0m[90;2m┆ ┆ [0m[90m[4m21s] [0m[90m|[0m time="2026-01-12T16:45:14Z" level=debug msg="cgroupv2 io stats: skipping over unmappable dbytes=0 entry"
[95m35  : [0m[90;2m┆ ┆ [0m[90m[4m21s] [0m[90m|[0m time="2026-01-12T16:45:14Z" level=debug msg="cgroupv2 io stats: skipping over unmappable dios=0 entry"
[95m35  : [0m[90;2m┆ ┆ [0m[90m[4m22s] [0m[90m|[0m time="2026-01-12T16:45:15Z" level=debug msg="Kube-router network policy controller metrics tick"
[95m35  : [0m[90;2m┆ ┆ [0m[90m[4m23s] [0m[90m|[0m time="2026-01-12T16:45:17Z" level=debug msg="cgroupv2 io stats: skipping over unmappable dbytes=0 entry"
[95m35  : [0m[90;2m┆ ┆ [0m[90m[4m23s] [0m[90m|[0m time="2026-01-12T16:45:17Z" level=debug msg="cgroupv2 io stats: skipping over unmappable dios=0 entry"
[95m35  : [0m[90;2m┆ ┆ [0m[90m[4m25s] [0m[90m|[0m time="2026-01-12T16:45:18Z" level=debug msg="Kube-router network policy controller metrics tick"
[95m35  : [0m[90;2m┆ ┆ [0m[90m[4m28s] [0m[90m|[0m time="2026-01-12T16:45:21Z" level=debug msg="Kube-router network policy controller metrics tick"
[95m35  : [0m[90;2m┆ ┆ [0m[90m[4m31s] [0m[90m|[0m time="2026-01-12T16:45:24Z" level=debug msg="cgroupv2 io stats: skipping over unmappable dbytes=0 entry"
[95m35  : [0m[90;2m┆ ┆ [0m[90m[4m31s] [0m[90m|[0m time="2026-01-12T16:45:24Z" level=debug msg="cgroupv2 io stats: skipping over unmappable dios=0 entry"
[95m35  : [0m[90;2m┆ ┆ [0m[90m[4m31s] [0m[90m|[0m time="2026-01-12T16:45:24Z" level=debug msg="Kube-router network policy controller metrics tick"
[95m35  : [0m[90;2m┆ ┆ [0m[90m[4m34s] [0m[90m|[0m time="2026-01-12T16:45:27Z" level=debug msg="Kube-router network policy controller metrics tick"
[95m35  : [0m[90;2m┆ ┆ [0m[90m[4m35s] [0m[90m|[0m time="2026-01-12T16:45:29Z" level=debug msg="cgroupv2 io stats: skipping over unmappable dbytes=0 entry"
[95m35  : [0m[90;2m┆ ┆ [0m[90m[4m35s] [0m[90m|[0m time="2026-01-12T16:45:29Z" level=debug msg="cgroupv2 io stats: skipping over unmappable dios=0 entry"
[95m35  : [0m[90;2m┆ ┆ [0m[90m[4m37s] [0m[90m|[0m time="2026-01-12T16:45:30Z" level=debug msg="Kube-router network policy controller metrics tick"
[95m35  : [0m[90;2m┆ ┆ [0m[90m[4m40s] [0m[90m|[0m time="2026-01-12T16:45:33Z" level=debug msg="Kube-router network policy controller metrics tick"
[95m35  : [0m[90;2m┆ ┆ [0m[90m[4m41s] [0m[90m|[0m time="2026-01-12T16:45:34Z" level=debug msg="cgroupv2 io stats: skipping over unmappable dbytes=0 entry"
[95m35  : [0m[90;2m┆ ┆ [0m[90m[4m41s] [0m[90m|[0m time="2026-01-12T16:45:34Z" level=debug msg="cgroupv2 io stats: skipping over unmappable dios=0 entry"
[95m35  : [0m[90;2m┆ ┆ [0m[90m[4m43s] [0m[90m|[0m time="2026-01-12T16:45:36Z" level=debug msg="Kube-router network policy controller metrics tick"
[95m35  : [0m[90;2m┆ ┆ [0m[90m[4m46s] [0m[90m|[0m time="2026-01-12T16:45:39Z" level=debug msg="Kube-router network policy controller metrics tick"
[95m35  : [0m[90;2m┆ ┆ [0m[90m[4m47s] [0m[90m|[0m time="2026-01-12T16:45:40Z" level=debug msg="cgroupv2 io stats: skipping over unmappable dbytes=0 entry"
[95m35  : [0m[90;2m┆ ┆ [0m[90m[4m47s] [0m[90m|[0m time="2026-01-12T16:45:40Z" level=debug msg="cgroupv2 io stats: skipping over unmappable dios=0 entry"
[95m35  : [0m[90;2m┆ ┆ [0m[90m[4m49s] [0m[90m|[0m time="2026-01-12T16:45:42Z" level=debug msg="Kube-router network policy controller metrics tick"
[95m35  : [0m[90;2m┆ ┆ [0m[90m[4m51s] [0m[90m|[0m time="2026-01-12T16:45:44Z" level=debug msg="cgroupv2 io stats: skipping over unmappable dbytes=0 entry"
[95m35  : [0m[90;2m┆ ┆ [0m[90m[4m51s] [0m[90m|[0m time="2026-01-12T16:45:44Z" level=debug msg="cgroupv2 io stats: skipping over unmappable dios=0 entry"
[95m35  : [0m[90;2m┆ ┆ [0m[90m[4m52s] [0m[90m|[0m time="2026-01-12T16:45:45Z" level=debug msg="Kube-router network policy controller metrics tick"
[95m35  : [0m[90;2m┆ ┆ [0m[90m[4m55s] [0m[90m|[0m time="2026-01-12T16:45:48Z" level=debug msg="Kube-router network policy controller metrics tick"
[95m35  : [0m[90;2m┆ ┆ [0m[90m[4m58s] [0m[90m|[0m time="2026-01-12T16:45:51Z" level=debug msg="Kube-router network policy controller metrics tick"
[95m35  : [0m[90;2m┆ ┆ [0m[90m[5m0s] [0m[90m|[0m time="2026-01-12T16:45:54Z" level=debug msg="cgroupv2 io stats: skipping over unmappable dbytes=0 entry"
[95m35  : [0m[90;2m┆ ┆ [0m[90m[5m0s] [0m[90m|[0m time="2026-01-12T16:45:54Z" level=debug msg="cgroupv2 io stats: skipping over unmappable dios=0 entry"
[95m35  : [0m[90;2m┆ ┆ [0m[90m[5m1s] [0m[90m|[0m time="2026-01-12T16:45:54Z" level=debug msg="cgroupv2 io stats: skipping over unmappable dbytes=0 entry"
[95m35  : [0m[90;2m┆ ┆ [0m[90m[5m1s] [0m[90m|[0m time="2026-01-12T16:45:54Z" level=debug msg="cgroupv2 io stats: skipping over unmappable dios=0 entry"
[95m35  : [0m[90;2m┆ ┆ [0m[90m[5m1s] [0m[90m|[0m time="2026-01-12T16:45:54Z" level=debug msg="Kube-router network policy controller metrics tick"
[95m35  : [0m[90;2m┆ ┆ [0m[90m[5m4s] [0m[90m|[0m time="2026-01-12T16:45:57Z" level=debug msg="Kube-router network policy controller metrics tick"
[95m35  : [0m[90;2m┆ ┆ [0m[90m[5m7s] [0m[90m|[0m time="2026-01-12T16:46:00Z" level=debug msg="Kube-router network policy controller metrics tick"
[95m35  : [0m[90;2m┆ ┆ [0m[90m[5m10s] [0m[90m|[0m time="2026-01-12T16:46:03Z" level=debug msg="Kube-router network policy controller metrics tick"
[95m35  : [0m[90;2m┆ ┆ [0m[90m[5m10s] [0m[90m|[0m W0112 16:46:04.453950      14 info.go:53] Couldn't collect info from any of the files in "/etc/machine-id,/var/lib/dbus/machine-id"
[95m35  : [0m[90;2m┆ ┆ [0m[90m[5m11s] [0m[90m|[0m time="2026-01-12T16:46:04Z" level=debug msg="cgroupv2 io stats: skipping over unmappable dbytes=0 entry"
[95m35  : [0m[90;2m┆ ┆ [0m[90m[5m11s] [0m[90m|[0m time="2026-01-12T16:46:04Z" level=debug msg="cgroupv2 io stats: skipping over unmappable dios=0 entry"
[95m35  : [0m[90;2m┆ ┆ [0m[90m[5m13s] [0m[90m|[0m time="2026-01-12T16:46:06Z" level=debug msg="Kube-router network policy controller metrics tick"
[95m35  : [0m[90;2m┆ ┆ [0m[90m[5m16s] [0m[90m|[0m time="2026-01-12T16:46:09Z" level=debug msg="Kube-router network policy controller metrics tick"
[95m35  : [0m[90;2m┆ ┆ [0m[90m[5m19s] [0m[90m|[0m time="2026-01-12T16:46:12Z" level=debug msg="cgroupv2 io stats: skipping over unmappable dbytes=0 entry"
[95m35  : [0m[90;2m┆ ┆ [0m[90m[5m19s] [0m[90m|[0m time="2026-01-12T16:46:12Z" level=debug msg="cgroupv2 io stats: skipping over unmappable dios=0 entry"
[95m35  : [0m[90;2m┆ ┆ [0m[90m[5m19s] [0m[90m|[0m time="2026-01-12T16:46:12Z" level=debug msg="Kube-router network policy controller metrics tick"
[95m35  : [0m[90;2m┆ ┆ [0m[90m[5m20s] [0m[90m|[0m time="2026-01-12T16:46:14.048817386Z" level=info msg="container event discarded" container=617d72d2e9b35f7b047cd565147f5786587c466b3a162b1c0468548fb65a218a type=CONTAINER_CREATED_EVENT
[95m35  : [0m[90;2m┆ ┆ [0m[90m[5m20s] [0m[90m|[0m time="2026-01-12T16:46:14.048959762Z" level=info msg="container event discarded" container=617d72d2e9b35f7b047cd565147f5786587c466b3a162b1c0468548fb65a218a type=CONTAINER_STARTED_EVENT
[95m35  : [0m[90;2m┆ ┆ [0m[90m[5m20s] [0m[90m|[0m time="2026-01-12T16:46:14.061503682Z" level=info msg="container event discarded" container=b05b725e7cdc774c89739a576f6af3b33a3f21d35cb799cbe11a141cb0e36011 type=CONTAINER_CREATED_EVENT
[95m35  : [0m[90;2m┆ ┆ [0m[90m[5m20s] [0m[90m|[0m time="2026-01-12T16:46:14.061551433Z" level=info msg="container event discarded" container=b05b725e7cdc774c89739a576f6af3b33a3f21d35cb799cbe11a141cb0e36011 type=CONTAINER_STARTED_EVENT
[95m35  : [0m[90;2m┆ ┆ [0m[90m[5m21s] [0m[90m|[0m time="2026-01-12T16:46:14Z" level=debug msg="cgroupv2 io stats: skipping over unmappable dbytes=0 entry"
[95m35  : [0m[90;2m┆ ┆ [0m[90m[5m21s] [0m[90m|[0m time="2026-01-12T16:46:14Z" level=debug msg="cgroupv2 io stats: skipping over unmappable dios=0 entry"
[95m35  : [0m[90;2m┆ ┆ [0m[90m[5m22s] [0m[90m|[0m time="2026-01-12T16:46:15Z" level=debug msg="Kube-router network policy controller metrics tick"
[95m35  : [0m[90;2m┆ ┆ [0m[90m[5m25s] [0m[90m|[0m time="2026-01-12T16:46:18.506894544Z" level=info msg="container event discarded" container=49bc193e0ff6bd003226e4ca82750b9373771d95d680c05f9884ed55cbdc5277 type=CONTAINER_CREATED_EVENT
[95m35  : [0m[90;2m┆ ┆ [0m[90m[5m25s] [0m[90m|[0m time="2026-01-12T16:46:18.529065380Z" level=info msg="container event discarded" container=49bc193e0ff6bd003226e4ca82750b9373771d95d680c05f9884ed55cbdc5277 type=CONTAINER_STARTED_EVENT
[95m35  : [0m[90;2m┆ ┆ [0m[90m[5m25s] [0m[90m|[0m time="2026-01-12T16:46:18Z" level=debug msg="Kube-router network policy controller metrics tick"
[95m35  : [0m[90;2m┆ ┆ [0m[90m[5m25s] [0m[90m|[0m time="2026-01-12T16:46:18.954119288Z" level=info msg="container event discarded" container=fdf1207c763600d28dee74fa950b735777b15c441a4540e750a7a1e530e6b6b2 type=CONTAINER_CREATED_EVENT
[95m35  : [0m[90;2m┆ ┆ [0m[90m[5m25s] [0m[90m|[0m time="2026-01-12T16:46:18.973504171Z" level=info msg="container event discarded" container=fdf1207c763600d28dee74fa950b735777b15c441a4540e750a7a1e530e6b6b2 type=CONTAINER_STARTED_EVENT
[95m35  : [0m[90;2m┆ ┆ [0m[90m[5m28s] [0m[90m|[0m time="2026-01-12T16:46:21Z" level=debug msg="Kube-router network policy controller metrics tick"
[95m35  : [0m[90;2m┆ ┆ [0m[90m[5m30s] [0m[90m|[0m time="2026-01-12T16:46:24Z" level=debug msg="cgroupv2 io stats: skipping over unmappable dbytes=0 entry"
[95m35  : [0m[90;2m┆ ┆ [0m[90m[5m30s] [0m[90m|[0m time="2026-01-12T16:46:24Z" level=debug msg="cgroupv2 io stats: skipping over unmappable dios=0 entry"
[95m35  : [0m[90;2m┆ ┆ [0m[90m[5m31s] [0m[90m|[0m time="2026-01-12T16:46:24Z" level=debug msg="cgroupv2 io stats: skipping over unmappable dbytes=0 entry"
[95m35  : [0m[90;2m┆ ┆ [0m[90m[5m31s] [0m[90m|[0m time="2026-01-12T16:46:24Z" level=debug msg="cgroupv2 io stats: skipping over unmappable dios=0 entry"
[95m35  : [0m[90;2m┆ ┆ [0m[90m[5m31s] [0m[90m|[0m time="2026-01-12T16:46:24Z" level=debug msg="Kube-router network policy controller metrics tick"
[95m35  : [0m[90;2m┆ ┆ [0m[90m[5m34s] [0m[90m|[0m time="2026-01-12T16:46:27Z" level=debug msg="Kube-router network policy controller metrics tick"
[95m35  : [0m[90;2m┆ ┆ [0m[90m[5m37s] [0m[90m|[0m time="2026-01-12T16:46:30Z" level=debug msg="Kube-router network policy controller metrics tick"
[95m35  : [0m[90;2m┆ ┆ [0m[90m[5m40s] [0m[90m|[0m time="2026-01-12T16:46:33Z" level=debug msg="Kube-router network policy controller metrics tick"
[95m35  : [0m[90;2m┆ ┆ [0m[90m[5m41s] [0m[90m|[0m time="2026-01-12T16:46:34Z" level=debug msg="cgroupv2 io stats: skipping over unmappable dbytes=0 entry"
[95m35  : [0m[90;2m┆ ┆ [0m[90m[5m41s] [0m[90m|[0m time="2026-01-12T16:46:34Z" level=debug msg="cgroupv2 io stats: skipping over unmappable dios=0 entry"
[95m35  : [0m[90;2m┆ ┆ [0m[90m[5m43s] [0m[90m|[0m time="2026-01-12T16:46:36Z" level=debug msg="Kube-router network policy controller metrics tick"
[95m35  : [0m[90;2m┆ ┆ [0m[90m[5m44s] [0m[90m|[0m time="2026-01-12T16:46:38Z" level=debug msg="cgroupv2 io stats: skipping over unmappable dbytes=0 entry"
[95m35  : [0m[90;2m┆ ┆ [0m[90m[5m44s] [0m[90m|[0m time="2026-01-12T16:46:38Z" level=debug msg="cgroupv2 io stats: skipping over unmappable dios=0 entry"
[95m35  : [0m[90;2m┆ ┆ [0m[90m[5m46s] [0m[90m|[0m time="2026-01-12T16:46:39Z" level=debug msg="Kube-router network policy controller metrics tick"
[95m35  : [0m[90;2m┆ ┆ [0m[90m[5m49s] [0m[90m|[0m time="2026-01-12T16:46:42Z" level=debug msg="Kube-router network policy controller metrics tick"
[95m35  : [0m[90;2m┆ ┆ [0m[90m[5m51s] [0m[90m|[0m time="2026-01-12T16:46:44Z" level=debug msg="cgroupv2 io stats: skipping over unmappable dbytes=0 entry"
[95m35  : [0m[90;2m┆ ┆ [0m[90m[5m51s] [0m[90m|[0m time="2026-01-12T16:46:44Z" level=debug msg="cgroupv2 io stats: skipping over unmappable dios=0 entry"
[95m35  : [0m[90;2m┆ ┆ [0m[90m[5m52s] [0m[90m|[0m time="2026-01-12T16:46:45Z" level=debug msg="Kube-router network policy controller metrics tick"
[95m35  : [0m[90;2m┆ ┆ [0m[90m[5m55s] [0m[90m|[0m time="2026-01-12T16:46:48Z" level=debug msg="Kube-router network policy controller metrics tick"
[95m35  : [0m[90;2m┆ ┆ [0m[90m[5m55s] [0m[90m|[0m time="2026-01-12T16:46:49Z" level=debug msg="cgroupv2 io stats: skipping over unmappable dbytes=0 entry"
[95m35  : [0m[90;2m┆ ┆ [0m[90m[5m55s] [0m[90m|[0m time="2026-01-12T16:46:49Z" level=debug msg="cgroupv2 io stats: skipping over unmappable dios=0 entry"
[95m35  : [0m[90;2m┆ ┆ [0m[90m[5m58s] [0m[90m|[0m time="2026-01-12T16:46:51Z" level=debug msg="Kube-router network policy controller metrics tick"
[95m35  : [0m[90;2m┆ ┆ [0m[90m[6m1s] [0m[90m|[0m time="2026-01-12T16:46:54Z" level=debug msg="cgroupv2 io stats: skipping over unmappable dbytes=0 entry"
[95m35  : [0m[90;2m┆ ┆ [0m[90m[6m1s] [0m[90m|[0m time="2026-01-12T16:46:54Z" level=debug msg="cgroupv2 io stats: skipping over unmappable dios=0 entry"
[95m35  : [0m[90;2m┆ ┆ [0m[90m[6m1s] [0m[90m|[0m time="2026-01-12T16:46:54Z" level=debug msg="Kube-router network policy controller metrics tick"
[95m35  : [0m[90;2m┆ ┆ [0m[90m[6m4s] [0m[90m|[0m time="2026-01-12T16:46:57Z" level=debug msg="Kube-router network policy controller metrics tick"
[95m35  : [0m[90;2m┆ ┆ [0m[90m[6m7s] [0m[90m|[0m time="2026-01-12T16:47:00Z" level=debug msg="Kube-router network policy controller metrics tick"
[95m35  : [0m[90;2m┆ ┆ [0m[90m[6m10s] [0m[90m|[0m time="2026-01-12T16:47:03Z" level=debug msg="Kube-router network policy controller metrics tick"
[95m35  : [0m[90;2m┆ ┆ [0m[90m[6m11s] [0m[90m|[0m time="2026-01-12T16:47:04Z" level=debug msg="cgroupv2 io stats: skipping over unmappable dbytes=0 entry"
[95m35  : [0m[90;2m┆ ┆ [0m[90m[6m11s] [0m[90m|[0m time="2026-01-12T16:47:04Z" level=debug msg="cgroupv2 io stats: skipping over unmappable dios=0 entry"
[95m35  : [0m[90;2m┆ ┆ [0m[90m[6m12s] [0m[90m|[0m time="2026-01-12T16:47:06Z" level=debug msg="cgroupv2 io stats: skipping over unmappable dbytes=0 entry"
[95m35  : [0m[90;2m┆ ┆ [0m[90m[6m12s] [0m[90m|[0m time="2026-01-12T16:47:06Z" level=debug msg="cgroupv2 io stats: skipping over unmappable dios=0 entry"
[95m35  : [0m[90;2m┆ ┆ [0m[90m[6m13s] [0m[90m|[0m time="2026-01-12T16:47:06Z" level=debug msg="Kube-router network policy controller metrics tick"
[95m35  : [0m[90;2m┆ ┆ [0m[90m[6m16s] [0m[90m|[0m time="2026-01-12T16:47:09Z" level=debug msg="Kube-router network policy controller metrics tick"
[95m35  : [0m[90;2m┆ ┆ [0m[90m[6m19s] [0m[90m|[0m time="2026-01-12T16:47:12Z" level=debug msg="Kube-router network policy controller metrics tick"
[95m35  : [0m[90;2m┆ ┆ [0m[90m[6m21s] [0m[90m|[0m time="2026-01-12T16:47:14Z" level=debug msg="cgroupv2 io stats: skipping over unmappable dbytes=0 entry"
[95m35  : [0m[90;2m┆ ┆ [0m[90m[6m21s] [0m[90m|[0m time="2026-01-12T16:47:14Z" level=debug msg="cgroupv2 io stats: skipping over unmappable dios=0 entry"
[95m35  : [0m[90;2m┆ ┆ [0m[90m[6m22s] [0m[90m|[0m time="2026-01-12T16:47:15Z" level=debug msg="Kube-router network policy controller metrics tick"
[95m35  : [0m[90;2m┆ ┆ [0m[90m[6m23s] [0m[90m|[0m time="2026-01-12T16:47:16Z" level=debug msg="cgroupv2 io stats: skipping over unmappable dbytes=0 entry"
[95m35  : [0m[90;2m┆ ┆ [0m[90m[6m23s] [0m[90m|[0m time="2026-01-12T16:47:16Z" level=debug msg="cgroupv2 io stats: skipping over unmappable dios=0 entry"
[95m35  : [0m[90;2m┆ ┆ [0m[90m[6m25s] [0m[90m|[0m time="2026-01-12T16:47:18Z" level=debug msg="Kube-router network policy controller metrics tick"
[95m35  : [0m[90;2m┆ ┆ [0m[90m[6m28s] [0m[90m|[0m time="2026-01-12T16:47:21Z" level=debug msg="Kube-router network policy controller metrics tick"
[95m35  : [0m[90;2m┆ ┆ [0m[90m[6m31s] [0m[90m|[0m time="2026-01-12T16:47:24Z" level=debug msg="Kube-router network policy controller metrics tick"
[95m35  : [0m[90;2m┆ ┆ [0m[90m[6m31s] [0m[90m|[0m time="2026-01-12T16:47:24Z" level=debug msg="cgroupv2 io stats: skipping over unmappable dbytes=0 entry"
[95m35  : [0m[90;2m┆ ┆ [0m[90m[6m31s] [0m[90m|[0m time="2026-01-12T16:47:24Z" level=debug msg="cgroupv2 io stats: skipping over unmappable dios=0 entry"
[95m35  : [0m[90;2m┆ ┆ [0m[90m[6m34s] [0m[90m|[0m time="2026-01-12T16:47:27Z" level=debug msg="Kube-router network policy controller metrics tick"
[95m35  : [0m[90;2m┆ ┆ [0m[90m[6m37s] [0m[90m|[0m time="2026-01-12T16:47:30Z" level=debug msg="Kube-router network policy controller metrics tick"
[95m35  : [0m[90;2m┆ ┆ [0m[90m[6m40s] [0m[90m|[0m time="2026-01-12T16:47:33Z" level=debug msg="Kube-router network policy controller metrics tick"
[95m35  : [0m[90;2m┆ ┆ [0m[90m[6m41s] [0m[90m|[0m time="2026-01-12T16:47:34Z" level=debug msg="cgroupv2 io stats: skipping over unmappable dbytes=0 entry"
[95m35  : [0m[90;2m┆ ┆ [0m[90m[6m41s] [0m[90m|[0m time="2026-01-12T16:47:34Z" level=debug msg="cgroupv2 io stats: skipping over unmappable dios=0 entry"
[95m35  : [0m[90;2m┆ ┆ [0m[90m[6m41s] [0m[90m|[0m time="2026-01-12T16:47:35Z" level=debug msg="cgroupv2 io stats: skipping over unmappable dbytes=0 entry"
[95m35  : [0m[90;2m┆ ┆ [0m[90m[6m41s] [0m[90m|[0m time="2026-01-12T16:47:35Z" level=debug msg="cgroupv2 io stats: skipping over unmappable dios=0 entry"
[95m35  : [0m[90;2m┆ ┆ [0m[90m[6m43s] [0m[90m|[0m time="2026-01-12T16:47:36Z" level=debug msg="Kube-router network policy controller metrics tick"
[95m35  : [0m[90;2m┆ ┆ [0m[90m[6m46s] [0m[90m|[0m time="2026-01-12T16:47:39Z" level=debug msg="Kube-router network policy controller metrics tick"
[95m35  : [0m[90;2m┆ ┆ [0m[90m[6m49s] [0m[90m|[0m time="2026-01-12T16:47:42Z" level=debug msg="Kube-router network policy controller metrics tick"
[95m35  : [0m[90;2m┆ ┆ [0m[90m[6m51s] [0m[90m|[0m time="2026-01-12T16:47:44Z" level=debug msg="cgroupv2 io stats: skipping over unmappable dbytes=0 entry"
[95m35  : [0m[90;2m┆ ┆ [0m[90m[6m51s] [0m[90m|[0m time="2026-01-12T16:47:44Z" level=debug msg="cgroupv2 io stats: skipping over unmappable dios=0 entry"
[95m35  : [0m[90;2m┆ ┆ [0m[90m[6m52s] [0m[90m|[0m time="2026-01-12T16:47:45Z" level=debug msg="Kube-router network policy controller metrics tick"
[95m35  : [0m[90;2m┆ ┆ [0m[90m[6m55s] [0m[90m|[0m time="2026-01-12T16:47:48Z" level=debug msg="Kube-router network policy controller metrics tick"
[95m35  : [0m[90;2m┆ ┆ [0m[90m[6m58s] [0m[90m|[0m time="2026-01-12T16:47:51Z" level=debug msg="cgroupv2 io stats: skipping over unmappable dbytes=0 entry"
[95m35  : [0m[90;2m┆ ┆ [0m[90m[6m58s] [0m[90m|[0m time="2026-01-12T16:47:51Z" level=debug msg="cgroupv2 io stats: skipping over unmappable dios=0 entry"
[95m35  : [0m[90;2m┆ ┆ [0m[90m[6m58s] [0m[90m|[0m time="2026-01-12T16:47:51Z" level=debug msg="Kube-router network policy controller metrics tick"
[95m35  : [0m[90;2m┆ ┆ [0m[90m[7m1s] [0m[90m|[0m time="2026-01-12T16:47:54Z" level=debug msg="Kube-router network policy controller metrics tick"
[95m35  : [0m[90;2m┆ ┆ [0m[90m[7m1s] [0m[90m|[0m time="2026-01-12T16:47:54Z" level=debug msg="cgroupv2 io stats: skipping over unmappable dbytes=0 entry"
[95m35  : [0m[90;2m┆ ┆ [0m[90m[7m1s] [0m[90m|[0m time="2026-01-12T16:47:54Z" level=debug msg="cgroupv2 io stats: skipping over unmappable dios=0 entry"
[95m35  : [0m[90;2m┆ ┆ [0m[90m[7m4s] [0m[90m|[0m time="2026-01-12T16:47:57Z" level=debug msg="Kube-router network policy controller metrics tick"
[95m35  : [0m[90;2m┆ ┆ [0m[90m[7m7s] [0m[90m|[0m time="2026-01-12T16:48:00Z" level=debug msg="Kube-router network policy controller metrics tick"
[95m35  : [0m[90;2m┆ ┆ [0m[90m[7m10s] [0m[90m|[0m time="2026-01-12T16:48:03Z" level=debug msg="Kube-router network policy controller metrics tick"
[95m35  : [0m[90;2m┆ ┆ [0m[90m[7m11s] [0m[90m|[0m time="2026-01-12T16:48:04Z" level=debug msg="cgroupv2 io stats: skipping over unmappable dbytes=0 entry"
[95m35  : [0m[90;2m┆ ┆ [0m[90m[7m11s] [0m[90m|[0m time="2026-01-12T16:48:04Z" level=debug msg="cgroupv2 io stats: skipping over unmappable dios=0 entry"
[95m35  : [0m[90;2m┆ ┆ [0m[90m[7m11s] [0m[90m|[0m time="2026-01-12T16:48:05Z" level=debug msg="cgroupv2 io stats: skipping over unmappable dbytes=0 entry"
[95m35  : [0m[90;2m┆ ┆ [0m[90m[7m11s] [0m[90m|[0m time="2026-01-12T16:48:05Z" level=debug msg="cgroupv2 io stats: skipping over unmappable dios=0 entry"
[95m35  : [0m[90;2m┆ ┆ [0m[90m[7m13s] [0m[90m|[0m time="2026-01-12T16:48:06Z" level=debug msg="Kube-router network policy controller metrics tick"
[95m35  : [0m[90;2m┆ ┆ [0m[90m[7m16s] [0m[90m|[0m time="2026-01-12T16:48:09Z" level=debug msg="Kube-router network policy controller metrics tick"
[95m35  : [0m[90;2m┆ ┆ [0m[90m[7m19s] [0m[90m|[0m time="2026-01-12T16:48:12Z" level=debug msg="Kube-router network policy controller metrics tick"
[95m35  : [0m[90;2m┆ ┆ [0m[90m[7m21s] [0m[90m|[0m time="2026-01-12T16:48:14Z" level=debug msg="cgroupv2 io stats: skipping over unmappable dbytes=0 entry"
[95m35  : [0m[90;2m┆ ┆ [0m[90m[7m21s] [0m[90m|[0m time="2026-01-12T16:48:14Z" level=debug msg="cgroupv2 io stats: skipping over unmappable dios=0 entry"
[95m35  : [0m[90;2m┆ ┆ [0m[90m[7m21s] [0m[90m|[0m time="2026-01-12T16:48:15Z" level=debug msg="cgroupv2 io stats: skipping over unmappable dbytes=0 entry"
[95m35  : [0m[90;2m┆ ┆ [0m[90m[7m21s] [0m[90m|[0m time="2026-01-12T16:48:15Z" level=debug msg="cgroupv2 io stats: skipping over unmappable dios=0 entry"
[95m35  : [0m[90;2m┆ ┆ [0m[90m[7m22s] [0m[90m|[0m time="2026-01-12T16:48:15Z" level=debug msg="Kube-router network policy controller metrics tick"
[95m35  : [0m[90;2m┆ ┆ [0m[90m[7m25s] [0m[90m|[0m time="2026-01-12T16:48:18Z" level=debug msg="Kube-router network policy controller metrics tick"
[95m35  : [0m[90;2m┆ ┆ [0m[90m[7m28s] [0m[90m|[0m time="2026-01-12T16:48:21Z" level=debug msg="Kube-router network policy controller metrics tick"
[95m35  : [0m[90;2m┆ ┆ [0m[90m[7m31s] [0m[90m|[0m time="2026-01-12T16:48:24Z" level=debug msg="Kube-router network policy controller metrics tick"
[95m35  : [0m[90;2m┆ ┆ [0m[90m[7m31s] [0m[90m|[0m time="2026-01-12T16:48:24Z" level=debug msg="cgroupv2 io stats: skipping over unmappable dbytes=0 entry"
[95m35  : [0m[90;2m┆ ┆ [0m[90m[7m31s] [0m[90m|[0m time="2026-01-12T16:48:24Z" level=debug msg="cgroupv2 io stats: skipping over unmappable dios=0 entry"
[95m35  : [0m[90;2m┆ ┆ [0m[90m[7m34s] [0m[90m|[0m time="2026-01-12T16:48:27Z" level=debug msg="Kube-router network policy controller metrics tick"
[95m35  : [0m[90;2m┆ ┆ [0m[90m[7m37s] [0m[90m|[0m time="2026-01-12T16:48:30Z" level=debug msg="Kube-router network policy controller metrics tick"
[95m35  : [0m[90;2m┆ ┆ [0m[90m[7m40s] [0m[90m|[0m time="2026-01-12T16:48:33Z" level=debug msg="cgroupv2 io stats: skipping over unmappable dbytes=0 entry"
[95m35  : [0m[90;2m┆ ┆ [0m[90m[7m40s] [0m[90m|[0m time="2026-01-12T16:48:33Z" level=debug msg="cgroupv2 io stats: skipping over unmappable dios=0 entry"
[95m35  : [0m[90;2m┆ ┆ [0m[90m[7m40s] [0m[90m|[0m time="2026-01-12T16:48:33Z" level=debug msg="Kube-router network policy controller metrics tick"
[95m35  : [0m[90;2m┆ ┆ [0m[90m[7m41s] [0m[90m|[0m time="2026-01-12T16:48:34Z" level=debug msg="cgroupv2 io stats: skipping over unmappable dbytes=0 entry"
[95m35  : [0m[90;2m┆ ┆ [0m[90m[7m41s] [0m[90m|[0m time="2026-01-12T16:48:34Z" level=debug msg="cgroupv2 io stats: skipping over unmappable dios=0 entry"
[95m35  : [0m[90;2m┆ ┆ [0m[90m[7m43s] [0m[90m|[0m time="2026-01-12T16:48:36Z" level=debug msg="Kube-router network policy controller metrics tick"
[95m35  : [0m[90;2m┆ ┆ [0m[90m[7m46s] [0m[90m|[0m time="2026-01-12T16:48:39Z" level=debug msg="Kube-router network policy controller metrics tick"
[95m35  : [0m[90;2m┆ ┆ [0m[90m[7m49s] [0m[90m|[0m time="2026-01-12T16:48:42Z" level=debug msg="Kube-router network policy controller metrics tick"
[95m35  : [0m[90;2m┆ ┆ [0m[90m[7m51s] [0m[90m|[0m time="2026-01-12T16:48:44Z" level=debug msg="cgroupv2 io stats: skipping over unmappable dbytes=0 entry"
[95m35  : [0m[90;2m┆ ┆ [0m[90m[7m51s] [0m[90m|[0m time="2026-01-12T16:48:44Z" level=debug msg="cgroupv2 io stats: skipping over unmappable dios=0 entry"
[95m35  : [0m[90;2m┆ ┆ [0m[90m[7m52s] [0m[90m|[0m time="2026-01-12T16:48:45Z" level=debug msg="Kube-router network policy controller metrics tick"
[95m35  : [0m[90;2m┆ ┆ [0m[90m[7m52s] [0m[90m|[0m time="2026-01-12T16:48:46Z" level=debug msg="cgroupv2 io stats: skipping over unmappable dbytes=0 entry"
[95m35  : [0m[90;2m┆ ┆ [0m[90m[7m52s] [0m[90m|[0m time="2026-01-12T16:48:46Z" level=debug msg="cgroupv2 io stats: skipping over unmappable dios=0 entry"
[95m35  : [0m[90;2m┆ ┆ [0m[90m[7m55s] [0m[90m|[0m time="2026-01-12T16:48:48Z" level=debug msg="Kube-router network policy controller metrics tick"
[95m35  : [0m[90;2m┆ ┆ [0m[90m[7m58s] [0m[90m|[0m time="2026-01-12T16:48:51Z" level=debug msg="Kube-router network policy controller metrics tick"
[95m35  : [0m[90;2m┆ ┆ [0m[90m[8m1s] [0m[90m|[0m time="2026-01-12T16:48:54Z" level=debug msg="Kube-router network policy controller metrics tick"
[95m35  : [0m[90;2m┆ ┆ [0m[90m[8m1s] [0m[90m|[0m time="2026-01-12T16:48:54Z" level=debug msg="cgroupv2 io stats: skipping over unmappable dbytes=0 entry"
[95m35  : [0m[90;2m┆ ┆ [0m[90m[8m1s] [0m[90m|[0m time="2026-01-12T16:48:54Z" level=debug msg="cgroupv2 io stats: skipping over unmappable dios=0 entry"
[95m35  : [0m[90;2m┆ ┆ [0m[90m[8m4s] [0m[90m|[0m time="2026-01-12T16:48:57Z" level=debug msg="Kube-router network policy controller metrics tick"
[95m35  : [0m[90;2m┆ ┆ [0m[90m[8m5s] [0m[90m|[0m time="2026-01-12T16:48:58Z" level=debug msg="cgroupv2 io stats: skipping over unmappable dbytes=0 entry"
[95m35  : [0m[90;2m┆ ┆ [0m[90m[8m5s] [0m[90m|[0m time="2026-01-12T16:48:58Z" level=debug msg="cgroupv2 io stats: skipping over unmappable dios=0 entry"
[95m35  : [0m[90;2m┆ ┆ [0m[90m[8m7s] [0m[90m|[0m time="2026-01-12T16:49:00Z" level=debug msg="Kube-router network policy controller metrics tick"
[95m35  : [0m[90;2m┆ ┆ [0m[90m[8m10s] [0m[90m|[0m time="2026-01-12T16:49:03Z" level=debug msg="Kube-router network policy controller metrics tick"
[95m35  : [0m[90;2m┆ ┆ [0m[90m[8m11s] [0m[90m|[0m time="2026-01-12T16:49:04Z" level=debug msg="cgroupv2 io stats: skipping over unmappable dbytes=0 entry"
[95m35  : [0m[90;2m┆ ┆ [0m[90m[8m11s] [0m[90m|[0m time="2026-01-12T16:49:04Z" level=debug msg="cgroupv2 io stats: skipping over unmappable dios=0 entry"
[95m35  : [0m[90;2m┆ ┆ [0m[90m[8m13s] [0m[90m|[0m time="2026-01-12T16:49:06Z" level=debug msg="Kube-router network policy controller metrics tick"
[95m35  : [0m[90;2m┆ ┆ [0m[90m[8m16s] [0m[90m|[0m time="2026-01-12T16:49:09Z" level=debug msg="Kube-router network policy controller metrics tick"
[95m35  : [0m[90;2m┆ ┆ [0m[90m[8m19s] [0m[90m|[0m time="2026-01-12T16:49:12Z" level=debug msg="Kube-router network policy controller metrics tick"
[95m35  : [0m[90;2m┆ ┆ [0m[90m[8m21s] [0m[90m|[0m time="2026-01-12T16:49:14Z" level=debug msg="cgroupv2 io stats: skipping over unmappable dbytes=0 entry"
[95m35  : [0m[90;2m┆ ┆ [0m[90m[8m21s] [0m[90m|[0m time="2026-01-12T16:49:14Z" level=debug msg="cgroupv2 io stats: skipping over unmappable dios=0 entry"
[95m35  : [0m[90;2m┆ ┆ [0m[90m[8m22s] [0m[90m|[0m time="2026-01-12T16:49:15Z" level=debug msg="Kube-router network policy controller metrics tick"
[95m35  : [0m[90;2m┆ ┆ [0m[90m[8m25s] [0m[90m|[0m time="2026-01-12T16:49:18Z" level=debug msg="cgroupv2 io stats: skipping over unmappable dbytes=0 entry"
[95m35  : [0m[90;2m┆ ┆ [0m[90m[8m25s] [0m[90m|[0m time="2026-01-12T16:49:18Z" level=debug msg="cgroupv2 io stats: skipping over unmappable dios=0 entry"
[95m35  : [0m[90;2m┆ ┆ [0m[90m[8m25s] [0m[90m|[0m time="2026-01-12T16:49:18Z" level=debug msg="Kube-router network policy controller metrics tick"
[95m35  : [0m[90;2m┆ ┆ [0m[90m[8m28s] [0m[90m|[0m time="2026-01-12T16:49:21Z" level=debug msg="Kube-router network policy controller metrics tick"
[95m35  : [0m[90;2m┆ ┆ [0m[90m[8m31s] [0m[90m|[0m time="2026-01-12T16:49:24Z" level=debug msg="Kube-router network policy controller metrics tick"
[95m35  : [0m[90;2m┆ ┆ [0m[90m[8m31s] [0m[90m|[0m time="2026-01-12T16:49:25Z" level=debug msg="cgroupv2 io stats: skipping over unmappable dbytes=0 entry"
[95m35  : [0m[90;2m┆ ┆ [0m[90m[8m31s] [0m[90m|[0m time="2026-01-12T16:49:25Z" level=debug msg="cgroupv2 io stats: skipping over unmappable dios=0 entry"
[95m35  : [0m[90;2m┆ ┆ [0m[90m[8m34s] [0m[90m|[0m time="2026-01-12T16:49:27Z" level=debug msg="Kube-router network policy controller metrics tick"
[95m35  : [0m[90;2m┆ ┆ [0m[90m[8m37s] [0m[90m|[0m time="2026-01-12T16:49:30Z" level=debug msg="Kube-router network policy controller metrics tick"
[95m35  : [0m[90;2m┆ ┆ [0m[90m[8m39s] [0m[90m|[0m time="2026-01-12T16:49:33Z" level=debug msg="cgroupv2 io stats: skipping over unmappable dbytes=0 entry"
[95m35  : [0m[90;2m┆ ┆ [0m[90m[8m39s] [0m[90m|[0m time="2026-01-12T16:49:33Z" level=debug msg="cgroupv2 io stats: skipping over unmappable dios=0 entry"
[95m35  : [0m[90;2m┆ ┆ [0m[90m[8m40s] [0m[90m|[0m time="2026-01-12T16:49:33Z" level=debug msg="Kube-router network policy controller metrics tick"
[95m35  : [0m[90;2m┆ ┆ [0m[90m[8m41s] [0m[90m|[0m time="2026-01-12T16:49:35Z" level=debug msg="cgroupv2 io stats: skipping over unmappable dbytes=0 entry"
[95m35  : [0m[90;2m┆ ┆ [0m[90m[8m41s] [0m[90m|[0m time="2026-01-12T16:49:35Z" level=debug msg="cgroupv2 io stats: skipping over unmappable dios=0 entry"
[95m35  : [0m[90;2m┆ ┆ [0m[90m[8m43s] [0m[90m|[0m time="2026-01-12T16:49:36Z" level=debug msg="Kube-router network policy controller metrics tick"
[95m35  : [0m[90;2m┆ ┆ [0m[90m[8m46s] [0m[90m|[0m time="2026-01-12T16:49:39Z" level=debug msg="Kube-router network policy controller metrics tick"
[95m35  : [0m[90;2m┆ ┆ [0m[90m[8m49s] [0m[90m|[0m time="2026-01-12T16:49:42Z" level=debug msg="Kube-router network policy controller metrics tick"
[95m35  : [0m[90;2m┆ ┆ [0m[90m[8m51s] [0m[90m|[0m time="2026-01-12T16:49:45Z" level=debug msg="cgroupv2 io stats: skipping over unmappable dbytes=0 entry"
[95m35  : [0m[90;2m┆ ┆ [0m[90m[8m51s] [0m[90m|[0m time="2026-01-12T16:49:45Z" level=debug msg="cgroupv2 io stats: skipping over unmappable dios=0 entry"
[95m35  : [0m[90;2m┆ ┆ [0m[90m[8m52s] [0m[90m|[0m time="2026-01-12T16:49:45Z" level=debug msg="cgroupv2 io stats: skipping over unmappable dbytes=0 entry"
[95m35  : [0m[90;2m┆ ┆ [0m[90m[8m52s] [0m[90m|[0m time="2026-01-12T16:49:45Z" level=debug msg="cgroupv2 io stats: skipping over unmappable dios=0 entry"
[95m35  : [0m[90;2m┆ ┆ [0m[90m[8m52s] [0m[90m|[0m time="2026-01-12T16:49:45Z" level=debug msg="Kube-router network policy controller metrics tick"
[95m35  : [0m[90;2m┆ ┆ [0m[90m[8m55s] [0m[90m|[0m time="2026-01-12T16:49:48Z" level=debug msg="Kube-router network policy controller metrics tick"
[95m35  : [0m[90;2m┆ ┆ [0m[90m[8m58s] [0m[90m|[0m time="2026-01-12T16:49:51Z" level=debug msg="Kube-router network policy controller metrics tick"
[95m35  : [0m[90;2m┆ ┆ [0m[90m[9m1s] [0m[90m|[0m time="2026-01-12T16:49:54Z" level=debug msg="Kube-router network policy controller metrics tick"
[95m35  : [0m[90;2m┆ ┆ [0m[90m[9m1s] [0m[90m|[0m time="2026-01-12T16:49:55Z" level=debug msg="cgroupv2 io stats: skipping over unmappable dbytes=0 entry"
[95m35  : [0m[90;2m┆ ┆ [0m[90m[9m1s] [0m[90m|[0m time="2026-01-12T16:49:55Z" level=debug msg="cgroupv2 io stats: skipping over unmappable dios=0 entry"
[95m35  : [0m[90;2m┆ ┆ [0m[90m[9m4s] [0m[90m|[0m time="2026-01-12T16:49:57Z" level=debug msg="Kube-router network policy controller metrics tick"
[95m35  : [0m[90;2m┆ ┆ [0m[90m[9m4s] [0m[90m|[0m time="2026-01-12T16:49:57Z" level=debug msg="cgroupv2 io stats: skipping over unmappable dbytes=0 entry"
[95m35  : [0m[90;2m┆ ┆ [0m[90m[9m4s] [0m[90m|[0m time="2026-01-12T16:49:57Z" level=debug msg="cgroupv2 io stats: skipping over unmappable dios=0 entry"
[95m35  : [0m[90;2m┆ ┆ [0m[90m[9m7s] [0m[90m|[0m time="2026-01-12T16:50:00Z" level=debug msg="Kube-router network policy controller metrics tick"
[95m35  : [0m[90;2m┆ ┆ [0m[90m[9m10s] [0m[90m|[0m time="2026-01-12T16:50:03Z" level=debug msg="Kube-router network policy controller metrics tick"
[95m35  : [0m[90;2m┆ ┆ [0m[90m[9m11s] [0m[90m|[0m time="2026-01-12T16:50:05Z" level=debug msg="cgroupv2 io stats: skipping over unmappable dbytes=0 entry"
[95m35  : [0m[90;2m┆ ┆ [0m[90m[9m11s] [0m[90m|[0m time="2026-01-12T16:50:05Z" level=debug msg="cgroupv2 io stats: skipping over unmappable dios=0 entry"
[95m35  : [0m[90;2m┆ ┆ [0m[90m[9m13s] [0m[90m|[0m time="2026-01-12T16:50:06Z" level=debug msg="Kube-router network policy controller metrics tick"
[95m35  : [0m[90;2m┆ ┆ [0m[90m[9m16s] [0m[90m|[0m time="2026-01-12T16:50:09Z" level=debug msg="Kube-router network policy controller metrics tick"
[95m35  : [0m[90;2m┆ ┆ [0m[90m[9m19s] [0m[90m|[0m time="2026-01-12T16:50:12Z" level=debug msg="Kube-router network policy controller metrics tick"
[95m35  : [0m[90;2m┆ ┆ [0m[90m[9m21s] [0m[90m|[0m time="2026-01-12T16:50:15Z" level=debug msg="cgroupv2 io stats: skipping over unmappable dbytes=0 entry"
[95m35  : [0m[90;2m┆ ┆ [0m[90m[9m21s] [0m[90m|[0m time="2026-01-12T16:50:15Z" level=debug msg="cgroupv2 io stats: skipping over unmappable dios=0 entry"
[95m35  : [0m[90;2m┆ ┆ [0m[90m[9m22s] [0m[90m|[0m time="2026-01-12T16:50:15Z" level=debug msg="Kube-router network policy controller metrics tick"
[95m35  : [0m[90;2m┆ ┆ [0m[90m[9m23s] [0m[90m|[0m time="2026-01-12T16:50:16Z" level=debug msg="cgroupv2 io stats: skipping over unmappable dbytes=0 entry"
[95m35  : [0m[90;2m┆ ┆ [0m[90m[9m23s] [0m[90m|[0m time="2026-01-12T16:50:16Z" level=debug msg="cgroupv2 io stats: skipping over unmappable dios=0 entry"
[95m35  : [0m[90;2m┆ ┆ [0m[90m[9m25s] [0m[90m|[0m time="2026-01-12T16:50:18Z" level=debug msg="Kube-router network policy controller metrics tick"
[95m35  : [0m[90;2m┆ ┆ [0m[90m[9m28s] [0m[90m|[0m time="2026-01-12T16:50:21Z" level=debug msg="Kube-router network policy controller metrics tick"
[95m35  : [0m[90;2m┆ ┆ [0m[90m[9m31s] [0m[90m|[0m time="2026-01-12T16:50:24Z" level=debug msg="Kube-router network policy controller metrics tick"
[95m35  : [0m[90;2m┆ ┆ [0m[90m[9m31s] [0m[90m|[0m time="2026-01-12T16:50:25Z" level=debug msg="cgroupv2 io stats: skipping over unmappable dbytes=0 entry"
[95m35  : [0m[90;2m┆ ┆ [0m[90m[9m31s] [0m[90m|[0m time="2026-01-12T16:50:25Z" level=debug msg="cgroupv2 io stats: skipping over unmappable dios=0 entry"
[95m35  : [0m[90;2m┆ ┆ [0m[90m[9m34s] [0m[90m|[0m time="2026-01-12T16:50:27Z" level=debug msg="Kube-router network policy controller metrics tick"
[95m35  : [0m[90;2m┆ ┆ [0m[90m[9m35s] [0m[90m|[0m time="2026-01-12T16:50:29Z" level=debug msg="cgroupv2 io stats: skipping over unmappable dbytes=0 entry"
[95m35  : [0m[90;2m┆ ┆ [0m[90m[9m35s] [0m[90m|[0m time="2026-01-12T16:50:29Z" level=debug msg="cgroupv2 io stats: skipping over unmappable dios=0 entry"
[95m35  : [0m[90;2m┆ ┆ [0m[90m[9m37s] [0m[90m|[0m time="2026-01-12T16:50:30Z" level=debug msg="Kube-router network policy controller metrics tick"
[95m35  : [0m[90;2m┆ ┆ [0m[90m[9m40s] [0m[90m|[0m time="2026-01-12T16:50:33Z" level=debug msg="Kube-router network policy controller metrics tick"
[95m35  : [0m[90;2m┆ ┆ [0m[90m[9m41s] [0m[90m|[0m time="2026-01-12T16:50:35Z" level=debug msg="cgroupv2 io stats: skipping over unmappable dbytes=0 entry"
[95m35  : [0m[90;2m┆ ┆ [0m[90m[9m41s] [0m[90m|[0m time="2026-01-12T16:50:35Z" level=debug msg="cgroupv2 io stats: skipping over unmappable dios=0 entry"
[95m35  : [0m[90;2m┆ ┆ [0m[90m[9m43s] [0m[90m|[0m time="2026-01-12T16:50:36Z" level=debug msg="Kube-router network policy controller metrics tick"
[95m35  : [0m[90;2m┆ ┆ [0m[90m[9m46s] [0m[90m|[0m time="2026-01-12T16:50:39Z" level=debug msg="Kube-router network policy controller metrics tick"
[95m35  : [0m[90;2m┆ ┆ [0m[90m[9m49s] [0m[90m|[0m time="2026-01-12T16:50:42Z" level=debug msg="Kube-router network policy controller metrics tick"
[95m35  : [0m[90;2m┆ ┆ [0m[90m[9m50s] [0m[90m|[0m time="2026-01-12T16:50:43Z" level=debug msg="cgroupv2 io stats: skipping over unmappable dbytes=0 entry"
[95m35  : [0m[90;2m┆ ┆ [0m[90m[9m50s] [0m[90m|[0m time="2026-01-12T16:50:43Z" level=debug msg="cgroupv2 io stats: skipping over unmappable dios=0 entry"
[95m35  : [0m[90;2m┆ ┆ [0m[90m[9m51s] [0m[90m|[0m time="2026-01-12T16:50:45Z" level=debug msg="cgroupv2 io stats: skipping over unmappable dbytes=0 entry"
[95m35  : [0m[90;2m┆ ┆ [0m[90m[9m51s] [0m[90m|[0m time="2026-01-12T16:50:45Z" level=debug msg="cgroupv2 io stats: skipping over unmappable dios=0 entry"
[95m35  : [0m[90;2m┆ ┆ [0m[90m[9m52s] [0m[90m|[0m time="2026-01-12T16:50:45Z" level=debug msg="Kube-router network policy controller metrics tick"
[95m35  : [0m[90;2m┆ ┆ [0m[90m[9m55s] [0m[90m|[0m time="2026-01-12T16:50:48Z" level=debug msg="Kube-router network policy controller metrics tick"
[95m35  : [0m[90;2m┆ ┆ [0m[90m[9m58s] [0m[90m|[0m time="2026-01-12T16:50:51Z" level=debug msg="Kube-router network policy controller metrics tick"
[95m35  : [0m[90;2m┆ ┆ [0m[90m[10m1s] [0m[90m|[0m time="2026-01-12T16:50:54Z" level=debug msg="cgroupv2 io stats: skipping over unmappable dbytes=0 entry"
[95m35  : [0m[90;2m┆ ┆ [0m[90m[10m1s] [0m[90m|[0m time="2026-01-12T16:50:54Z" level=debug msg="cgroupv2 io stats: skipping over unmappable dios=0 entry"
[95m35  : [0m[90;2m┆ ┆ [0m[90m[10m1s] [0m[90m|[0m time="2026-01-12T16:50:54Z" level=debug msg="Kube-router network policy controller metrics tick"
[95m35  : [0m[90;2m┆ ┆ [0m[90m[10m1s] [0m[90m|[0m time="2026-01-12T16:50:55Z" level=debug msg="cgroupv2 io stats: skipping over unmappable dbytes=0 entry"
[95m35  : [0m[90;2m┆ ┆ [0m[90m[10m1s] [0m[90m|[0m time="2026-01-12T16:50:55Z" level=debug msg="cgroupv2 io stats: skipping over unmappable dios=0 entry"
[95m35  : [0m[90;2m┆ ┆ [0m[90m[10m4s] [0m[90m|[0m time="2026-01-12T16:50:57Z" level=debug msg="Kube-router network policy controller metrics tick"
[95m35  : [0m[90;2m┆ ┆ [0m[90m[10m7s] [0m[90m|[0m time="2026-01-12T16:51:00Z" level=debug msg="Kube-router network policy controller metrics tick"
[95m35  : [0m[90;2m┆ ┆ [0m[90m[10m8s] [0m[90m|[0m I0112 16:51:01.761710      14 cidrallocator.go:277] updated ClusterIP allocator for Service CIDR 10.43.0.0/16
[95m35  : [0m[90;2m┆ ┆ [0m[90m[10m10s] [0m[90m|[0m time="2026-01-12T16:51:03Z" level=debug msg="Kube-router network policy controller metrics tick"
[95m35  : [0m[90;2m┆ ┆ [0m[90m[10m10s] [0m[90m|[0m W0112 16:51:04.457020      14 info.go:53] Couldn't collect info from any of the files in "/etc/machine-id,/var/lib/dbus/machine-id"
[95m35  : [0m[90;2m┆ ┆ [0m[90m[10m11s] [0m[90m|[0m time="2026-01-12T16:51:05Z" level=debug msg="cgroupv2 io stats: skipping over unmappable dbytes=0 entry"
[95m35  : [0m[90;2m┆ ┆ [0m[90m[10m11s] [0m[90m|[0m time="2026-01-12T16:51:05Z" level=debug msg="cgroupv2 io stats: skipping over unmappable dios=0 entry"
[95m35  : [0m[90;2m┆ ┆ [0m[90m[10m13s] [0m[90m|[0m time="2026-01-12T16:51:06Z" level=debug msg="Kube-router network policy controller metrics tick"
[95m35  : [0m[90;2m┆ ┆ [0m[90m[10m16s] [0m[90m|[0m time="2026-01-12T16:51:09Z" level=debug msg="Kube-router network policy controller metrics tick"
[95m35  : [0m[90;2m┆ ┆ [0m[90m[10m19s] [0m[90m|[0m time="2026-01-12T16:51:12Z" level=debug msg="cgroupv2 io stats: skipping over unmappable dbytes=0 entry"
[95m35  : [0m[90;2m┆ ┆ [0m[90m[10m19s] [0m[90m|[0m time="2026-01-12T16:51:12Z" level=debug msg="cgroupv2 io stats: skipping over unmappable dios=0 entry"
[95m35  : [0m[90;2m┆ ┆ [0m[90m[10m19s] [0m[90m|[0m time="2026-01-12T16:51:12Z" level=debug msg="Kube-router network policy controller metrics tick"
[95m35  : [0m[90;2m┆ ┆ [0m[90m[10m21s] [0m[90m|[0m time="2026-01-12T16:51:15Z" level=debug msg="cgroupv2 io stats: skipping over unmappable dbytes=0 entry"
[95m35  : [0m[90;2m┆ ┆ [0m[90m[10m21s] [0m[90m|[0m time="2026-01-12T16:51:15Z" level=debug msg="cgroupv2 io stats: skipping over unmappable dios=0 entry"
[95m35  : [0m[90;2m┆ ┆ [0m[90m[10m22s] [0m[90m|[0m time="2026-01-12T16:51:15Z" level=debug msg="Kube-router network policy controller metrics tick"
[95m35  : [0m[90;2m┆ ┆ [0m[90m[10m25s] [0m[90m|[0m time="2026-01-12T16:51:18Z" level=debug msg="Kube-router network policy controller metrics tick"
[95m35  : [0m[90;2m┆ ┆ [0m[90m[10m28s] [0m[90m|[0m time="2026-01-12T16:51:21Z" level=debug msg="Kube-router network policy controller metrics tick"
[95m35  : [0m[90;2m┆ ┆ [0m[90m[10m31s] [0m[90m|[0m time="2026-01-12T16:51:24Z" level=debug msg="Kube-router network policy controller metrics tick"
[95m35  : [0m[90;2m┆ ┆ [0m[90m[10m31s] [0m[90m|[0m time="2026-01-12T16:51:25Z" level=debug msg="cgroupv2 io stats: skipping over unmappable dbytes=0 entry"
[95m35  : [0m[90;2m┆ ┆ [0m[90m[10m31s] [0m[90m|[0m time="2026-01-12T16:51:25Z" level=debug msg="cgroupv2 io stats: skipping over unmappable dios=0 entry"
[95m35  : [0m[90;2m┆ ┆ [0m[90m[10m34s] [0m[90m|[0m time="2026-01-12T16:51:27Z" level=debug msg="Kube-router network policy controller metrics tick"
[95m35  : [0m[90;2m┆ ┆ [0m[90m[10m35s] [0m[90m|[0m time="2026-01-12T16:51:28Z" level=debug msg="cgroupv2 io stats: skipping over unmappable dbytes=0 entry"
[95m35  : [0m[90;2m┆ ┆ [0m[90m[10m35s] [0m[90m|[0m time="2026-01-12T16:51:28Z" level=debug msg="cgroupv2 io stats: skipping over unmappable dios=0 entry"
[95m35  : [0m[90;2m┆ ┆ [0m[90m[10m37s] [0m[90m|[0m time="2026-01-12T16:51:30Z" level=debug msg="Kube-router network policy controller metrics tick"
[95m35  : [0m[90;2m┆ ┆ [0m[90m[10m40s] [0m[90m|[0m time="2026-01-12T16:51:33Z" level=debug msg="Kube-router network policy controller metrics tick"
[95m35  : [0m[90;2m┆ ┆ [0m[90m[10m41s] [0m[90m|[0m time="2026-01-12T16:51:35Z" level=debug msg="cgroupv2 io stats: skipping over unmappable dbytes=0 entry"
[95m35  : [0m[90;2m┆ ┆ [0m[90m[10m41s] [0m[90m|[0m time="2026-01-12T16:51:35Z" level=debug msg="cgroupv2 io stats: skipping over unmappable dios=0 entry"
[95m35  : [0m[90;2m┆ ┆ [0m[90m[10m43s] [0m[90m|[0m time="2026-01-12T16:51:36Z" level=debug msg="Kube-router network policy controller metrics tick"
[95m35  : [0m[90;2m┆ ┆ [0m[90m[10m46s] [0m[90m|[0m time="2026-01-12T16:51:39Z" level=debug msg="Kube-router network policy controller metrics tick"
[95m35  : [0m[90;2m┆ ┆ [0m[90m[10m46s] [0m[90m|[0m time="2026-01-12T16:51:39Z" level=debug msg="cgroupv2 io stats: skipping over unmappable dbytes=0 entry"
[95m35  : [0m[90;2m┆ ┆ [0m[90m[10m46s] [0m[90m|[0m time="2026-01-12T16:51:39Z" level=debug msg="cgroupv2 io stats: skipping over unmappable dios=0 entry"
[95m35  : [0m[90;2m┆ ┆ [0m[90m[10m49s] [0m[90m|[0m time="2026-01-12T16:51:42Z" level=debug msg="Kube-router network policy controller metrics tick"
[95m35  : [0m[90;2m┆ ┆ [0m[90m[10m51s] [0m[90m|[0m time="2026-01-12T16:51:45Z" level=debug msg="cgroupv2 io stats: skipping over unmappable dbytes=0 entry"
[95m35  : [0m[90;2m┆ ┆ [0m[90m[10m51s] [0m[90m|[0m time="2026-01-12T16:51:45Z" level=debug msg="cgroupv2 io stats: skipping over unmappable dios=0 entry"
[95m35  : [0m[90;2m┆ ┆ [0m[90m[10m52s] [0m[90m|[0m time="2026-01-12T16:51:45Z" level=debug msg="Kube-router network policy controller metrics tick"
[95m35  : [0m[90;2m┆ ┆ [0m[90m[10m55s] [0m[90m|[0m time="2026-01-12T16:51:48Z" level=debug msg="Kube-router network policy controller metrics tick"
[95m35  : [0m[90;2m┆ ┆ [0m[90m[10m58s] [0m[90m|[0m time="2026-01-12T16:51:51Z" level=debug msg="Kube-router network policy controller metrics tick"
[95m35  : [0m[90;2m┆ ┆ [0m[90m[11m1s] [0m[90m|[0m time="2026-01-12T16:51:54Z" level=debug msg="Kube-router network policy controller metrics tick"
[95m35  : [0m[90;2m┆ ┆ [0m[90m[11m1s] [0m[90m|[0m time="2026-01-12T16:51:55Z" level=debug msg="cgroupv2 io stats: skipping over unmappable dbytes=0 entry"
[95m35  : [0m[90;2m┆ ┆ [0m[90m[11m1s] [0m[90m|[0m time="2026-01-12T16:51:55Z" level=debug msg="cgroupv2 io stats: skipping over unmappable dios=0 entry"
[95m35  : [0m[90;2m┆ ┆ [0m[90m[11m3s] [0m[90m|[0m time="2026-01-12T16:51:56Z" level=debug msg="cgroupv2 io stats: skipping over unmappable dbytes=0 entry"
[95m35  : [0m[90;2m┆ ┆ [0m[90m[11m3s] [0m[90m|[0m time="2026-01-12T16:51:56Z" level=debug msg="cgroupv2 io stats: skipping over unmappable dios=0 entry"
[95m35  : [0m[90;2m┆ ┆ [0m[90m[11m4s] [0m[90m|[0m time="2026-01-12T16:51:57Z" level=debug msg="Kube-router network policy controller metrics tick"
[95m35  : [0m[90;2m┆ ┆ [0m[90m[11m7s] [0m[90m|[0m time="2026-01-12T16:52:00Z" level=debug msg="Kube-router network policy controller metrics tick"
[95m35  : [0m[90;2m┆ ┆ [0m[90m[11m10s] [0m[90m|[0m time="2026-01-12T16:52:03Z" level=debug msg="Kube-router network policy controller metrics tick"
[95m35  : [0m[90;2m┆ ┆ [0m[90m[11m11s] [0m[90m|[0m time="2026-01-12T16:52:05Z" level=debug msg="cgroupv2 io stats: skipping over unmappable dbytes=0 entry"
[95m35  : [0m[90;2m┆ ┆ [0m[90m[11m11s] [0m[90m|[0m time="2026-01-12T16:52:05Z" level=debug msg="cgroupv2 io stats: skipping over unmappable dios=0 entry"
[95m35  : [0m[90;2m┆ ┆ [0m[90m[11m13s] [0m[90m|[0m time="2026-01-12T16:52:06Z" level=debug msg="Kube-router network policy controller metrics tick"
[95m35  : [0m[90;2m┆ ┆ [0m[90m[11m15s] [0m[90m|[0m time="2026-01-12T16:52:08Z" level=debug msg="cgroupv2 io stats: skipping over unmappable dbytes=0 entry"
[95m35  : [0m[90;2m┆ ┆ [0m[90m[11m15s] [0m[90m|[0m time="2026-01-12T16:52:08Z" level=debug msg="cgroupv2 io stats: skipping over unmappable dios=0 entry"
[95m35  : [0m[90;2m┆ ┆ [0m[90m[11m16s] [0m[90m|[0m time="2026-01-12T16:52:09Z" level=debug msg="Kube-router network policy controller metrics tick"
[95m35  : [0m[90;2m┆ ┆ [0m[90m[11m19s] [0m[90m|[0m time="2026-01-12T16:52:12Z" level=debug msg="Kube-router network policy controller metrics tick"
[95m35  : [0m[90;2m┆ ┆ [0m[90m[11m21s] [0m[90m|[0m time="2026-01-12T16:52:15Z" level=debug msg="cgroupv2 io stats: skipping over unmappable dbytes=0 entry"
[95m35  : [0m[90;2m┆ ┆ [0m[90m[11m21s] [0m[90m|[0m time="2026-01-12T16:52:15Z" level=debug msg="cgroupv2 io stats: skipping over unmappable dios=0 entry"
[95m35  : [0m[90;2m┆ ┆ [0m[90m[11m22s] [0m[90m|[0m time="2026-01-12T16:52:15Z" level=debug msg="Kube-router network policy controller metrics tick"
[95m35  : [0m[90;2m┆ ┆ [0m[90m[11m25s] [0m[90m|[0m time="2026-01-12T16:52:18Z" level=debug msg="Kube-router network policy controller metrics tick"
[95m35  : [0m[90;2m┆ ┆ [0m[90m[11m25s] [0m[90m|[0m time="2026-01-12T16:52:19Z" level=debug msg="cgroupv2 io stats: skipping over unmappable dbytes=0 entry"
[95m35  : [0m[90;2m┆ ┆ [0m[90m[11m25s] [0m[90m|[0m time="2026-01-12T16:52:19Z" level=debug msg="cgroupv2 io stats: skipping over unmappable dios=0 entry"
[95m35  : [0m[90;2m┆ ┆ [0m[90m[11m28s] [0m[90m|[0m time="2026-01-12T16:52:21Z" level=debug msg="Kube-router network policy controller metrics tick"
[95m35  : [0m[90;2m┆ ┆ [0m[90m[11m31s] [0m[90m|[0m time="2026-01-12T16:52:24Z" level=debug msg="Kube-router network policy controller metrics tick"
[95m35  : [0m[90;2m┆ ┆ [0m[90m[11m31s] [0m[90m|[0m time="2026-01-12T16:52:25Z" level=debug msg="cgroupv2 io stats: skipping over unmappable dbytes=0 entry"
[95m35  : [0m[90;2m┆ ┆ [0m[90m[11m31s] [0m[90m|[0m time="2026-01-12T16:52:25Z" level=debug msg="cgroupv2 io stats: skipping over unmappable dios=0 entry"
[95m35  : [0m[90;2m┆ ┆ [0m[90m[11m34s] [0m[90m|[0m time="2026-01-12T16:52:27Z" level=debug msg="Kube-router network policy controller metrics tick"
[95m35  : [0m[90;2m┆ ┆ [0m[90m[11m37s] [0m[90m|[0m time="2026-01-12T16:52:30Z" level=debug msg="Kube-router network policy controller metrics tick"
[95m35  : [0m[90;2m┆ ┆ [0m[90m[11m40s] [0m[90m|[0m time="2026-01-12T16:52:33Z" level=debug msg="cgroupv2 io stats: skipping over unmappable dbytes=0 entry"
[95m35  : [0m[90;2m┆ ┆ [0m[90m[11m40s] [0m[90m|[0m time="2026-01-12T16:52:33Z" level=debug msg="cgroupv2 io stats: skipping over unmappable dios=0 entry"
[95m35  : [0m[90;2m┆ ┆ [0m[90m[11m40s] [0m[90m|[0m time="2026-01-12T16:52:33Z" level=debug msg="Kube-router network policy controller metrics tick"
[95m35  : [0m[90;2m┆ ┆ [0m[90m[11m41s] [0m[90m|[0m time="2026-01-12T16:52:35Z" level=debug msg="cgroupv2 io stats: skipping over unmappable dbytes=0 entry"
[95m35  : [0m[90;2m┆ ┆ [0m[90m[11m41s] [0m[90m|[0m time="2026-01-12T16:52:35Z" level=debug msg="cgroupv2 io stats: skipping over unmappable dios=0 entry"
[95m35  : [0m[90;2m┆ ┆ [0m[90m[11m43s] [0m[90m|[0m time="2026-01-12T16:52:36Z" level=debug msg="Kube-router network policy controller metrics tick"
[95m35  : [0m[90;2m┆ ┆ [0m[90m[11m46s] [0m[90m|[0m time="2026-01-12T16:52:39Z" level=debug msg="Kube-router network policy controller metrics tick"
[95m35  : [0m[90;2m┆ ┆ [0m[90m[11m49s] [0m[90m|[0m time="2026-01-12T16:52:42Z" level=debug msg="Kube-router network policy controller metrics tick"
[95m35  : [0m[90;2m┆ ┆ [0m[90m[11m51s] [0m[90m|[0m time="2026-01-12T16:52:45Z" level=debug msg="cgroupv2 io stats: skipping over unmappable dbytes=0 entry"
[95m35  : [0m[90;2m┆ ┆ [0m[90m[11m51s] [0m[90m|[0m time="2026-01-12T16:52:45Z" level=debug msg="cgroupv2 io stats: skipping over unmappable dios=0 entry"
[95m35  : [0m[90;2m┆ ┆ [0m[90m[11m52s] [0m[90m|[0m time="2026-01-12T16:52:45Z" level=debug msg="Kube-router network policy controller metrics tick"
[95m35  : [0m[90;2m┆ ┆ [0m[90m[11m55s] [0m[90m|[0m time="2026-01-12T16:52:48Z" level=debug msg="Kube-router network policy controller metrics tick"
[95m35  : [0m[90;2m┆ ┆ [0m[90m[11m58s] [0m[90m|[0m time="2026-01-12T16:52:51Z" level=debug msg="cgroupv2 io stats: skipping over unmappable dbytes=0 entry"
[95m35  : [0m[90;2m┆ ┆ [0m[90m[11m58s] [0m[90m|[0m time="2026-01-12T16:52:51Z" level=debug msg="cgroupv2 io stats: skipping over unmappable dios=0 entry"
[95m35  : [0m[90;2m┆ ┆ [0m[90m[11m58s] [0m[90m|[0m time="2026-01-12T16:52:51Z" level=debug msg="Kube-router network policy controller metrics tick"
[95m35  : [0m[90;2m┆ ┆ [0m[90m[12m1s] [0m[90m|[0m time="2026-01-12T16:52:54Z" level=debug msg="Kube-router network policy controller metrics tick"
[95m35  : [0m[90;2m┆ ┆ [0m[90m[12m1s] [0m[90m|[0m time="2026-01-12T16:52:55Z" level=debug msg="cgroupv2 io stats: skipping over unmappable dbytes=0 entry"
[95m35  : [0m[90;2m┆ ┆ [0m[90m[12m1s] [0m[90m|[0m time="2026-01-12T16:52:55Z" level=debug msg="cgroupv2 io stats: skipping over unmappable dios=0 entry"
[95m35  : [0m[90;2m┆ ┆ [0m[90m[12m4s] [0m[90m|[0m time="2026-01-12T16:52:57Z" level=debug msg="Kube-router network policy controller metrics tick"
[95m35  : [0m[90;2m┆ ┆ [0m[90m[12m7s] [0m[90m|[0m time="2026-01-12T16:53:00Z" level=debug msg="Kube-router network policy controller metrics tick"
[95m35  : [0m[90;2m┆ ┆ [0m[90m[12m10s] [0m[90m|[0m time="2026-01-12T16:53:03Z" level=debug msg="Kube-router network policy controller metrics tick"
[95m35  : [0m[90;2m┆ ┆ [0m[90m[12m11s] [0m[90m|[0m time="2026-01-12T16:53:05Z" level=debug msg="cgroupv2 io stats: skipping over unmappable dbytes=0 entry"
[95m35  : [0m[90;2m┆ ┆ [0m[90m[12m11s] [0m[90m|[0m time="2026-01-12T16:53:05Z" level=debug msg="cgroupv2 io stats: skipping over unmappable dios=0 entry"
[95m35  : [0m[90;2m┆ ┆ [0m[90m[12m13s] [0m[90m|[0m time="2026-01-12T16:53:06Z" level=debug msg="Kube-router network policy controller metrics tick"
[95m35  : [0m[90;2m┆ ┆ [0m[90m[12m16s] [0m[90m|[0m time="2026-01-12T16:53:09Z" level=debug msg="Kube-router network policy controller metrics tick"
[95m35  : [0m[90;2m┆ ┆ [0m[90m[12m18s] [0m[90m|[0m time="2026-01-12T16:53:11Z" level=debug msg="cgroupv2 io stats: skipping over unmappable dbytes=0 entry"
[95m35  : [0m[90;2m┆ ┆ [0m[90m[12m18s] [0m[90m|[0m time="2026-01-12T16:53:11Z" level=debug msg="cgroupv2 io stats: skipping over unmappable dios=0 entry"
[95m35  : [0m[90;2m┆ ┆ [0m[90m[12m19s] [0m[90m|[0m time="2026-01-12T16:53:12Z" level=debug msg="Kube-router network policy controller metrics tick"
[95m35  : [0m[90;2m┆ ┆ [0m[90m[12m21s] [0m[90m|[0m time="2026-01-12T16:53:15Z" level=debug msg="cgroupv2 io stats: skipping over unmappable dbytes=0 entry"
[95m35  : [0m[90;2m┆ ┆ [0m[90m[12m21s] [0m[90m|[0m time="2026-01-12T16:53:15Z" level=debug msg="cgroupv2 io stats: skipping over unmappable dios=0 entry"
[95m35  : [0m[90;2m┆ ┆ [0m[90m[12m22s] [0m[90m|[0m time="2026-01-12T16:53:15Z" level=debug msg="Kube-router network policy controller metrics tick"
[95m35  : [0m[90;2m┆ ┆ [0m[90m[12m25s] [0m[90m|[0m time="2026-01-12T16:53:18Z" level=debug msg="Kube-router network policy controller metrics tick"
[95m35  : [0m[90;2m┆ ┆ [0m[90m[12m28s] [0m[90m|[0m time="2026-01-12T16:53:21Z" level=debug msg="Kube-router network policy controller metrics tick"
[95m35  : [0m[90;2m┆ ┆ [0m[90m[12m31s] [0m[90m|[0m time="2026-01-12T16:53:24Z" level=debug msg="Kube-router network policy controller metrics tick"
[95m35  : [0m[90;2m┆ ┆ [0m[90m[12m31s] [0m[90m|[0m time="2026-01-12T16:53:25Z" level=debug msg="cgroupv2 io stats: skipping over unmappable dbytes=0 entry"
[95m35  : [0m[90;2m┆ ┆ [0m[90m[12m31s] [0m[90m|[0m time="2026-01-12T16:53:25Z" level=debug msg="cgroupv2 io stats: skipping over unmappable dios=0 entry"
[95m35  : [0m[90;2m┆ ┆ [0m[90m[12m33s] [0m[90m|[0m time="2026-01-12T16:53:27Z" level=debug msg="cgroupv2 io stats: skipping over unmappable dbytes=0 entry"
[95m35  : [0m[90;2m┆ ┆ [0m[90m[12m33s] [0m[90m|[0m time="2026-01-12T16:53:27Z" level=debug msg="cgroupv2 io stats: skipping over unmappable dios=0 entry"
[95m35  : [0m[90;2m┆ ┆ [0m[90m[12m34s] [0m[90m|[0m time="2026-01-12T16:53:27Z" level=debug msg="Kube-router network policy controller metrics tick"
[95m35  : [0m[90;2m┆ ┆ [0m[90m[12m37s] [0m[90m|[0m time="2026-01-12T16:53:30Z" level=debug msg="Kube-router network policy controller metrics tick"
[95m35  : [0m[90;2m┆ ┆ [0m[90m[12m40s] [0m[90m|[0m time="2026-01-12T16:53:33Z" level=debug msg="Kube-router network policy controller metrics tick"
[95m35  : [0m[90;2m┆ ┆ [0m[90m[12m41s] [0m[90m|[0m time="2026-01-12T16:53:35Z" level=debug msg="cgroupv2 io stats: skipping over unmappable dbytes=0 entry"
[95m35  : [0m[90;2m┆ ┆ [0m[90m[12m41s] [0m[90m|[0m time="2026-01-12T16:53:35Z" level=debug msg="cgroupv2 io stats: skipping over unmappable dios=0 entry"
[95m35  : [0m[90;2m┆ ┆ [0m[90m[12m43s] [0m[90m|[0m time="2026-01-12T16:53:36Z" level=debug msg="Kube-router network policy controller metrics tick"
[95m35  : [0m[90;2m┆ ┆ [0m[90m[12m46s] [0m[90m|[0m time="2026-01-12T16:53:39Z" level=debug msg="Kube-router network policy controller metrics tick"
[95m35  : [0m[90;2m┆ ┆ [0m[90m[12m49s] [0m[90m|[0m time="2026-01-12T16:53:42Z" level=debug msg="cgroupv2 io stats: skipping over unmappable dbytes=0 entry"
[95m35  : [0m[90;2m┆ ┆ [0m[90m[12m49s] [0m[90m|[0m time="2026-01-12T16:53:42Z" level=debug msg="cgroupv2 io stats: skipping over unmappable dios=0 entry"
[95m35  : [0m[90;2m┆ ┆ [0m[90m[12m49s] [0m[90m|[0m time="2026-01-12T16:53:42Z" level=debug msg="Kube-router network policy controller metrics tick"
[95m35  : [0m[90;2m┆ ┆ [0m[90m[12m51s] [0m[90m|[0m time="2026-01-12T16:53:45Z" level=debug msg="cgroupv2 io stats: skipping over unmappable dbytes=0 entry"
[95m35  : [0m[90;2m┆ ┆ [0m[90m[12m51s] [0m[90m|[0m time="2026-01-12T16:53:45Z" level=debug msg="cgroupv2 io stats: skipping over unmappable dios=0 entry"
[95m35  : [0m[90;2m┆ ┆ [0m[90m[12m52s] [0m[90m|[0m time="2026-01-12T16:53:45Z" level=debug msg="Kube-router network policy controller metrics tick"
[95m35  : [0m[90;2m┆ ┆ [0m[90m[12m55s] [0m[90m|[0m time="2026-01-12T16:53:48Z" level=debug msg="Kube-router network policy controller metrics tick"
[95m35  : [0m[90;2m┆ ┆ [0m[90m[12m58s] [0m[90m|[0m time="2026-01-12T16:53:51Z" level=debug msg="Kube-router network policy controller metrics tick"
[95m35  : [0m[90;2m┆ ┆ [0m[90m[13m1s] [0m[90m|[0m time="2026-01-12T16:53:54Z" level=debug msg="Kube-router network policy controller metrics tick"
[95m35  : [0m[90;2m┆ ┆ [0m[90m[13m1s] [0m[90m|[0m time="2026-01-12T16:53:55Z" level=debug msg="cgroupv2 io stats: skipping over unmappable dbytes=0 entry"
[95m35  : [0m[90;2m┆ ┆ [0m[90m[13m1s] [0m[90m|[0m time="2026-01-12T16:53:55Z" level=debug msg="cgroupv2 io stats: skipping over unmappable dios=0 entry"
[95m35  : [0m[90;2m┆ ┆ [0m[90m[13m4s] [0m[90m|[0m time="2026-01-12T16:53:57Z" level=debug msg="Kube-router network policy controller metrics tick"
[95m35  : [0m[90;2m┆ ┆ [0m[90m[13m7s] [0m[90m|[0m time="2026-01-12T16:54:00Z" level=debug msg="Kube-router network policy controller metrics tick"
[95m35  : [0m[90;2m┆ ┆ [0m[90m[13m8s] [0m[90m|[0m time="2026-01-12T16:54:02Z" level=debug msg="cgroupv2 io stats: skipping over unmappable dbytes=0 entry"
[95m35  : [0m[90;2m┆ ┆ [0m[90m[13m8s] [0m[90m|[0m time="2026-01-12T16:54:02Z" level=debug msg="cgroupv2 io stats: skipping over unmappable dios=0 entry"
[95m35  : [0m[90;2m┆ ┆ [0m[90m[13m10s] [0m[90m|[0m time="2026-01-12T16:54:03Z" level=debug msg="Kube-router network policy controller metrics tick"
[95m35  : [0m[90;2m┆ ┆ [0m[90m[13m11s] [0m[90m|[0m time="2026-01-12T16:54:05Z" level=debug msg="cgroupv2 io stats: skipping over unmappable dbytes=0 entry"
[95m35  : [0m[90;2m┆ ┆ [0m[90m[13m11s] [0m[90m|[0m time="2026-01-12T16:54:05Z" level=debug msg="cgroupv2 io stats: skipping over unmappable dios=0 entry"
[95m35  : [0m[90;2m┆ ┆ [0m[90m[13m13s] [0m[90m|[0m time="2026-01-12T16:54:06Z" level=debug msg="Kube-router network policy controller metrics tick"
[95m35  : [0m[90;2m┆ ┆ [0m[90m[13m16s] [0m[90m|[0m time="2026-01-12T16:54:09Z" level=debug msg="Kube-router network policy controller metrics tick"
[95m35  : [0m[90;2m┆ ┆ [0m[90m[13m19s] [0m[90m|[0m time="2026-01-12T16:54:12Z" level=debug msg="Kube-router network policy controller metrics tick"
[95m35  : [0m[90;2m┆ ┆ [0m[90m[13m21s] [0m[90m|[0m time="2026-01-12T16:54:15Z" level=debug msg="cgroupv2 io stats: skipping over unmappable dbytes=0 entry"
[95m35  : [0m[90;2m┆ ┆ [0m[90m[13m21s] [0m[90m|[0m time="2026-01-12T16:54:15Z" level=debug msg="cgroupv2 io stats: skipping over unmappable dios=0 entry"
[95m35  : [0m[90;2m┆ ┆ [0m[90m[13m22s] [0m[90m|[0m time="2026-01-12T16:54:15Z" level=debug msg="Kube-router network policy controller metrics tick"
[95m35  : [0m[90;2m┆ ┆ [0m[90m[13m23s] [0m[90m|[0m time="2026-01-12T16:54:16Z" level=debug msg="cgroupv2 io stats: skipping over unmappable dbytes=0 entry"
[95m35  : [0m[90;2m┆ ┆ [0m[90m[13m23s] [0m[90m|[0m time="2026-01-12T16:54:16Z" level=debug msg="cgroupv2 io stats: skipping over unmappable dios=0 entry"
[95m35  : [0m[90;2m┆ ┆ [0m[90m[13m25s] [0m[90m|[0m time="2026-01-12T16:54:18Z" level=debug msg="Kube-router network policy controller metrics tick"
[95m35  : [0m[90;2m┆ ┆ [0m[90m[13m28s] [0m[90m|[0m time="2026-01-12T16:54:21Z" level=debug msg="Kube-router network policy controller metrics tick"
[95m35  : [0m[90;2m┆ ┆ [0m[90m[13m31s] [0m[90m|[0m time="2026-01-12T16:54:24Z" level=debug msg="Kube-router network policy controller metrics tick"
[95m35  : [0m[90;2m┆ ┆ [0m[90m[13m31s] [0m[90m|[0m time="2026-01-12T16:54:25Z" level=debug msg="cgroupv2 io stats: skipping over unmappable dbytes=0 entry"
[95m35  : [0m[90;2m┆ ┆ [0m[90m[13m31s] [0m[90m|[0m time="2026-01-12T16:54:25Z" level=debug msg="cgroupv2 io stats: skipping over unmappable dios=0 entry"
[95m35  : [0m[90;2m┆ ┆ [0m[90m[13m34s] [0m[90m|[0m time="2026-01-12T16:54:27Z" level=debug msg="Kube-router network policy controller metrics tick"
[95m35  : [0m[90;2m┆ ┆ [0m[90m[13m37s] [0m[90m|[0m time="2026-01-12T16:54:30Z" level=debug msg="Kube-router network policy controller metrics tick"
[95m35  : [0m[90;2m┆ ┆ [0m[90m[13m38s] [0m[90m|[0m time="2026-01-12T16:54:31Z" level=debug msg="cgroupv2 io stats: skipping over unmappable dbytes=0 entry"
[95m35  : [0m[90;2m┆ ┆ [0m[90m[13m38s] [0m[90m|[0m time="2026-01-12T16:54:31Z" level=debug msg="cgroupv2 io stats: skipping over unmappable dios=0 entry"
[95m35  : [0m[90;2m┆ ┆ [0m[90m[13m40s] [0m[90m|[0m time="2026-01-12T16:54:33Z" level=debug msg="Kube-router network policy controller metrics tick"
[95m35  : [0m[90;2m┆ ┆ [0m[90m[13m41s] [0m[90m|[0m time="2026-01-12T16:54:35Z" level=debug msg="cgroupv2 io stats: skipping over unmappable dbytes=0 entry"
[95m35  : [0m[90;2m┆ ┆ [0m[90m[13m41s] [0m[90m|[0m time="2026-01-12T16:54:35Z" level=debug msg="cgroupv2 io stats: skipping over unmappable dios=0 entry"
[95m35  : [0m[90;2m┆ ┆ [0m[90m[13m43s] [0m[90m|[0m time="2026-01-12T16:54:36Z" level=debug msg="Kube-router network policy controller metrics tick"
[95m35  : [0m[90;2m┆ ┆ [0m[90m[13m46s] [0m[90m|[0m time="2026-01-12T16:54:39Z" level=debug msg="Kube-router network policy controller metrics tick"
[95m35  : [0m[90;2m┆ ┆ [0m[90m[13m49s] [0m[90m|[0m time="2026-01-12T16:54:42Z" level=debug msg="Kube-router network policy controller metrics tick"
[95m35  : [0m[90;2m┆ ┆ [0m[90m[13m51s] [0m[90m|[0m time="2026-01-12T16:54:44Z" level=debug msg="cgroupv2 io stats: skipping over unmappable dbytes=0 entry"
[95m35  : [0m[90;2m┆ ┆ [0m[90m[13m51s] [0m[90m|[0m time="2026-01-12T16:54:44Z" level=debug msg="cgroupv2 io stats: skipping over unmappable dios=0 entry"
[95m35  : [0m[90;2m┆ ┆ [0m[90m[13m51s] [0m[90m|[0m time="2026-01-12T16:54:45Z" level=debug msg="cgroupv2 io stats: skipping over unmappable dbytes=0 entry"
[95m35  : [0m[90;2m┆ ┆ [0m[90m[13m51s] [0m[90m|[0m time="2026-01-12T16:54:45Z" level=debug msg="cgroupv2 io stats: skipping over unmappable dios=0 entry"
[95m35  : [0m[90;2m┆ ┆ [0m[90m[13m52s] [0m[90m|[0m time="2026-01-12T16:54:45Z" level=debug msg="Kube-router network policy controller metrics tick"
[95m35  : [0m[90;2m┆ ┆ [0m[90m[13m55s] [0m[90m|[0m time="2026-01-12T16:54:48Z" level=debug msg="Kube-router network policy controller metrics tick"
[95m35  : [0m[90;2m┆ ┆ [0m[90m[13m58s] [0m[90m|[0m time="2026-01-12T16:54:51Z" level=debug msg="Kube-router network policy controller metrics tick"
[95m35  : [0m[90;2m┆ ┆ [0m[90m[14m1s] [0m[90m|[0m time="2026-01-12T16:54:54Z" level=debug msg="Kube-router network policy controller metrics tick"
[95m35  : [0m[90;2m┆ ┆ [0m[90m[14m1s] [0m[90m|[0m time="2026-01-12T16:54:55Z" level=debug msg="cgroupv2 io stats: skipping over unmappable dbytes=0 entry"
[95m35  : [0m[90;2m┆ ┆ [0m[90m[14m1s] [0m[90m|[0m time="2026-01-12T16:54:55Z" level=debug msg="cgroupv2 io stats: skipping over unmappable dios=0 entry"
[95m35  : [0m[90;2m┆ ┆ [0m[90m[14m4s] [0m[90m|[0m time="2026-01-12T16:54:57Z" level=debug msg="Kube-router network policy controller metrics tick"
[95m35  : [0m[90;2m┆ ┆ [0m[90m[14m6s] [0m[90m|[0m time="2026-01-12T16:54:59Z" level=debug msg="cgroupv2 io stats: skipping over unmappable dbytes=0 entry"
[95m35  : [0m[90;2m┆ ┆ [0m[90m[14m6s] [0m[90m|[0m time="2026-01-12T16:54:59Z" level=debug msg="cgroupv2 io stats: skipping over unmappable dios=0 entry"
[95m35  : [0m[90;2m┆ ┆ [0m[90m[14m7s] [0m[90m|[0m time="2026-01-12T16:55:00Z" level=debug msg="Kube-router network policy controller metrics tick"
[95m35  : [0m[90;2m┆ ┆ [0m[90m[14m10s] [0m[90m|[0m time="2026-01-12T16:55:03Z" level=debug msg="Kube-router network policy controller metrics tick"
[95m35  : [0m[90;2m┆ ┆ [0m[90m[14m11s] [0m[90m|[0m time="2026-01-12T16:55:05Z" level=debug msg="cgroupv2 io stats: skipping over unmappable dbytes=0 entry"
[95m35  : [0m[90;2m┆ ┆ [0m[90m[14m11s] [0m[90m|[0m time="2026-01-12T16:55:05Z" level=debug msg="cgroupv2 io stats: skipping over unmappable dios=0 entry"
[95m35  : [0m[90;2m┆ ┆ [0m[90m[14m13s] [0m[90m|[0m time="2026-01-12T16:55:06Z" level=debug msg="Kube-router network policy controller metrics tick"
[95m35  : [0m[90;2m┆ ┆ [0m[90m[14m16s] [0m[90m|[0m time="2026-01-12T16:55:09Z" level=debug msg="Kube-router network policy controller metrics tick"
[95m35  : [0m[90;2m┆ ┆ [0m[90m[14m19s] [0m[90m|[0m time="2026-01-12T16:55:12Z" level=debug msg="Kube-router network policy controller metrics tick"
[95m35  : [0m[90;2m┆ ┆ [0m[90m[14m21s] [0m[90m|[0m time="2026-01-12T16:55:15Z" level=debug msg="cgroupv2 io stats: skipping over unmappable dbytes=0 entry"
[95m35  : [0m[90;2m┆ ┆ [0m[90m[14m21s] [0m[90m|[0m time="2026-01-12T16:55:15Z" level=debug msg="cgroupv2 io stats: skipping over unmappable dios=0 entry"
[95m35  : [0m[90;2m┆ ┆ [0m[90m[14m22s] [0m[90m|[0m time="2026-01-12T16:55:15Z" level=debug msg="Kube-router network policy controller metrics tick"
[95m35  : [0m[90;2m┆ ┆ [0m[90m[14m24s] [0m[90m|[0m time="2026-01-12T16:55:18Z" level=debug msg="cgroupv2 io stats: skipping over unmappable dbytes=0 entry"
[95m35  : [0m[90;2m┆ ┆ [0m[90m[14m24s] [0m[90m|[0m time="2026-01-12T16:55:18Z" level=debug msg="cgroupv2 io stats: skipping over unmappable dios=0 entry"
[95m35  : [0m[90;2m┆ ┆ [0m[90m[14m25s] [0m[90m|[0m time="2026-01-12T16:55:18Z" level=debug msg="Kube-router network policy controller metrics tick"
[95m35  : [0m[90;2m┆ ┆ [0m[90m[14m28s] [0m[90m|[0m time="2026-01-12T16:55:21Z" level=debug msg="Kube-router network policy controller metrics tick"
[95m35  : [0m[90;2m┆ ┆ [0m[90m[14m31s] [0m[90m|[0m time="2026-01-12T16:55:24Z" level=debug msg="Kube-router network policy controller metrics tick"
[95m35  : [0m[90;2m┆ ┆ [0m[90m[14m31s] [0m[90m|[0m time="2026-01-12T16:55:25Z" level=debug msg="cgroupv2 io stats: skipping over unmappable dbytes=0 entry"
[95m35  : [0m[90;2m┆ ┆ [0m[90m[14m31s] [0m[90m|[0m time="2026-01-12T16:55:25Z" level=debug msg="cgroupv2 io stats: skipping over unmappable dios=0 entry"
[95m35  : [0m[90;2m┆ ┆ [0m[90m[14m34s] [0m[90m|[0m time="2026-01-12T16:55:27Z" level=debug msg="Kube-router network policy controller metrics tick"
[95m35  : [0m[90;2m┆ ┆ [0m[90m[14m37s] [0m[90m|[0m time="2026-01-12T16:55:30Z" level=debug msg="Kube-router network policy controller metrics tick"
[95m35  : [0m[90;2m┆ ┆ [0m[90m[14m38s] [0m[90m|[0m time="2026-01-12T16:55:31Z" level=debug msg="cgroupv2 io stats: skipping over unmappable dbytes=0 entry"
[95m35  : [0m[90;2m┆ ┆ [0m[90m[14m38s] [0m[90m|[0m time="2026-01-12T16:55:31Z" level=debug msg="cgroupv2 io stats: skipping over unmappable dios=0 entry"
[95m35  : [0m[90;2m┆ ┆ [0m[90m[14m40s] [0m[90m|[0m time="2026-01-12T16:55:33Z" level=debug msg="Kube-router network policy controller metrics tick"
[95m35  : [0m[90;2m┆ ┆ [0m[90m[14m41s] [0m[90m|[0m time="2026-01-12T16:55:35Z" level=debug msg="cgroupv2 io stats: skipping over unmappable dbytes=0 entry"
[95m35  : [0m[90;2m┆ ┆ [0m[90m[14m41s] [0m[90m|[0m time="2026-01-12T16:55:35Z" level=debug msg="cgroupv2 io stats: skipping over unmappable dios=0 entry"
[95m35  : [0m[90;2m┆ ┆ [0m[90m[14m43s] [0m[90m|[0m time="2026-01-12T16:55:36Z" level=debug msg="Kube-router network policy controller metrics tick"
[95m35  : [0m[90;2m┆ ┆ [0m[90m[14m46s] [0m[90m|[0m time="2026-01-12T16:55:39Z" level=debug msg="Kube-router network policy controller metrics tick"
[95m35  : [0m[90;2m┆ ┆ [0m[90m[14m49s] [0m[90m|[0m time="2026-01-12T16:55:42Z" level=debug msg="Kube-router network policy controller metrics tick"
[95m35  : [0m[90;2m┆ ┆ [0m[90m[14m52s] [0m[90m|[0m time="2026-01-12T16:55:45Z" level=debug msg="cgroupv2 io stats: skipping over unmappable dbytes=0 entry"
[95m35  : [0m[90;2m┆ ┆ [0m[90m[14m52s] [0m[90m|[0m time="2026-01-12T16:55:45Z" level=debug msg="cgroupv2 io stats: skipping over unmappable dios=0 entry"
[95m35  : [0m[90;2m┆ ┆ [0m[90m[14m52s] [0m[90m|[0m time="2026-01-12T16:55:45Z" level=debug msg="Kube-router network policy controller metrics tick"
[95m35  : [0m[90;2m┆ ┆ [0m[90m[14m55s] [0m[90m|[0m time="2026-01-12T16:55:48Z" level=debug msg="Kube-router network policy controller metrics tick"
[95m35  : [0m[90;2m┆ ┆ [0m[90m[14m57s] [0m[90m|[0m time="2026-01-12T16:55:50Z" level=debug msg="cgroupv2 io stats: skipping over unmappable dbytes=0 entry"
[95m35  : [0m[90;2m┆ ┆ [0m[90m[14m57s] [0m[90m|[0m time="2026-01-12T16:55:50Z" level=debug msg="cgroupv2 io stats: skipping over unmappable dios=0 entry"
[95m35  : [0m[90;2m┆ ┆ [0m[90m[14m58s] [0m[90m|[0m time="2026-01-12T16:55:51Z" level=debug msg="Kube-router network policy controller metrics tick"
[95m35  : [0m[90;2m┆ ┆ [0m[90m[15m1s] [0m[90m|[0m time="2026-01-12T16:55:54Z" level=debug msg="Kube-router network policy controller metrics tick"
[95m35  : [0m[90;2m┆ ┆ [0m[90m[15m2s] [0m[90m|[0m time="2026-01-12T16:55:55Z" level=debug msg="cgroupv2 io stats: skipping over unmappable dbytes=0 entry"
[95m35  : [0m[90;2m┆ ┆ [0m[90m[15m2s] [0m[90m|[0m time="2026-01-12T16:55:55Z" level=debug msg="cgroupv2 io stats: skipping over unmappable dios=0 entry"
[95m35  : [0m[90;2m┆ ┆ [0m[90m[15m4s] [0m[90m|[0m time="2026-01-12T16:55:57Z" level=debug msg="Kube-router network policy controller metrics tick"
[95m35  : [0m[90;2m┆ ┆ [0m[90m[15m7s] [0m[90m|[0m time="2026-01-12T16:56:00Z" level=debug msg="Kube-router network policy controller metrics tick"
[95m35  : [0m[90;2m┆ ┆ [0m[90m[15m10s] [0m[90m|[0m time="2026-01-12T16:56:03Z" level=debug msg="Kube-router network policy controller metrics tick"
[95m35  : [0m[90;2m┆ ┆ [0m[90m[15m10s] [0m[90m|[0m W0112 16:56:04.458766      14 info.go:53] Couldn't collect info from any of the files in "/etc/machine-id,/var/lib/dbus/machine-id"
[95m35  : [0m[90;2m┆ ┆ [0m[90m[15m12s] [0m[90m|[0m time="2026-01-12T16:56:05Z" level=debug msg="cgroupv2 io stats: skipping over unmappable dbytes=0 entry"
[95m35  : [0m[90;2m┆ ┆ [0m[90m[15m12s] [0m[90m|[0m time="2026-01-12T16:56:05Z" level=debug msg="cgroupv2 io stats: skipping over unmappable dios=0 entry"
[95m35  : [0m[90;2m┆ ┆ [0m[90m[15m13s] [0m[90m|[0m time="2026-01-12T16:56:06Z" level=debug msg="cgroupv2 io stats: skipping over unmappable dbytes=0 entry"
[95m35  : [0m[90;2m┆ ┆ [0m[90m[15m13s] [0m[90m|[0m time="2026-01-12T16:56:06Z" level=debug msg="cgroupv2 io stats: skipping over unmappable dios=0 entry"
[95m35  : [0m[90;2m┆ ┆ [0m[90m[15m13s] [0m[90m|[0m time="2026-01-12T16:56:06Z" level=debug msg="Kube-router network policy controller metrics tick"
[95m35  : [0m[90;2m┆ ┆ [0m[90m[15m16s] [0m[90m|[0m time="2026-01-12T16:56:09Z" level=debug msg="Kube-router network policy controller metrics tick"
[95m35  : [0m[90;2m┆ ┆ [0m[90m[15m19s] [0m[90m|[0m time="2026-01-12T16:56:12Z" level=debug msg="Kube-router network policy controller metrics tick"
[95m35  : [0m[90;2m┆ ┆ [0m[90m[15m22s] [0m[90m|[0m time="2026-01-12T16:56:15Z" level=debug msg="cgroupv2 io stats: skipping over unmappable dbytes=0 entry"
[95m35  : [0m[90;2m┆ ┆ [0m[90m[15m22s] [0m[90m|[0m time="2026-01-12T16:56:15Z" level=debug msg="cgroupv2 io stats: skipping over unmappable dios=0 entry"
[95m35  : [0m[90;2m┆ ┆ [0m[90m[15m22s] [0m[90m|[0m time="2026-01-12T16:56:15Z" level=debug msg="Kube-router network policy controller metrics tick"
[95m35  : [0m[90;2m┆ ┆ [0m[90m[15m25s] [0m[90m|[0m time="2026-01-12T16:56:18Z" level=debug msg="Kube-router network policy controller metrics tick"
[95m35  : [0m[90;2m┆ ┆ [0m[90m[15m25s] [0m[90m|[0m time="2026-01-12T16:56:19Z" level=debug msg="cgroupv2 io stats: skipping over unmappable dbytes=0 entry"
[95m35  : [0m[90;2m┆ ┆ [0m[90m[15m25s] [0m[90m|[0m time="2026-01-12T16:56:19Z" level=debug msg="cgroupv2 io stats: skipping over unmappable dios=0 entry"
[95m35  : [0m[90;2m┆ ┆ [0m[90m[15m28s] [0m[90m|[0m time="2026-01-12T16:56:21Z" level=debug msg="Kube-router network policy controller metrics tick"
[95m35  : [0m[90;2m┆ ┆ [0m[90m[15m31s] [0m[90m|[0m time="2026-01-12T16:56:24Z" level=debug msg="Kube-router network policy controller metrics tick"
[95m35  : [0m[90;2m┆ ┆ [0m[90m[15m32s] [0m[90m|[0m time="2026-01-12T16:56:25Z" level=debug msg="cgroupv2 io stats: skipping over unmappable dbytes=0 entry"
[95m35  : [0m[90;2m┆ ┆ [0m[90m[15m32s] [0m[90m|[0m time="2026-01-12T16:56:25Z" level=debug msg="cgroupv2 io stats: skipping over unmappable dios=0 entry"
[95m35  : [0m[90;2m┆ ┆ [0m[90m[15m34s] [0m[90m|[0m time="2026-01-12T16:56:27Z" level=debug msg="Kube-router network policy controller metrics tick"
[95m35  : [0m[90;2m┆ ┆ [0m[90m[15m37s] [0m[90m|[0m time="2026-01-12T16:56:30Z" level=debug msg="Kube-router network policy controller metrics tick"
[95m35  : [0m[90;2m┆ ┆ [0m[90m[15m40s] [0m[90m|[0m time="2026-01-12T16:56:33Z" level=debug msg="Kube-router network policy controller metrics tick"
[95m35  : [0m[90;2m┆ ┆ [0m[90m[15m42s] [0m[90m|[0m time="2026-01-12T16:56:35Z" level=debug msg="cgroupv2 io stats: skipping over unmappable dbytes=0 entry"
[95m35  : [0m[90;2m┆ ┆ [0m[90m[15m42s] [0m[90m|[0m time="2026-01-12T16:56:35Z" level=debug msg="cgroupv2 io stats: skipping over unmappable dios=0 entry"
[95m35  : [0m[90;2m┆ ┆ [0m[90m[15m43s] [0m[90m|[0m time="2026-01-12T16:56:36Z" level=debug msg="Kube-router network policy controller metrics tick"
[95m35  : [0m[90;2m┆ ┆ [0m[90m[15m45s] [0m[90m|[0m time="2026-01-12T16:56:38Z" level=debug msg="cgroupv2 io stats: skipping over unmappable dbytes=0 entry"
[95m35  : [0m[90;2m┆ ┆ [0m[90m[15m45s] [0m[90m|[0m time="2026-01-12T16:56:38Z" level=debug msg="cgroupv2 io stats: skipping over unmappable dios=0 entry"
[95m35  : [0m[90;2m┆ ┆ [0m[90m[15m46s] [0m[90m|[0m time="2026-01-12T16:56:39Z" level=debug msg="Kube-router network policy controller metrics tick"
[95m35  : [0m[90;2m┆ ┆ [0m[90m[15m49s] [0m[90m|[0m time="2026-01-12T16:56:42Z" level=debug msg="Kube-router network policy controller metrics tick"
[95m35  : [0m[90;2m┆ ┆ [0m[90m[15m52s] [0m[90m|[0m time="2026-01-12T16:56:45Z" level=debug msg="cgroupv2 io stats: skipping over unmappable dbytes=0 entry"
[95m35  : [0m[90;2m┆ ┆ [0m[90m[15m52s] [0m[90m|[0m time="2026-01-12T16:56:45Z" level=debug msg="cgroupv2 io stats: skipping over unmappable dios=0 entry"
[95m35  : [0m[90;2m┆ ┆ [0m[90m[15m52s] [0m[90m|[0m time="2026-01-12T16:56:45Z" level=debug msg="Kube-router network policy controller metrics tick"
[95m35  : [0m[90;2m┆ ┆ [0m[90m[15m55s] [0m[90m|[0m time="2026-01-12T16:56:48Z" level=debug msg="Kube-router network policy controller metrics tick"
[95m35  : [0m[90;2m┆ ┆ [0m[90m[15m58s] [0m[90m|[0m time="2026-01-12T16:56:51Z" level=debug msg="Kube-router network policy controller metrics tick"
[95m35  : [0m[90;2m┆ ┆ [0m[90m[16m1s] [0m[90m|[0m time="2026-01-12T16:56:54Z" level=debug msg="Kube-router network policy controller metrics tick"
[95m35  : [0m[90;2m┆ ┆ [0m[90m[16m2s] [0m[90m|[0m time="2026-01-12T16:56:55Z" level=debug msg="cgroupv2 io stats: skipping over unmappable dbytes=0 entry"
[95m35  : [0m[90;2m┆ ┆ [0m[90m[16m2s] [0m[90m|[0m time="2026-01-12T16:56:55Z" level=debug msg="cgroupv2 io stats: skipping over unmappable dios=0 entry"
[95m35  : [0m[90;2m┆ ┆ [0m[90m[16m4s] [0m[90m|[0m time="2026-01-12T16:56:57Z" level=debug msg="Kube-router network policy controller metrics tick"
[95m35  : [0m[90;2m┆ ┆ [0m[90m[16m4s] [0m[90m|[0m time="2026-01-12T16:56:58Z" level=debug msg="cgroupv2 io stats: skipping over unmappable dbytes=0 entry"
[95m35  : [0m[90;2m┆ ┆ [0m[90m[16m4s] [0m[90m|[0m time="2026-01-12T16:56:58Z" level=debug msg="cgroupv2 io stats: skipping over unmappable dios=0 entry"
[95m35  : [0m[90;2m┆ ┆ [0m[90m[16m7s] [0m[90m|[0m time="2026-01-12T16:57:00Z" level=debug msg="Kube-router network policy controller metrics tick"
[95m35  : [0m[90;2m┆ ┆ [0m[90m[16m10s] [0m[90m|[0m time="2026-01-12T16:57:03Z" level=debug msg="Kube-router network policy controller metrics tick"
[95m35  : [0m[90;2m┆ ┆ [0m[90m[16m12s] [0m[90m|[0m time="2026-01-12T16:57:05Z" level=debug msg="cgroupv2 io stats: skipping over unmappable dbytes=0 entry"
[95m35  : [0m[90;2m┆ ┆ [0m[90m[16m12s] [0m[90m|[0m time="2026-01-12T16:57:05Z" level=debug msg="cgroupv2 io stats: skipping over unmappable dios=0 entry"
[95m35  : [0m[90;2m┆ ┆ [0m[90m[16m13s] [0m[90m|[0m time="2026-01-12T16:57:06Z" level=debug msg="Kube-router network policy controller metrics tick"
[95m35  : [0m[90;2m┆ ┆ [0m[90m[16m16s] [0m[90m|[0m time="2026-01-12T16:57:09Z" level=debug msg="Kube-router network policy controller metrics tick"
[95m35  : [0m[90;2m┆ ┆ [0m[90m[16m19s] [0m[90m|[0m time="2026-01-12T16:57:12Z" level=debug msg="Kube-router network policy controller metrics tick"
[95m35  : [0m[90;2m┆ ┆ [0m[90m[16m21s] [0m[90m|[0m time="2026-01-12T16:57:14Z" level=debug msg="cgroupv2 io stats: skipping over unmappable dbytes=0 entry"
[95m35  : [0m[90;2m┆ ┆ [0m[90m[16m21s] [0m[90m|[0m time="2026-01-12T16:57:14Z" level=debug msg="cgroupv2 io stats: skipping over unmappable dios=0 entry"
[95m35  : [0m[90;2m┆ ┆ [0m[90m[16m22s] [0m[90m|[0m time="2026-01-12T16:57:15Z" level=debug msg="cgroupv2 io stats: skipping over unmappable dbytes=0 entry"
[95m35  : [0m[90;2m┆ ┆ [0m[90m[16m22s] [0m[90m|[0m time="2026-01-12T16:57:15Z" level=debug msg="cgroupv2 io stats: skipping over unmappable dios=0 entry"
[95m35  : [0m[90;2m┆ ┆ [0m[90m[16m22s] [0m[90m|[0m time="2026-01-12T16:57:15Z" level=debug msg="Kube-router network policy controller metrics tick"
[95m35  : [0m[90;2m┆ ┆ [0m[90m[16m25s] [0m[90m|[0m time="2026-01-12T16:57:18Z" level=debug msg="Kube-router network policy controller metrics tick"
[95m35  : [0m[90;2m┆ ┆ [0m[90m[16m28s] [0m[90m|[0m time="2026-01-12T16:57:21Z" level=debug msg="Kube-router network policy controller metrics tick"
[95m35  : [0m[90;2m┆ ┆ [0m[90m[16m31s] [0m[90m|[0m time="2026-01-12T16:57:24Z" level=debug msg="Kube-router network policy controller metrics tick"
[95m35  : [0m[90;2m┆ ┆ [0m[90m[16m32s] [0m[90m|[0m time="2026-01-12T16:57:25Z" level=debug msg="cgroupv2 io stats: skipping over unmappable dbytes=0 entry"
[95m35  : [0m[90;2m┆ ┆ [0m[90m[16m32s] [0m[90m|[0m time="2026-01-12T16:57:25Z" level=debug msg="cgroupv2 io stats: skipping over unmappable dios=0 entry"
[95m35  : [0m[90;2m┆ ┆ [0m[90m[16m34s] [0m[90m|[0m time="2026-01-12T16:57:27Z" level=debug msg="Kube-router network policy controller metrics tick"
[95m35  : [0m[90;2m┆ ┆ [0m[90m[16m37s] [0m[90m|[0m time="2026-01-12T16:57:30Z" level=debug msg="Kube-router network policy controller metrics tick"
[95m35  : [0m[90;2m┆ ┆ [0m[90m[16m40s] [0m[90m|[0m time="2026-01-12T16:57:33Z" level=debug msg="Kube-router network policy controller metrics tick"
[95m35  : [0m[90;2m┆ ┆ [0m[90m[16m40s] [0m[90m|[0m time="2026-01-12T16:57:34Z" level=debug msg="cgroupv2 io stats: skipping over unmappable dbytes=0 entry"
[95m35  : [0m[90;2m┆ ┆ [0m[90m[16m40s] [0m[90m|[0m time="2026-01-12T16:57:34Z" level=debug msg="cgroupv2 io stats: skipping over unmappable dios=0 entry"
[95m35  : [0m[90;2m┆ ┆ [0m[90m[16m42s] [0m[90m|[0m time="2026-01-12T16:57:35Z" level=debug msg="cgroupv2 io stats: skipping over unmappable dbytes=0 entry"
[95m35  : [0m[90;2m┆ ┆ [0m[90m[16m42s] [0m[90m|[0m time="2026-01-12T16:57:35Z" level=debug msg="cgroupv2 io stats: skipping over unmappable dios=0 entry"
[95m35  : [0m[90;2m┆ ┆ [0m[90m[16m43s] [0m[90m|[0m time="2026-01-12T16:57:36Z" level=debug msg="Kube-router network policy controller metrics tick"
[95m35  : [0m[90;2m┆ ┆ [0m[90m[16m46s] [0m[90m|[0m time="2026-01-12T16:57:39Z" level=debug msg="Kube-router network policy controller metrics tick"
[95m35  : [0m[90;2m┆ ┆ [0m[90m[16m49s] [0m[90m|[0m time="2026-01-12T16:57:42Z" level=debug msg="Kube-router network policy controller metrics tick"
[95m35  : [0m[90;2m┆ ┆ [0m[90m[16m52s] [0m[90m|[0m time="2026-01-12T16:57:45Z" level=debug msg="cgroupv2 io stats: skipping over unmappable dbytes=0 entry"
[95m35  : [0m[90;2m┆ ┆ [0m[90m[16m52s] [0m[90m|[0m time="2026-01-12T16:57:45Z" level=debug msg="cgroupv2 io stats: skipping over unmappable dios=0 entry"
[95m35  : [0m[90;2m┆ ┆ [0m[90m[16m52s] [0m[90m|[0m time="2026-01-12T16:57:45Z" level=debug msg="Kube-router network policy controller metrics tick"
[95m35  : [0m[90;2m┆ ┆ [0m[90m[16m53s] [0m[90m|[0m time="2026-01-12T16:57:46Z" level=debug msg="cgroupv2 io stats: skipping over unmappable dbytes=0 entry"
[95m35  : [0m[90;2m┆ ┆ [0m[90m[16m53s] [0m[90m|[0m time="2026-01-12T16:57:46Z" level=debug msg="cgroupv2 io stats: skipping over unmappable dios=0 entry"
[95m35  : [0m[90;2m┆ ┆ [0m[90m[16m55s] [0m[90m|[0m time="2026-01-12T16:57:48Z" level=debug msg="Kube-router network policy controller metrics tick"
[95m35  : [0m[90;2m┆ ┆ [0m[90m[16m58s] [0m[90m|[0m time="2026-01-12T16:57:51Z" level=debug msg="Kube-router network policy controller metrics tick"
[95m35  : [0m[90;2m┆ ┆ [0m[90m[17m1s] [0m[90m|[0m time="2026-01-12T16:57:54Z" level=debug msg="Kube-router network policy controller metrics tick"
[95m35  : [0m[90;2m┆ ┆ [0m[90m[17m2s] [0m[90m|[0m time="2026-01-12T16:57:55Z" level=debug msg="cgroupv2 io stats: skipping over unmappable dbytes=0 entry"
[95m35  : [0m[90;2m┆ ┆ [0m[90m[17m2s] [0m[90m|[0m time="2026-01-12T16:57:55Z" level=debug msg="cgroupv2 io stats: skipping over unmappable dios=0 entry"
[95m35  : [0m[90;2m┆ ┆ [0m[90m[17m4s] [0m[90m|[0m time="2026-01-12T16:57:57Z" level=debug msg="Kube-router network policy controller metrics tick"
[95m35  : [0m[90;2m┆ ┆ [0m[90m[17m7s] [0m[90m|[0m time="2026-01-12T16:58:00Z" level=debug msg="Kube-router network policy controller metrics tick"
[95m35  : [0m[90;2m┆ ┆ [0m[90m[17m9s] [0m[90m|[0m time="2026-01-12T16:58:02Z" level=debug msg="cgroupv2 io stats: skipping over unmappable dbytes=0 entry"
[95m35  : [0m[90;2m┆ ┆ [0m[90m[17m9s] [0m[90m|[0m time="2026-01-12T16:58:02Z" level=debug msg="cgroupv2 io stats: skipping over unmappable dios=0 entry"
[95m35  : [0m[90;2m┆ ┆ [0m[90m[17m10s] [0m[90m|[0m time="2026-01-12T16:58:03Z" level=debug msg="Kube-router network policy controller metrics tick"
[95m35  : [0m[90;2m┆ ┆ [0m[90m[17m12s] [0m[90m|[0m time="2026-01-12T16:58:05Z" level=debug msg="cgroupv2 io stats: skipping over unmappable dbytes=0 entry"
[95m35  : [0m[90;2m┆ ┆ [0m[90m[17m12s] [0m[90m|[0m time="2026-01-12T16:58:05Z" level=debug msg="cgroupv2 io stats: skipping over unmappable dios=0 entry"
[95m35  : [0m[90;2m┆ ┆ [0m[90m[17m13s] [0m[90m|[0m time="2026-01-12T16:58:06Z" level=debug msg="Kube-router network policy controller metrics tick"
[95m35  : [0m[90;2m┆ ┆ [0m[90m[17m16s] [0m[90m|[0m time="2026-01-12T16:58:09Z" level=debug msg="Kube-router network policy controller metrics tick"
[95m35  : [0m[90;2m┆ ┆ [0m[90m[17m19s] [0m[90m|[0m time="2026-01-12T16:58:12Z" level=debug msg="Kube-router network policy controller metrics tick"
[95m35  : [0m[90;2m┆ ┆ [0m[90m[17m20s] [0m[90m|[0m time="2026-01-12T16:58:13Z" level=debug msg="cgroupv2 io stats: skipping over unmappable dbytes=0 entry"
[95m35  : [0m[90;2m┆ ┆ [0m[90m[17m20s] [0m[90m|[0m time="2026-01-12T16:58:13Z" level=debug msg="cgroupv2 io stats: skipping over unmappable dios=0 entry"
[95m35  : [0m[90;2m┆ ┆ [0m[90m[17m22s] [0m[90m|[0m time="2026-01-12T16:58:15Z" level=debug msg="cgroupv2 io stats: skipping over unmappable dbytes=0 entry"
[95m35  : [0m[90;2m┆ ┆ [0m[90m[17m22s] [0m[90m|[0m time="2026-01-12T16:58:15Z" level=debug msg="cgroupv2 io stats: skipping over unmappable dios=0 entry"
[95m35  : [0m[90;2m┆ ┆ [0m[90m[17m22s] [0m[90m|[0m time="2026-01-12T16:58:15Z" level=debug msg="Kube-router network policy controller metrics tick"
[95m35  : [0m[90;2m┆ ┆ [0m[90m[17m25s] [0m[90m|[0m time="2026-01-12T16:58:18Z" level=debug msg="Kube-router network policy controller metrics tick"
[95m35  : [0m[90;2m┆ ┆ [0m[90m[17m28s] [0m[90m|[0m time="2026-01-12T16:58:21Z" level=debug msg="Kube-router network policy controller metrics tick"
[95m35  : [0m[90;2m┆ ┆ [0m[90m[17m31s] [0m[90m|[0m time="2026-01-12T16:58:24Z" level=debug msg="cgroupv2 io stats: skipping over unmappable dbytes=0 entry"
[95m35  : [0m[90;2m┆ ┆ [0m[90m[17m31s] [0m[90m|[0m time="2026-01-12T16:58:24Z" level=debug msg="cgroupv2 io stats: skipping over unmappable dios=0 entry"
[95m35  : [0m[90;2m┆ ┆ [0m[90m[17m31s] [0m[90m|[0m time="2026-01-12T16:58:24Z" level=debug msg="Kube-router network policy controller metrics tick"
[95m35  : [0m[90;2m┆ ┆ [0m[90m[17m32s] [0m[90m|[0m time="2026-01-12T16:58:25Z" level=debug msg="cgroupv2 io stats: skipping over unmappable dbytes=0 entry"
[95m35  : [0m[90;2m┆ ┆ [0m[90m[17m32s] [0m[90m|[0m time="2026-01-12T16:58:25Z" level=debug msg="cgroupv2 io stats: skipping over unmappable dios=0 entry"
[95m35  : [0m[90;2m┆ ┆ [0m[90m[17m34s] [0m[90m|[0m time="2026-01-12T16:58:27Z" level=debug msg="Kube-router network policy controller metrics tick"
[95m35  : [0m[90;2m┆ ┆ [0m[90m[17m37s] [0m[90m|[0m time="2026-01-12T16:58:30Z" level=debug msg="Kube-router network policy controller metrics tick"
[95m35  : [0m[90;2m┆ ┆ [0m[90m[17m40s] [0m[90m|[0m time="2026-01-12T16:58:33Z" level=debug msg="Kube-router network policy controller metrics tick"
[95m35  : [0m[90;2m┆ ┆ [0m[90m[17m42s] [0m[90m|[0m time="2026-01-12T16:58:35Z" level=debug msg="cgroupv2 io stats: skipping over unmappable dbytes=0 entry"
[95m35  : [0m[90;2m┆ ┆ [0m[90m[17m42s] [0m[90m|[0m time="2026-01-12T16:58:35Z" level=debug msg="cgroupv2 io stats: skipping over unmappable dios=0 entry"
[95m35  : [0m[90;2m┆ ┆ [0m[90m[17m43s] [0m[90m|[0m time="2026-01-12T16:58:36Z" level=debug msg="Kube-router network policy controller metrics tick"
[95m35  : [0m[90;2m┆ ┆ [0m[90m[17m46s] [0m[90m|[0m time="2026-01-12T16:58:39Z" level=debug msg="Kube-router network policy controller metrics tick"
[95m35  : [0m[90;2m┆ ┆ [0m[90m[17m46s] [0m[90m|[0m time="2026-01-12T16:58:40Z" level=debug msg="cgroupv2 io stats: skipping over unmappable dbytes=0 entry"
[95m35  : [0m[90;2m┆ ┆ [0m[90m[17m46s] [0m[90m|[0m time="2026-01-12T16:58:40Z" level=debug msg="cgroupv2 io stats: skipping over unmappable dios=0 entry"
[95m35  : [0m[90;2m┆ ┆ [0m[90m[17m49s] [0m[90m|[0m time="2026-01-12T16:58:42Z" level=debug msg="Kube-router network policy controller metrics tick"
[95m35  : [0m[90;2m┆ ┆ [0m[90m[17m52s] [0m[90m|[0m time="2026-01-12T16:58:45Z" level=debug msg="cgroupv2 io stats: skipping over unmappable dbytes=0 entry"
[95m35  : [0m[90;2m┆ ┆ [0m[90m[17m52s] [0m[90m|[0m time="2026-01-12T16:58:45Z" level=debug msg="cgroupv2 io stats: skipping over unmappable dios=0 entry"
[95m35  : [0m[90;2m┆ ┆ [0m[90m[17m52s] [0m[90m|[0m time="2026-01-12T16:58:45Z" level=debug msg="Kube-router network policy controller metrics tick"
[95m35  : [0m[90;2m┆ ┆ [0m[90m[17m55s] [0m[90m|[0m time="2026-01-12T16:58:48Z" level=debug msg="Kube-router network policy controller metrics tick"
[95m35  : [0m[90;2m┆ ┆ [0m[90m[17m58s] [0m[90m|[0m time="2026-01-12T16:58:51Z" level=debug msg="Kube-router network policy controller metrics tick"
[95m35  : [0m[90;2m┆ ┆ [0m[90m[17m58s] [0m[90m|[0m time="2026-01-12T16:58:52Z" level=debug msg="cgroupv2 io stats: skipping over unmappable dbytes=0 entry"
[95m35  : [0m[90;2m┆ ┆ [0m[90m[17m58s] [0m[90m|[0m time="2026-01-12T16:58:52Z" level=debug msg="cgroupv2 io stats: skipping over unmappable dios=0 entry"
[95m35  : [0m[90;2m┆ ┆ [0m[90m[18m1s] [0m[90m|[0m time="2026-01-12T16:58:54Z" level=debug msg="Kube-router network policy controller metrics tick"
[95m35  : [0m[90;2m┆ ┆ [0m[90m[18m2s] [0m[90m|[0m time="2026-01-12T16:58:55Z" level=debug msg="cgroupv2 io stats: skipping over unmappable dbytes=0 entry"
[95m35  : [0m[90;2m┆ ┆ [0m[90m[18m2s] [0m[90m|[0m time="2026-01-12T16:58:55Z" level=debug msg="cgroupv2 io stats: skipping over unmappable dios=0 entry"
[95m35  : [0m[90;2m┆ ┆ [0m[90m[18m4s] [0m[90m|[0m time="2026-01-12T16:58:57Z" level=debug msg="Kube-router network policy controller metrics tick"
[95m35  : [0m[90;2m┆ ┆ [0m[90m[18m7s] [0m[90m|[0m time="2026-01-12T16:59:00Z" level=debug msg="Kube-router network policy controller metrics tick"
[95m35  : [0m[90;2m┆ ┆ [0m[90m[18m10s] [0m[90m|[0m time="2026-01-12T16:59:03Z" level=debug msg="Kube-router network policy controller metrics tick"
[95m35  : [0m[90;2m┆ ┆ [0m[90m[18m12s] [0m[90m|[0m time="2026-01-12T16:59:05Z" level=debug msg="cgroupv2 io stats: skipping over unmappable dbytes=0 entry"
[95m35  : [0m[90;2m┆ ┆ [0m[90m[18m12s] [0m[90m|[0m time="2026-01-12T16:59:05Z" level=debug msg="cgroupv2 io stats: skipping over unmappable dios=0 entry"
[95m35  : [0m[90;2m┆ ┆ [0m[90m[18m13s] [0m[90m|[0m time="2026-01-12T16:59:06Z" level=debug msg="Kube-router network policy controller metrics tick"
[95m35  : [0m[90;2m┆ ┆ [0m[90m[18m16s] [0m[90m|[0m time="2026-01-12T16:59:09Z" level=debug msg="Kube-router network policy controller metrics tick"
[95m35  : [0m[90;2m┆ ┆ [0m[90m[18m17s] [0m[90m|[0m time="2026-01-12T16:59:11Z" level=debug msg="cgroupv2 io stats: skipping over unmappable dbytes=0 entry"
[95m35  : [0m[90;2m┆ ┆ [0m[90m[18m17s] [0m[90m|[0m time="2026-01-12T16:59:11Z" level=debug msg="cgroupv2 io stats: skipping over unmappable dios=0 entry"
[95m35  : [0m[90;2m┆ ┆ [0m[90m[18m19s] [0m[90m|[0m time="2026-01-12T16:59:12Z" level=debug msg="Kube-router network policy controller metrics tick"
[95m35  : [0m[90;2m┆ ┆ [0m[90m[18m22s] [0m[90m|[0m time="2026-01-12T16:59:15Z" level=debug msg="cgroupv2 io stats: skipping over unmappable dbytes=0 entry"
[95m35  : [0m[90;2m┆ ┆ [0m[90m[18m22s] [0m[90m|[0m time="2026-01-12T16:59:15Z" level=debug msg="cgroupv2 io stats: skipping over unmappable dios=0 entry"
[95m35  : [0m[90;2m┆ ┆ [0m[90m[18m22s] [0m[90m|[0m time="2026-01-12T16:59:15Z" level=debug msg="Kube-router network policy controller metrics tick"
[95m35  : [0m[90;2m┆ ┆ [0m[90m[18m25s] [0m[90m|[0m time="2026-01-12T16:59:18Z" level=debug msg="Kube-router network policy controller metrics tick"
[95m35  : [0m[90;2m┆ ┆ [0m[90m[18m28s] [0m[90m|[0m time="2026-01-12T16:59:21Z" level=debug msg="Kube-router network policy controller metrics tick"
[95m35  : [0m[90;2m┆ ┆ [0m[90m[18m31s] [0m[90m|[0m time="2026-01-12T16:59:24Z" level=debug msg="Kube-router network policy controller metrics tick"
[95m35  : [0m[90;2m┆ ┆ [0m[90m[18m32s] [0m[90m|[0m time="2026-01-12T16:59:25Z" level=debug msg="cgroupv2 io stats: skipping over unmappable dbytes=0 entry"
[95m35  : [0m[90;2m┆ ┆ [0m[90m[18m32s] [0m[90m|[0m time="2026-01-12T16:59:25Z" level=debug msg="cgroupv2 io stats: skipping over unmappable dios=0 entry"
[95m35  : [0m[90;2m┆ ┆ [0m[90m[18m32s] [0m[90m|[0m time="2026-01-12T16:59:26Z" level=debug msg="cgroupv2 io stats: skipping over unmappable dbytes=0 entry"
[95m35  : [0m[90;2m┆ ┆ [0m[90m[18m32s] [0m[90m|[0m time="2026-01-12T16:59:26Z" level=debug msg="cgroupv2 io stats: skipping over unmappable dios=0 entry"
[95m35  : [0m[90;2m┆ ┆ [0m[90m[18m34s] [0m[90m|[0m time="2026-01-12T16:59:27Z" level=debug msg="Kube-router network policy controller metrics tick"
[95m35  : [0m[90;2m┆ ┆ [0m[90m[18m37s] [0m[90m|[0m time="2026-01-12T16:59:30Z" level=debug msg="Kube-router network policy controller metrics tick"
[95m35  : [0m[90;2m┆ ┆ [0m[90m[18m40s] [0m[90m|[0m time="2026-01-12T16:59:33Z" level=debug msg="Kube-router network policy controller metrics tick"
[95m35  : [0m[90;2m┆ ┆ [0m[90m[18m42s] [0m[90m|[0m time="2026-01-12T16:59:35Z" level=debug msg="cgroupv2 io stats: skipping over unmappable dbytes=0 entry"
[95m35  : [0m[90;2m┆ ┆ [0m[90m[18m42s] [0m[90m|[0m time="2026-01-12T16:59:35Z" level=debug msg="cgroupv2 io stats: skipping over unmappable dios=0 entry"
[95m35  : [0m[90;2m┆ ┆ [0m[90m[18m43s] [0m[90m|[0m time="2026-01-12T16:59:36Z" level=debug msg="Kube-router network policy controller metrics tick"
[95m35  : [0m[90;2m┆ ┆ [0m[90m[18m46s] [0m[90m|[0m time="2026-01-12T16:59:39Z" level=debug msg="Kube-router network policy controller metrics tick"
[95m35  : [0m[90;2m┆ ┆ [0m[90m[18m49s] [0m[90m|[0m time="2026-01-12T16:59:42Z" level=debug msg="Kube-router network policy controller metrics tick"
[95m35  : [0m[90;2m┆ ┆ [0m[90m[18m49s] [0m[90m|[0m time="2026-01-12T16:59:42Z" level=debug msg="cgroupv2 io stats: skipping over unmappable dbytes=0 entry"
[95m35  : [0m[90;2m┆ ┆ [0m[90m[18m49s] [0m[90m|[0m time="2026-01-12T16:59:42Z" level=debug msg="cgroupv2 io stats: skipping over unmappable dios=0 entry"
[95m35  : [0m[90;2m┆ ┆ [0m[90m[18m52s] [0m[90m|[0m time="2026-01-12T16:59:45Z" level=debug msg="cgroupv2 io stats: skipping over unmappable dbytes=0 entry"
[95m35  : [0m[90;2m┆ ┆ [0m[90m[18m52s] [0m[90m|[0m time="2026-01-12T16:59:45Z" level=debug msg="cgroupv2 io stats: skipping over unmappable dios=0 entry"
[95m35  : [0m[90;2m┆ ┆ [0m[90m[18m52s] [0m[90m|[0m time="2026-01-12T16:59:45Z" level=debug msg="Kube-router network policy controller metrics tick"
[95m35  : [0m[90;2m┆ ┆ [0m[90m[18m55s] [0m[90m|[0m time="2026-01-12T16:59:48Z" level=debug msg="Kube-router network policy controller metrics tick"
[95m35  : [0m[90;2m┆ ┆ [0m[90m[18m58s] [0m[90m|[0m time="2026-01-12T16:59:51Z" level=debug msg="Kube-router network policy controller metrics tick"
[95m35  : [0m[90;2m┆ ┆ [0m[90m[19m1s] [0m[90m|[0m time="2026-01-12T16:59:54Z" level=debug msg="Kube-router network policy controller metrics tick"
[95m35  : [0m[90;2m┆ ┆ [0m[90m[19m2s] [0m[90m|[0m time="2026-01-12T16:59:55Z" level=debug msg="cgroupv2 io stats: skipping over unmappable dbytes=0 entry"
[95m35  : [0m[90;2m┆ ┆ [0m[90m[19m2s] [0m[90m|[0m time="2026-01-12T16:59:55Z" level=debug msg="cgroupv2 io stats: skipping over unmappable dios=0 entry"
[95m35  : [0m[90;2m┆ ┆ [0m[90m[19m3s] [0m[90m|[0m time="2026-01-12T16:59:56Z" level=debug msg="cgroupv2 io stats: skipping over unmappable dbytes=0 entry"
[95m35  : [0m[90;2m┆ ┆ [0m[90m[19m3s] [0m[90m|[0m time="2026-01-12T16:59:56Z" level=debug msg="cgroupv2 io stats: skipping over unmappable dios=0 entry"
[95m35  : [0m[90;2m┆ ┆ [0m[90m[19m4s] [0m[90m|[0m time="2026-01-12T16:59:57Z" level=debug msg="Kube-router network policy controller metrics tick"
[95m35  : [0m[90;2m┆ ┆ [0m[90m[19m7s] [0m[90m|[0m time="2026-01-12T17:00:00Z" level=debug msg="Kube-router network policy controller metrics tick"
[95m35  : [0m[90;2m┆ ┆ [0m[90m[19m10s] [0m[90m|[0m time="2026-01-12T17:00:03Z" level=debug msg="Kube-router network policy controller metrics tick"
[95m35  : [0m[90;2m┆ ┆ [0m[90m[19m12s] [0m[90m|[0m time="2026-01-12T17:00:05Z" level=debug msg="cgroupv2 io stats: skipping over unmappable dbytes=0 entry"
[95m35  : [0m[90;2m┆ ┆ [0m[90m[19m12s] [0m[90m|[0m time="2026-01-12T17:00:05Z" level=debug msg="cgroupv2 io stats: skipping over unmappable dios=0 entry"
[95m35  : [0m[90;2m┆ ┆ [0m[90m[19m13s] [0m[90m|[0m time="2026-01-12T17:00:06Z" level=debug msg="Kube-router network policy controller metrics tick"
[95m35  : [0m[90;2m┆ ┆ [0m[90m[19m16s] [0m[90m|[0m time="2026-01-12T17:00:09Z" level=debug msg="Kube-router network policy controller metrics tick"
[95m35  : [0m[90;2m┆ ┆ [0m[90m[19m17s] [0m[90m|[0m time="2026-01-12T17:00:11Z" level=debug msg="cgroupv2 io stats: skipping over unmappable dbytes=0 entry"
[95m35  : [0m[90;2m┆ ┆ [0m[90m[19m17s] [0m[90m|[0m time="2026-01-12T17:00:11Z" level=debug msg="cgroupv2 io stats: skipping over unmappable dios=0 entry"
[95m35  : [0m[90;2m┆ ┆ [0m[90m[19m19s] [0m[90m|[0m time="2026-01-12T17:00:12Z" level=debug msg="Kube-router network policy controller metrics tick"
[95m35  : [0m[90;2m┆ ┆ [0m[90m[19m22s] [0m[90m|[0m time="2026-01-12T17:00:15Z" level=debug msg="cgroupv2 io stats: skipping over unmappable dbytes=0 entry"
[95m35  : [0m[90;2m┆ ┆ [0m[90m[19m22s] [0m[90m|[0m time="2026-01-12T17:00:15Z" level=debug msg="cgroupv2 io stats: skipping over unmappable dios=0 entry"
[95m35  : [0m[90;2m┆ ┆ [0m[90m[19m22s] [0m[90m|[0m time="2026-01-12T17:00:15Z" level=debug msg="Kube-router network policy controller metrics tick"
[95m35  : [0m[90;2m┆ ┆ [0m[90m[19m25s] [0m[90m|[0m time="2026-01-12T17:00:18Z" level=debug msg="Kube-router network policy controller metrics tick"
[95m35  : [0m[90;2m┆ ┆ [0m[90m[19m28s] [0m[90m|[0m time="2026-01-12T17:00:21Z" level=debug msg="Kube-router network policy controller metrics tick"
[95m35  : [0m[90;2m┆ ┆ [0m[90m[19m31s] [0m[90m|[0m time="2026-01-12T17:00:24Z" level=debug msg="Kube-router network policy controller metrics tick"
[95m35  : [0m[90;2m┆ ┆ [0m[90m[19m32s] [0m[90m|[0m time="2026-01-12T17:00:25Z" level=debug msg="cgroupv2 io stats: skipping over unmappable dbytes=0 entry"
[95m35  : [0m[90;2m┆ ┆ [0m[90m[19m32s] [0m[90m|[0m time="2026-01-12T17:00:25Z" level=debug msg="cgroupv2 io stats: skipping over unmappable dios=0 entry"
[95m35  : [0m[90;2m┆ ┆ [0m[90m[19m32s] [0m[90m|[0m time="2026-01-12T17:00:26Z" level=debug msg="cgroupv2 io stats: skipping over unmappable dbytes=0 entry"
[95m35  : [0m[90;2m┆ ┆ [0m[90m[19m32s] [0m[90m|[0m time="2026-01-12T17:00:26Z" level=debug msg="cgroupv2 io stats: skipping over unmappable dios=0 entry"
[95m35  : [0m[90;2m┆ ┆ [0m[90m[19m34s] [0m[90m|[0m time="2026-01-12T17:00:27Z" level=debug msg="Kube-router network policy controller metrics tick"
[95m35  : [0m[90;2m┆ ┆ [0m[90m[19m37s] [0m[90m|[0m time="2026-01-12T17:00:30Z" level=debug msg="Kube-router network policy controller metrics tick"
[95m35  : [0m[90;2m┆ ┆ [0m[90m[19m40s] [0m[90m|[0m time="2026-01-12T17:00:33Z" level=debug msg="Kube-router network policy controller metrics tick"
[95m35  : [0m[90;2m┆ ┆ [0m[90m[19m42s] [0m[90m|[0m time="2026-01-12T17:00:35Z" level=debug msg="cgroupv2 io stats: skipping over unmappable dbytes=0 entry"
[95m35  : [0m[90;2m┆ ┆ [0m[90m[19m42s] [0m[90m|[0m time="2026-01-12T17:00:35Z" level=debug msg="cgroupv2 io stats: skipping over unmappable dios=0 entry"
[95m35  : [0m[90;2m┆ ┆ [0m[90m[19m43s] [0m[90m|[0m time="2026-01-12T17:00:36Z" level=debug msg="Kube-router network policy controller metrics tick"
[95m35  : [0m[90;2m┆ ┆ [0m[90m[19m46s] [0m[90m|[0m time="2026-01-12T17:00:39Z" level=debug msg="Kube-router network policy controller metrics tick"
[95m35  : [0m[90;2m┆ ┆ [0m[90m[19m49s] [0m[90m|[0m time="2026-01-12T17:00:42Z" level=debug msg="Kube-router network policy controller metrics tick"
[95m35  : [0m[90;2m┆ ┆ [0m[90m[19m51s] [0m[90m|[0m time="2026-01-12T17:00:45Z" level=debug msg="cgroupv2 io stats: skipping over unmappable dbytes=0 entry"
[95m35  : [0m[90;2m┆ ┆ [0m[90m[19m51s] [0m[90m|[0m time="2026-01-12T17:00:45Z" level=debug msg="cgroupv2 io stats: skipping over unmappable dios=0 entry"
[95m35  : [0m[90;2m┆ ┆ [0m[90m[19m52s] [0m[90m|[0m time="2026-01-12T17:00:45Z" level=debug msg="cgroupv2 io stats: skipping over unmappable dbytes=0 entry"
[95m35  : [0m[90;2m┆ ┆ [0m[90m[19m52s] [0m[90m|[0m time="2026-01-12T17:00:45Z" level=debug msg="cgroupv2 io stats: skipping over unmappable dios=0 entry"
[95m35  : [0m[90;2m┆ ┆ [0m[90m[19m52s] [0m[90m|[0m time="2026-01-12T17:00:45Z" level=debug msg="Kube-router network policy controller metrics tick"
[95m35  : [0m[90;2m┆ ┆ [0m[90m[19m55s] [0m[90m|[0m time="2026-01-12T17:00:48Z" level=debug msg="Kube-router network policy controller metrics tick"
[95m35  : [0m[90;2m┆ ┆ [0m[90m[19m58s] [0m[90m|[0m time="2026-01-12T17:00:51Z" level=debug msg="Kube-router network policy controller metrics tick"
[95m35  : [0m[90;2m┆ ┆ [0m[90m[20m1s] [0m[90m|[0m time="2026-01-12T17:00:54Z" level=debug msg="Kube-router network policy controller metrics tick"
[95m35  : [0m[90;2m┆ ┆ [0m[90m[20m2s] [0m[90m|[0m time="2026-01-12T17:00:55Z" level=debug msg="cgroupv2 io stats: skipping over unmappable dbytes=0 entry"
[95m35  : [0m[90;2m┆ ┆ [0m[90m[20m2s] [0m[90m|[0m time="2026-01-12T17:00:55Z" level=debug msg="cgroupv2 io stats: skipping over unmappable dios=0 entry"
[95m35  : [0m[90;2m┆ ┆ [0m[90m[20m2s] [0m[90m|[0m time="2026-01-12T17:00:55Z" level=debug msg="cgroupv2 io stats: skipping over unmappable dbytes=0 entry"
[95m35  : [0m[90;2m┆ ┆ [0m[90m[20m2s] [0m[90m|[0m time="2026-01-12T17:00:55Z" level=debug msg="cgroupv2 io stats: skipping over unmappable dios=0 entry"
[95m35  : [0m[90;2m┆ ┆ [0m[90m[20m4s] [0m[90m|[0m time="2026-01-12T17:00:57Z" level=debug msg="Kube-router network policy controller metrics tick"
[95m35  : [0m[90;2m┆ ┆ [0m[90m[20m7s] [0m[90m|[0m time="2026-01-12T17:01:00Z" level=debug msg="Kube-router network policy controller metrics tick"
[95m35  : [0m[90;2m┆ ┆ [0m[90m[20m8s] [0m[90m|[0m I0112 17:01:01.763332      14 cidrallocator.go:277] updated ClusterIP allocator for Service CIDR 10.43.0.0/16
[95m35  : [0m[90;2m┆ ┆ [0m[90m[20m10s] [0m[90m|[0m time="2026-01-12T17:01:03Z" level=debug msg="Kube-router network policy controller metrics tick"
[95m35  : [0m[90;2m┆ ┆ [0m[90m[20m10s] [0m[90m|[0m W0112 17:01:04.457172      14 info.go:53] Couldn't collect info from any of the files in "/etc/machine-id,/var/lib/dbus/machine-id"
[95m35  : [0m[90;2m┆ ┆ [0m[90m[20m12s] [0m[90m|[0m time="2026-01-12T17:01:05Z" level=debug msg="cgroupv2 io stats: skipping over unmappable dbytes=0 entry"
[95m35  : [0m[90;2m┆ ┆ [0m[90m[20m12s] [0m[90m|[0m time="2026-01-12T17:01:05Z" level=debug msg="cgroupv2 io stats: skipping over unmappable dios=0 entry"
[95m35  : [0m[90;2m┆ ┆ [0m[90m[20m13s] [0m[90m|[0m time="2026-01-12T17:01:06Z" level=debug msg="Kube-router network policy controller metrics tick"
[95m35  : [0m[90;2m┆ ┆ [0m[90m[20m14s] [0m[90m|[0m time="2026-01-12T17:01:07Z" level=debug msg="cgroupv2 io stats: skipping over unmappable dbytes=0 entry"
[95m35  : [0m[90;2m┆ ┆ [0m[90m[20m14s] [0m[90m|[0m time="2026-01-12T17:01:07Z" level=debug msg="cgroupv2 io stats: skipping over unmappable dios=0 entry"
[95m35  : [0m[90;2m┆ ┆ [0m[90m[20m16s] [0m[90m|[0m time="2026-01-12T17:01:09Z" level=debug msg="Kube-router network policy controller metrics tick"
[95m35  : [0m[90;2m┆ ┆ [0m[90m[20m19s] [0m[90m|[0m time="2026-01-12T17:01:12Z" level=debug msg="Kube-router network policy controller metrics tick"
[95m35  : [0m[90;2m┆ ┆ [0m[90m[20m22s] [0m[90m|[0m time="2026-01-12T17:01:15Z" level=debug msg="cgroupv2 io stats: skipping over unmappable dbytes=0 entry"
[95m35  : [0m[90;2m┆ ┆ [0m[90m[20m22s] [0m[90m|[0m time="2026-01-12T17:01:15Z" level=debug msg="cgroupv2 io stats: skipping over unmappable dios=0 entry"
[95m35  : [0m[90;2m┆ ┆ [0m[90m[20m22s] [0m[90m|[0m time="2026-01-12T17:01:15Z" level=debug msg="Kube-router network policy controller metrics tick"
[95m35  : [0m[90;2m┆ ┆ [0m[90m[20m25s] [0m[90m|[0m time="2026-01-12T17:01:18Z" level=debug msg="Kube-router network policy controller metrics tick"
[95m35  : [0m[90;2m┆ ┆ [0m[90m[20m28s] [0m[90m|[0m time="2026-01-12T17:01:21Z" level=debug msg="Kube-router network policy controller metrics tick"
[95m35  : [0m[90;2m┆ ┆ [0m[90m[20m31s] [0m[90m|[0m time="2026-01-12T17:01:24Z" level=debug msg="Kube-router network policy controller metrics tick"
[95m35  : [0m[90;2m┆ ┆ [0m[90m[20m32s] [0m[90m|[0m time="2026-01-12T17:01:25Z" level=debug msg="cgroupv2 io stats: skipping over unmappable dbytes=0 entry"
[95m35  : [0m[90;2m┆ ┆ [0m[90m[20m32s] [0m[90m|[0m time="2026-01-12T17:01:25Z" level=debug msg="cgroupv2 io stats: skipping over unmappable dios=0 entry"
[95m35  : [0m[90;2m┆ ┆ [0m[90m[20m33s] [0m[90m|[0m time="2026-01-12T17:01:27Z" level=debug msg="cgroupv2 io stats: skipping over unmappable dbytes=0 entry"
[95m35  : [0m[90;2m┆ ┆ [0m[90m[20m33s] [0m[90m|[0m time="2026-01-12T17:01:27Z" level=debug msg="cgroupv2 io stats: skipping over unmappable dios=0 entry"
[95m35  : [0m[90;2m┆ ┆ [0m[90m[20m34s] [0m[90m|[0m time="2026-01-12T17:01:27Z" level=debug msg="Kube-router network policy controller metrics tick"
[95m35  : [0m[90;2m┆ ┆ [0m[90m[20m37s] [0m[90m|[0m time="2026-01-12T17:01:30Z" level=debug msg="Kube-router network policy controller metrics tick"
[95m35  : [0m[90;2m┆ ┆ [0m[90m[20m40s] [0m[90m|[0m time="2026-01-12T17:01:33Z" level=debug msg="Kube-router network policy controller metrics tick"
[95m35  : [0m[90;2m┆ ┆ [0m[90m[20m42s] [0m[90m|[0m time="2026-01-12T17:01:35Z" level=debug msg="cgroupv2 io stats: skipping over unmappable dbytes=0 entry"
[95m35  : [0m[90;2m┆ ┆ [0m[90m[20m42s] [0m[90m|[0m time="2026-01-12T17:01:35Z" level=debug msg="cgroupv2 io stats: skipping over unmappable dios=0 entry"
[95m35  : [0m[90;2m┆ ┆ [0m[90m[20m43s] [0m[90m|[0m time="2026-01-12T17:01:36Z" level=debug msg="Kube-router network policy controller metrics tick"
[95m35  : [0m[90;2m┆ ┆ [0m[90m[20m45s] [0m[90m|[0m time="2026-01-12T17:01:38Z" level=debug msg="cgroupv2 io stats: skipping over unmappable dbytes=0 entry"
[95m35  : [0m[90;2m┆ ┆ [0m[90m[20m45s] [0m[90m|[0m time="2026-01-12T17:01:38Z" level=debug msg="cgroupv2 io stats: skipping over unmappable dios=0 entry"
[95m35  : [0m[90;2m┆ ┆ [0m[90m[20m46s] [0m[90m|[0m time="2026-01-12T17:01:39Z" level=debug msg="Kube-router network policy controller metrics tick"
[95m35  : [0m[90;2m┆ ┆ [0m[90m[20m49s] [0m[90m|[0m time="2026-01-12T17:01:42Z" level=debug msg="Kube-router network policy controller metrics tick"
[95m35  : [0m[90;2m┆ ┆ [0m[90m[20m52s] [0m[90m|[0m time="2026-01-12T17:01:45Z" level=debug msg="Kube-router network policy controller metrics tick"
[95m35  : [0m[90;2m┆ ┆ [0m[90m[20m52s] [0m[90m|[0m time="2026-01-12T17:01:45Z" level=debug msg="cgroupv2 io stats: skipping over unmappable dbytes=0 entry"
[95m35  : [0m[90;2m┆ ┆ [0m[90m[20m52s] [0m[90m|[0m time="2026-01-12T17:01:45Z" level=debug msg="cgroupv2 io stats: skipping over unmappable dios=0 entry"
[95m35  : [0m[90;2m┆ ┆ [0m[90m[20m55s] [0m[90m|[0m time="2026-01-12T17:01:48Z" level=debug msg="Kube-router network policy controller metrics tick"
[95m35  : [0m[90;2m┆ ┆ [0m[90m[20m58s] [0m[90m|[0m time="2026-01-12T17:01:51Z" level=debug msg="Kube-router network policy controller metrics tick"
[95m35  : [0m[90;2m┆ ┆ [0m[90m[20m58s] [0m[90m|[0m time="2026-01-12T17:01:52Z" level=debug msg="cgroupv2 io stats: skipping over unmappable dbytes=0 entry"
[95m35  : [0m[90;2m┆ ┆ [0m[90m[20m58s] [0m[90m|[0m time="2026-01-12T17:01:52Z" level=debug msg="cgroupv2 io stats: skipping over unmappable dios=0 entry"
[95m35  : [0m[90;2m┆ ┆ [0m[90m[21m1s] [0m[90m|[0m time="2026-01-12T17:01:54Z" level=debug msg="Kube-router network policy controller metrics tick"
[95m35  : [0m[90;2m┆ ┆ [0m[90m[21m2s] [0m[90m|[0m time="2026-01-12T17:01:55Z" level=debug msg="cgroupv2 io stats: skipping over unmappable dbytes=0 entry"
[95m35  : [0m[90;2m┆ ┆ [0m[90m[21m2s] [0m[90m|[0m time="2026-01-12T17:01:55Z" level=debug msg="cgroupv2 io stats: skipping over unmappable dios=0 entry"
[95m35  : [0m[90;2m┆ ┆ [0m[90m[21m4s] [0m[90m|[0m time="2026-01-12T17:01:57Z" level=debug msg="Kube-router network policy controller metrics tick"
[95m35  : [0m[90;2m┆ ┆ [0m[90m[21m7s] [0m[90m|[0m time="2026-01-12T17:02:00Z" level=debug msg="Kube-router network policy controller metrics tick"
[95m35  : [0m[90;2m┆ ┆ [0m[90m[21m9s] [0m[90m|[0m time="2026-01-12T17:02:03Z" level=debug msg="cgroupv2 io stats: skipping over unmappable dbytes=0 entry"
[95m35  : [0m[90;2m┆ ┆ [0m[90m[21m9s] [0m[90m|[0m time="2026-01-12T17:02:03Z" level=debug msg="cgroupv2 io stats: skipping over unmappable dios=0 entry"
[95m35  : [0m[90;2m┆ ┆ [0m[90m[21m10s] [0m[90m|[0m time="2026-01-12T17:02:03Z" level=debug msg="Kube-router network policy controller metrics tick"
[95m35  : [0m[90;2m┆ ┆ [0m[90m[21m12s] [0m[90m|[0m time="2026-01-12T17:02:05Z" level=debug msg="cgroupv2 io stats: skipping over unmappable dbytes=0 entry"
[95m35  : [0m[90;2m┆ ┆ [0m[90m[21m12s] [0m[90m|[0m time="2026-01-12T17:02:05Z" level=debug msg="cgroupv2 io stats: skipping over unmappable dios=0 entry"
[95m35  : [0m[90;2m┆ ┆ [0m[90m[21m13s] [0m[90m|[0m time="2026-01-12T17:02:06Z" level=debug msg="Kube-router network policy controller metrics tick"
[95m35  : [0m[90;2m┆ ┆ [0m[90m[21m16s] [0m[90m|[0m time="2026-01-12T17:02:09Z" level=debug msg="Kube-router network policy controller metrics tick"
[95m35  : [0m[90;2m┆ ┆ [0m[90m[21m19s] [0m[90m|[0m time="2026-01-12T17:02:12Z" level=debug msg="Kube-router network policy controller metrics tick"
[95m35  : [0m[90;2m┆ ┆ [0m[90m[21m22s] [0m[90m|[0m time="2026-01-12T17:02:15Z" level=debug msg="Kube-router network policy controller metrics tick"
[95m35  : [0m[90;2m┆ ┆ [0m[90m[21m22s] [0m[90m|[0m time="2026-01-12T17:02:15Z" level=debug msg="cgroupv2 io stats: skipping over unmappable dbytes=0 entry"
[95m35  : [0m[90;2m┆ ┆ [0m[90m[21m22s] [0m[90m|[0m time="2026-01-12T17:02:15Z" level=debug msg="cgroupv2 io stats: skipping over unmappable dios=0 entry"
[95m35  : [0m[90;2m┆ ┆ [0m[90m[21m23s] [0m[90m|[0m time="2026-01-12T17:02:16Z" level=debug msg="cgroupv2 io stats: skipping over unmappable dbytes=0 entry"
[95m35  : [0m[90;2m┆ ┆ [0m[90m[21m23s] [0m[90m|[0m time="2026-01-12T17:02:16Z" level=debug msg="cgroupv2 io stats: skipping over unmappable dios=0 entry"
[95m35  : [0m[90;2m┆ ┆ [0m[90m[21m25s] [0m[90m|[0m time="2026-01-12T17:02:18Z" level=debug msg="Kube-router network policy controller metrics tick"
[95m35  : [0m[90;2m┆ ┆ [0m[90m[21m28s] [0m[90m|[0m time="2026-01-12T17:02:21Z" level=debug msg="Kube-router network policy controller metrics tick"
[95m35  : [0m[90;2m┆ ┆ [0m[90m[21m31s] [0m[90m|[0m time="2026-01-12T17:02:24Z" level=debug msg="Kube-router network policy controller metrics tick"
[95m35  : [0m[90;2m┆ ┆ [0m[90m[21m32s] [0m[90m|[0m time="2026-01-12T17:02:25Z" level=debug msg="cgroupv2 io stats: skipping over unmappable dbytes=0 entry"
[95m35  : [0m[90;2m┆ ┆ [0m[90m[21m32s] [0m[90m|[0m time="2026-01-12T17:02:25Z" level=debug msg="cgroupv2 io stats: skipping over unmappable dios=0 entry"
[95m35  : [0m[90;2m┆ ┆ [0m[90m[21m33s] [0m[90m|[0m time="2026-01-12T17:02:27Z" level=debug msg="cgroupv2 io stats: skipping over unmappable dbytes=0 entry"
[95m35  : [0m[90;2m┆ ┆ [0m[90m[21m33s] [0m[90m|[0m time="2026-01-12T17:02:27Z" level=debug msg="cgroupv2 io stats: skipping over unmappable dios=0 entry"
[95m35  : [0m[90;2m┆ ┆ [0m[90m[21m34s] [0m[90m|[0m time="2026-01-12T17:02:27Z" level=debug msg="Kube-router network policy controller metrics tick"
[95m35  : [0m[90;2m┆ ┆ [0m[90m[21m37s] [0m[90m|[0m time="2026-01-12T17:02:30Z" level=debug msg="Kube-router network policy controller metrics tick"
[95m35  : [0m[90;2m┆ ┆ [0m[90m[21m40s] [0m[90m|[0m time="2026-01-12T17:02:33Z" level=debug msg="Kube-router network policy controller metrics tick"
[95m35  : [0m[90;2m┆ ┆ [0m[90m[21m42s] [0m[90m|[0m time="2026-01-12T17:02:35Z" level=debug msg="cgroupv2 io stats: skipping over unmappable dbytes=0 entry"
[95m35  : [0m[90;2m┆ ┆ [0m[90m[21m42s] [0m[90m|[0m time="2026-01-12T17:02:35Z" level=debug msg="cgroupv2 io stats: skipping over unmappable dios=0 entry"
[95m35  : [0m[90;2m┆ ┆ [0m[90m[21m43s] [0m[90m|[0m time="2026-01-12T17:02:36Z" level=debug msg="Kube-router network policy controller metrics tick"
[95m35  : [0m[90;2m┆ ┆ [0m[90m[21m46s] [0m[90m|[0m time="2026-01-12T17:02:39Z" level=debug msg="Kube-router network policy controller metrics tick"
[95m35  : [0m[90;2m┆ ┆ [0m[90m[21m49s] [0m[90m|[0m time="2026-01-12T17:02:42Z" level=debug msg="cgroupv2 io stats: skipping over unmappable dbytes=0 entry"
[95m35  : [0m[90;2m┆ ┆ [0m[90m[21m49s] [0m[90m|[0m time="2026-01-12T17:02:42Z" level=debug msg="cgroupv2 io stats: skipping over unmappable dios=0 entry"
[95m35  : [0m[90;2m┆ ┆ [0m[90m[21m49s] [0m[90m|[0m time="2026-01-12T17:02:42Z" level=debug msg="Kube-router network policy controller metrics tick"
[95m35  : [0m[90;2m┆ ┆ [0m[90m[21m52s] [0m[90m|[0m time="2026-01-12T17:02:45Z" level=debug msg="Kube-router network policy controller metrics tick"
[95m35  : [0m[90;2m┆ ┆ [0m[90m[21m52s] [0m[90m|[0m time="2026-01-12T17:02:45Z" level=debug msg="cgroupv2 io stats: skipping over unmappable dbytes=0 entry"
[95m35  : [0m[90;2m┆ ┆ [0m[90m[21m52s] [0m[90m|[0m time="2026-01-12T17:02:45Z" level=debug msg="cgroupv2 io stats: skipping over unmappable dios=0 entry"
[95m35  : [0m[90;2m┆ ┆ [0m[90m[21m55s] [0m[90m|[0m time="2026-01-12T17:02:48Z" level=debug msg="Kube-router network policy controller metrics tick"
[95m35  : [0m[90;2m┆ ┆ [0m[90m[21m58s] [0m[90m|[0m time="2026-01-12T17:02:51Z" level=debug msg="Kube-router network policy controller metrics tick"
[95m35  : [0m[90;2m┆ ┆ [0m[90m[22m1s] [0m[90m|[0m time="2026-01-12T17:02:54Z" level=debug msg="Kube-router network policy controller metrics tick"
[95m35  : [0m[90;2m┆ ┆ [0m[90m[22m2s] [0m[90m|[0m time="2026-01-12T17:02:55Z" level=debug msg="cgroupv2 io stats: skipping over unmappable dbytes=0 entry"
[95m35  : [0m[90;2m┆ ┆ [0m[90m[22m2s] [0m[90m|[0m time="2026-01-12T17:02:55Z" level=debug msg="cgroupv2 io stats: skipping over unmappable dios=0 entry"
[95m35  : [0m[90;2m┆ ┆ [0m[90m[22m3s] [0m[90m|[0m time="2026-01-12T17:02:57Z" level=debug msg="cgroupv2 io stats: skipping over unmappable dbytes=0 entry"
[95m35  : [0m[90;2m┆ ┆ [0m[90m[22m3s] [0m[90m|[0m time="2026-01-12T17:02:57Z" level=debug msg="cgroupv2 io stats: skipping over unmappable dios=0 entry"
[95m35  : [0m[90;2m┆ ┆ [0m[90m[22m4s] [0m[90m|[0m time="2026-01-12T17:02:57Z" level=debug msg="Kube-router network policy controller metrics tick"
[95m35  : [0m[90;2m┆ ┆ [0m[90m[22m7s] [0m[90m|[0m time="2026-01-12T17:03:00Z" level=debug msg="Kube-router network policy controller metrics tick"
[95m35  : [0m[90;2m┆ ┆ [0m[90m[22m10s] [0m[90m|[0m time="2026-01-12T17:03:03Z" level=debug msg="Kube-router network policy controller metrics tick"
[95m35  : [0m[90;2m┆ ┆ [0m[90m[22m12s] [0m[90m|[0m time="2026-01-12T17:03:06Z" level=debug msg="cgroupv2 io stats: skipping over unmappable dbytes=0 entry"
[95m35  : [0m[90;2m┆ ┆ [0m[90m[22m12s] [0m[90m|[0m time="2026-01-12T17:03:06Z" level=debug msg="cgroupv2 io stats: skipping over unmappable dios=0 entry"
[95m35  : [0m[90;2m┆ ┆ [0m[90m[22m13s] [0m[90m|[0m time="2026-01-12T17:03:06Z" level=debug msg="Kube-router network policy controller metrics tick"
[95m35  : [0m[90;2m┆ ┆ [0m[90m[22m16s] [0m[90m|[0m time="2026-01-12T17:03:09Z" level=debug msg="Kube-router network policy controller metrics tick"
[95m35  : [0m[90;2m┆ ┆ [0m[90m[22m19s] [0m[90m|[0m time="2026-01-12T17:03:12Z" level=debug msg="Kube-router network policy controller metrics tick"
[95m35  : [0m[90;2m┆ ┆ [0m[90m[22m19s] [0m[90m|[0m time="2026-01-12T17:03:12Z" level=debug msg="cgroupv2 io stats: skipping over unmappable dbytes=0 entry"
[95m35  : [0m[90;2m┆ ┆ [0m[90m[22m19s] [0m[90m|[0m time="2026-01-12T17:03:12Z" level=debug msg="cgroupv2 io stats: skipping over unmappable dios=0 entry"
[95m35  : [0m[90;2m┆ ┆ [0m[90m[22m22s] [0m[90m|[0m time="2026-01-12T17:03:15Z" level=debug msg="Kube-router network policy controller metrics tick"
[95m35  : [0m[90;2m┆ ┆ [0m[90m[22m22s] [0m[90m|[0m time="2026-01-12T17:03:16Z" level=debug msg="cgroupv2 io stats: skipping over unmappable dbytes=0 entry"
[95m35  : [0m[90;2m┆ ┆ [0m[90m[22m22s] [0m[90m|[0m time="2026-01-12T17:03:16Z" level=debug msg="cgroupv2 io stats: skipping over unmappable dios=0 entry"
[95m35  : [0m[90;2m┆ ┆ [0m[90m[22m25s] [0m[90m|[0m time="2026-01-12T17:03:18Z" level=debug msg="Kube-router network policy controller metrics tick"
[95m35  : [0m[90;2m┆ ┆ [0m[90m[22m28s] [0m[90m|[0m time="2026-01-12T17:03:21Z" level=debug msg="Kube-router network policy controller metrics tick"
[95m35  : [0m[90;2m┆ ┆ [0m[90m[22m31s] [0m[90m|[0m time="2026-01-12T17:03:24Z" level=debug msg="Kube-router network policy controller metrics tick"
[95m35  : [0m[90;2m┆ ┆ [0m[90m[22m32s] [0m[90m|[0m time="2026-01-12T17:03:26Z" level=debug msg="cgroupv2 io stats: skipping over unmappable dbytes=0 entry"
[95m35  : [0m[90;2m┆ ┆ [0m[90m[22m32s] [0m[90m|[0m time="2026-01-12T17:03:26Z" level=debug msg="cgroupv2 io stats: skipping over unmappable dios=0 entry"
[95m35  : [0m[90;2m┆ ┆ [0m[90m[22m33s] [0m[90m|[0m time="2026-01-12T17:03:27Z" level=debug msg="cgroupv2 io stats: skipping over unmappable dbytes=0 entry"
[95m35  : [0m[90;2m┆ ┆ [0m[90m[22m33s] [0m[90m|[0m time="2026-01-12T17:03:27Z" level=debug msg="cgroupv2 io stats: skipping over unmappable dios=0 entry"
[95m35  : [0m[90;2m┆ ┆ [0m[90m[22m34s] [0m[90m|[0m time="2026-01-12T17:03:27Z" level=debug msg="Kube-router network policy controller metrics tick"
[95m35  : [0m[90;2m┆ ┆ [0m[90m[22m37s] [0m[90m|[0m time="2026-01-12T17:03:30Z" level=debug msg="Kube-router network policy controller metrics tick"
[95m35  : [0m[90;2m┆ ┆ [0m[90m[22m40s] [0m[90m|[0m time="2026-01-12T17:03:33Z" level=debug msg="Kube-router network policy controller metrics tick"
[95m35  : [0m[90;2m┆ ┆ [0m[90m[22m42s] [0m[90m|[0m time="2026-01-12T17:03:36Z" level=debug msg="cgroupv2 io stats: skipping over unmappable dbytes=0 entry"
[95m35  : [0m[90;2m┆ ┆ [0m[90m[22m42s] [0m[90m|[0m time="2026-01-12T17:03:36Z" level=debug msg="cgroupv2 io stats: skipping over unmappable dios=0 entry"
[95m35  : [0m[90;2m┆ ┆ [0m[90m[22m43s] [0m[90m|[0m time="2026-01-12T17:03:36Z" level=debug msg="Kube-router network policy controller metrics tick"
[95m35  : [0m[90;2m┆ ┆ [0m[90m[22m46s] [0m[90m|[0m time="2026-01-12T17:03:39Z" level=debug msg="Kube-router network policy controller metrics tick"
[95m35  : [0m[90;2m┆ ┆ [0m[90m[22m46s] [0m[90m|[0m time="2026-01-12T17:03:40Z" level=debug msg="cgroupv2 io stats: skipping over unmappable dbytes=0 entry"
[95m35  : [0m[90;2m┆ ┆ [0m[90m[22m46s] [0m[90m|[0m time="2026-01-12T17:03:40Z" level=debug msg="cgroupv2 io stats: skipping over unmappable dios=0 entry"
[95m35  : [0m[90;2m┆ ┆ [0m[90m[22m49s] [0m[90m|[0m time="2026-01-12T17:03:42Z" level=debug msg="Kube-router network policy controller metrics tick"
[95m35  : [0m[90;2m┆ ┆ [0m[90m[22m52s] [0m[90m|[0m time="2026-01-12T17:03:45Z" level=debug msg="Kube-router network policy controller metrics tick"
[95m35  : [0m[90;2m┆ ┆ [0m[90m[22m52s] [0m[90m|[0m time="2026-01-12T17:03:46Z" level=debug msg="cgroupv2 io stats: skipping over unmappable dbytes=0 entry"
[95m35  : [0m[90;2m┆ ┆ [0m[90m[22m52s] [0m[90m|[0m time="2026-01-12T17:03:46Z" level=debug msg="cgroupv2 io stats: skipping over unmappable dios=0 entry"
[95m35  : [0m[90;2m┆ ┆ [0m[90m[22m55s] [0m[90m|[0m time="2026-01-12T17:03:48Z" level=debug msg="Kube-router network policy controller metrics tick"
[95m35  : [0m[90;2m┆ ┆ [0m[90m[22m58s] [0m[90m|[0m time="2026-01-12T17:03:51Z" level=debug msg="Kube-router network policy controller metrics tick"
[95m35  : [0m[90;2m┆ ┆ [0m[90m[23m1s] [0m[90m|[0m time="2026-01-12T17:03:54Z" level=debug msg="Kube-router network policy controller metrics tick"
[95m35  : [0m[90;2m┆ ┆ [0m[90m[23m2s] [0m[90m|[0m time="2026-01-12T17:03:56Z" level=debug msg="cgroupv2 io stats: skipping over unmappable dbytes=0 entry"
[95m35  : [0m[90;2m┆ ┆ [0m[90m[23m2s] [0m[90m|[0m time="2026-01-12T17:03:56Z" level=debug msg="cgroupv2 io stats: skipping over unmappable dios=0 entry"
[95m35  : [0m[90;2m┆ ┆ [0m[90m[23m3s] [0m[90m|[0m time="2026-01-12T17:03:56Z" level=debug msg="cgroupv2 io stats: skipping over unmappable dbytes=0 entry"
[95m35  : [0m[90;2m┆ ┆ [0m[90m[23m3s] [0m[90m|[0m time="2026-01-12T17:03:56Z" level=debug msg="cgroupv2 io stats: skipping over unmappable dios=0 entry"
[95m35  : [0m[90;2m┆ ┆ [0m[90m[23m4s] [0m[90m|[0m time="2026-01-12T17:03:57Z" level=debug msg="Kube-router network policy controller metrics tick"
[95m35  : [0m[90;2m┆ ┆ [0m[90m[23m7s] [0m[90m|[0m time="2026-01-12T17:04:00Z" level=debug msg="Kube-router network policy controller metrics tick"
[95m35  : [0m[90;2m┆ ┆ [0m[90m[23m10s] [0m[90m|[0m time="2026-01-12T17:04:03Z" level=debug msg="Kube-router network policy controller metrics tick"
[95m35  : [0m[90;2m┆ ┆ [0m[90m[23m12s] [0m[90m|[0m time="2026-01-12T17:04:06Z" level=debug msg="cgroupv2 io stats: skipping over unmappable dbytes=0 entry"
[95m35  : [0m[90;2m┆ ┆ [0m[90m[23m12s] [0m[90m|[0m time="2026-01-12T17:04:06Z" level=debug msg="cgroupv2 io stats: skipping over unmappable dios=0 entry"
[95m35  : [0m[90;2m┆ ┆ [0m[90m[23m13s] [0m[90m|[0m time="2026-01-12T17:04:06Z" level=debug msg="Kube-router network policy controller metrics tick"
[95m35  : [0m[90;2m┆ ┆ [0m[90m[23m16s] [0m[90m|[0m time="2026-01-12T17:04:09Z" level=debug msg="Kube-router network policy controller metrics tick"
[95m35  : [0m[90;2m┆ ┆ [0m[90m[23m18s] [0m[90m|[0m time="2026-01-12T17:04:12Z" level=debug msg="cgroupv2 io stats: skipping over unmappable dbytes=0 entry"
[95m35  : [0m[90;2m┆ ┆ [0m[90m[23m18s] [0m[90m|[0m time="2026-01-12T17:04:12Z" level=debug msg="cgroupv2 io stats: skipping over unmappable dios=0 entry"
[95m35  : [0m[90;2m┆ ┆ [0m[90m[23m19s] [0m[90m|[0m time="2026-01-12T17:04:12Z" level=debug msg="Kube-router network policy controller metrics tick"
[95m35  : [0m[90;2m┆ ┆ [0m[90m[23m22s] [0m[90m|[0m time="2026-01-12T17:04:15Z" level=debug msg="Kube-router network policy controller metrics tick"
[95m35  : [0m[90;2m┆ ┆ [0m[90m[23m22s] [0m[90m|[0m time="2026-01-12T17:04:16Z" level=debug msg="cgroupv2 io stats: skipping over unmappable dbytes=0 entry"
[95m35  : [0m[90;2m┆ ┆ [0m[90m[23m22s] [0m[90m|[0m time="2026-01-12T17:04:16Z" level=debug msg="cgroupv2 io stats: skipping over unmappable dios=0 entry"
[95m35  : [0m[90;2m┆ ┆ [0m[90m[26m36s] [0m[90m|[0m time="2026-01-12T17:07:30Z" level=debug msg="Kube-router network policy controller metrics tick"
[95m35  : [0m[90;2m┆ ┆ [0m[90m[26m39s] [0m[90m|[0m time="2026-01-12T17:07:33Z" level=debug msg="Kube-router network policy controller metrics tick"
[95m35  : [0m[90;2m┆ ┆ [0m[90m[26m42s] [0m[90m|[0m time="2026-01-12T17:07:36Z" level=debug msg="Kube-router network policy controller metrics tick"
[95m35  : [0m[90;2m┆ ┆ [0m[90m[26m44s] [0m[90m|[0m time="2026-01-12T17:07:37Z" level=debug msg="cgroupv2 io stats: skipping over unmappable dbytes=0 entry"
[95m35  : [0m[90;2m┆ ┆ [0m[90m[26m44s] [0m[90m|[0m time="2026-01-12T17:07:37Z" level=debug msg="cgroupv2 io stats: skipping over unmappable dios=0 entry"
[95m35  : [0m[90;2m┆ ┆ [0m[90m[26m45s] [0m[90m|[0m time="2026-01-12T17:07:38Z" level=debug msg="cgroupv2 io stats: skipping over unmappable dbytes=0 entry"
[95m35  : [0m[90;2m┆ ┆ [0m[90m[26m45s] [0m[90m|[0m time="2026-01-12T17:07:38Z" level=debug msg="cgroupv2 io stats: skipping over unmappable dios=0 entry"
[95m35  : [0m[90;2m┆ ┆ [0m[90m[26m45s] [0m[90m|[0m time="2026-01-12T17:07:39Z" level=debug msg="Kube-router network policy controller metrics tick"
[95m35  : [0m[90;2m┆ ┆ [0m[90m[26m48s] [0m[90m|[0m time="2026-01-12T17:07:42Z" level=debug msg="Kube-router network policy controller metrics tick"
[95m35  : [0m[90;2m┆ ┆ [0m[90m[26m51s] [0m[90m|[0m time="2026-01-12T17:07:45Z" level=debug msg="Kube-router network policy controller metrics tick"
[95m35  : [0m[90;2m┆ ┆ [0m[90m[26m54s] [0m[90m|[0m time="2026-01-12T17:07:47Z" level=debug msg="cgroupv2 io stats: skipping over unmappable dbytes=0 entry"
[95m35  : [0m[90;2m┆ ┆ [0m[90m[26m54s] [0m[90m|[0m time="2026-01-12T17:07:47Z" level=debug msg="cgroupv2 io stats: skipping over unmappable dios=0 entry"
[95m35  : [0m[90;2m┆ ┆ [0m[90m[26m54s] [0m[90m|[0m time="2026-01-12T17:07:48Z" level=debug msg="Kube-router network policy controller metrics tick"
[95m35  : [0m[90;2m┆ ┆ [0m[90m[26m57s] [0m[90m|[0m time="2026-01-12T17:07:51Z" level=debug msg="Kube-router network policy controller metrics tick"
[95m35  : [0m[90;2m┆ ┆ [0m[90m[27m0s] [0m[90m|[0m time="2026-01-12T17:07:54Z" level=debug msg="Kube-router network policy controller metrics tick"
[95m35  : [0m[90;2m┆ ┆ [0m[90m[27m3s] [0m[90m|[0m time="2026-01-12T17:07:56Z" level=debug msg="cgroupv2 io stats: skipping over unmappable dbytes=0 entry"
[95m35  : [0m[90;2m┆ ┆ [0m[90m[27m3s] [0m[90m|[0m time="2026-01-12T17:07:56Z" level=debug msg="cgroupv2 io stats: skipping over unmappable dios=0 entry"
[95m35  : [0m[90;2m┆ ┆ [0m[90m[27m3s] [0m[90m|[0m time="2026-01-12T17:07:57Z" level=debug msg="Kube-router network policy controller metrics tick"
[95m35  : [0m[90;2m┆ ┆ [0m[90m[27m4s] [0m[90m|[0m time="2026-01-12T17:07:57Z" level=debug msg="cgroupv2 io stats: skipping over unmappable dbytes=0 entry"
[95m35  : [0m[90;2m┆ ┆ [0m[90m[27m4s] [0m[90m|[0m time="2026-01-12T17:07:57Z" level=debug msg="cgroupv2 io stats: skipping over unmappable dios=0 entry"
[95m35  : [0m[90;2m┆ ┆ [0m[90m[27m6s] [0m[90m|[0m time="2026-01-12T17:08:00Z" level=debug msg="Kube-router network policy controller metrics tick"
[95m35  : [0m[90;2m┆ ┆ [0m[90m[27m9s] [0m[90m|[0m time="2026-01-12T17:08:03Z" level=debug msg="Kube-router network policy controller metrics tick"
[95m35  : [0m[90;2m┆ ┆ [0m[90m[27m12s] [0m[90m|[0m time="2026-01-12T17:08:06Z" level=debug msg="Kube-router network policy controller metrics tick"
[95m35  : [0m[90;2m┆ ┆ [0m[90m[27m14s] [0m[90m|[0m time="2026-01-12T17:08:07Z" level=debug msg="cgroupv2 io stats: skipping over unmappable dbytes=0 entry"
[95m35  : [0m[90;2m┆ ┆ [0m[90m[27m14s] [0m[90m|[0m time="2026-01-12T17:08:07Z" level=debug msg="cgroupv2 io stats: skipping over unmappable dios=0 entry"
[95m35  : [0m[90;2m┆ ┆ [0m[90m[27m15s] [0m[90m|[0m time="2026-01-12T17:08:09Z" level=debug msg="Kube-router network policy controller metrics tick"
[95m35  : [0m[90;2m┆ ┆ [0m[90m[27m17s] [0m[90m|[0m time="2026-01-12T17:08:10Z" level=debug msg="cgroupv2 io stats: skipping over unmappable dbytes=0 entry"
[95m35  : [0m[90;2m┆ ┆ [0m[90m[27m17s] [0m[90m|[0m time="2026-01-12T17:08:10Z" level=debug msg="cgroupv2 io stats: skipping over unmappable dios=0 entry"
[95m35  : [0m[90;2m┆ ┆ [0m[90m[27m18s] [0m[90m|[0m time="2026-01-12T17:08:12Z" level=debug msg="Kube-router network policy controller metrics tick"
[95m35  : [0m[90;2m┆ ┆ [0m[90m[27m21s] [0m[90m|[0m time="2026-01-12T17:08:15Z" level=debug msg="Kube-router network policy controller metrics tick"
[95m35  : [0m[90;2m┆ ┆ [0m[90m[27m24s] [0m[90m|[0m time="2026-01-12T17:08:17Z" level=debug msg="cgroupv2 io stats: skipping over unmappable dbytes=0 entry"
[95m35  : [0m[90;2m┆ ┆ [0m[90m[27m24s] [0m[90m|[0m time="2026-01-12T17:08:17Z" level=debug msg="cgroupv2 io stats: skipping over unmappable dios=0 entry"
[95m35  : [0m[90;2m┆ ┆ [0m[90m[27m24s] [0m[90m|[0m time="2026-01-12T17:08:18Z" level=debug msg="Kube-router network policy controller metrics tick"
[95m35  : [0m[90;2m┆ ┆ [0m[90m[31m60s] [0m[90m|[0m time="2026-01-12T17:12:53Z" level=debug msg="Kube-router network policy controller metrics tick"
[95m35  : [0m[90;2m┆ ┆ [0m[90m[32m2s] [0m[90m|[0m time="2026-01-12T17:12:56Z" level=debug msg="cgroupv2 io stats: skipping over unmappable dbytes=0 entry"
[95m35  : [0m[90;2m┆ ┆ [0m[90m[32m2s] [0m[90m|[0m time="2026-01-12T17:12:56Z" level=debug msg="cgroupv2 io stats: skipping over unmappable dios=0 entry"
[95m35  : [0m[90;2m┆ ┆ [0m[90m[32m3s] [0m[90m|[0m time="2026-01-12T17:12:56Z" level=debug msg="Kube-router network policy controller metrics tick"
[95m35  : [0m[90;2m┆ ┆ [0m[90m[32m6s] [0m[90m|[0m time="2026-01-12T17:12:59Z" level=debug msg="Kube-router network policy controller metrics tick"
[95m35  : [0m[90;2m┆ ┆ [0m[90m[32m6s] [0m[90m|[0m time="2026-01-12T17:13:00Z" level=debug msg="cgroupv2 io stats: skipping over unmappable dbytes=0 entry"
[95m35  : [0m[90;2m┆ ┆ [0m[90m[32m6s] [0m[90m|[0m time="2026-01-12T17:13:00Z" level=debug msg="cgroupv2 io stats: skipping over unmappable dios=0 entry"
[95m35  : [0m[90;2m┆ ┆ [0m[90m[32m9s] [0m[90m|[0m time="2026-01-12T17:13:02Z" level=debug msg="Kube-router network policy controller metrics tick"
[95m35  : [0m[90;2m┆ ┆ [0m[90m[32m12s] [0m[90m|[0m time="2026-01-12T17:13:05Z" level=debug msg="Kube-router network policy controller metrics tick"
[95m35  : [0m[90;2m┆ ┆ [0m[90m[32m15s] [0m[90m|[0m time="2026-01-12T17:13:08Z" level=debug msg="Kube-router network policy controller metrics tick"
[95m35  : [0m[90;2m┆ ┆ [0m[90m[32m16s] [0m[90m|[0m time="2026-01-12T17:13:10Z" level=debug msg="cgroupv2 io stats: skipping over unmappable dbytes=0 entry"
[95m35  : [0m[90;2m┆ ┆ [0m[90m[32m16s] [0m[90m|[0m time="2026-01-12T17:13:10Z" level=debug msg="cgroupv2 io stats: skipping over unmappable dios=0 entry"
[95m35  : [0m[90;2m┆ ┆ [0m[90m[32m16s] [0m[90m|[0m time="2026-01-12T17:13:10Z" level=debug msg="cgroupv2 io stats: skipping over unmappable dbytes=0 entry"
[95m35  : [0m[90;2m┆ ┆ [0m[90m[32m16s] [0m[90m|[0m time="2026-01-12T17:13:10Z" level=debug msg="cgroupv2 io stats: skipping over unmappable dios=0 entry"
[95m35  : [0m[90;2m┆ ┆ [0m[90m[32m18s] [0m[90m|[0m time="2026-01-12T17:13:11Z" level=debug msg="Kube-router network policy controller metrics tick"
[95m35  : [0m[90;2m┆ ┆ [0m[90m[32m21s] [0m[90m|[0m time="2026-01-12T17:13:14Z" level=debug msg="Kube-router network policy controller metrics tick"
[95m35  : [0m[90;2m┆ ┆ [0m[90m[32m24s] [0m[90m|[0m time="2026-01-12T17:13:17Z" level=debug msg="Kube-router network policy controller metrics tick"
[95m35  : [0m[90;2m┆ ┆ [0m[90m[32m26s] [0m[90m|[0m time="2026-01-12T17:13:20Z" level=debug msg="cgroupv2 io stats: skipping over unmappable dbytes=0 entry"
[95m35  : [0m[90;2m┆ ┆ [0m[90m[32m26s] [0m[90m|[0m time="2026-01-12T17:13:20Z" level=debug msg="cgroupv2 io stats: skipping over unmappable dios=0 entry"
[95m35  : [0m[90;2m┆ ┆ [0m[90m[32m27s] [0m[90m|[0m time="2026-01-12T17:13:20Z" level=debug msg="Kube-router network policy controller metrics tick"
[95m35  : [0m[90;2m┆ ┆ [0m[90m[32m27s] [0m[90m|[0m time="2026-01-12T17:13:20Z" level=debug msg="cgroupv2 io stats: skipping over unmappable dbytes=0 entry"
[95m35  : [0m[90;2m┆ ┆ [0m[90m[32m27s] [0m[90m|[0m time="2026-01-12T17:13:20Z" level=debug msg="cgroupv2 io stats: skipping over unmappable dios=0 entry"
[95m35  : [0m[90;2m┆ ┆ [0m[90m[32m30s] [0m[90m|[0m time="2026-01-12T17:13:23Z" level=debug msg="Kube-router network policy controller metrics tick"
[95m35  : [0m[90;2m┆ ┆ [0m[90m[32m33s] [0m[90m|[0m time="2026-01-12T17:13:26Z" level=debug msg="Kube-router network policy controller metrics tick"
[95m35  : [0m[90;2m┆ ┆ [0m[90m[32m36s] [0m[90m|[0m time="2026-01-12T17:13:29Z" level=debug msg="Kube-router network policy controller metrics tick"
[95m35  : [0m[90;2m┆ ┆ [0m[90m[32m36s] [0m[90m|[0m time="2026-01-12T17:13:30Z" level=debug msg="cgroupv2 io stats: skipping over unmappable dbytes=0 entry"
[95m35  : [0m[90;2m┆ ┆ [0m[90m[32m36s] [0m[90m|[0m time="2026-01-12T17:13:30Z" level=debug msg="cgroupv2 io stats: skipping over unmappable dios=0 entry"
[95m35  : [0m[90;2m┆ ┆ [0m[90m[32m39s] [0m[90m|[0m time="2026-01-12T17:13:32Z" level=debug msg="cgroupv2 io stats: skipping over unmappable dbytes=0 entry"
[95m35  : [0m[90;2m┆ ┆ [0m[90m[32m39s] [0m[90m|[0m time="2026-01-12T17:13:32Z" level=debug msg="cgroupv2 io stats: skipping over unmappable dios=0 entry"
[95m35  : [0m[90;2m┆ ┆ [0m[90m[32m39s] [0m[90m|[0m time="2026-01-12T17:13:32Z" level=debug msg="Kube-router network policy controller metrics tick"
[95m35  : [0m[90;2m┆ ┆ [0m[90m[32m42s] [0m[90m|[0m time="2026-01-12T17:13:35Z" level=debug msg="Kube-router network policy controller metrics tick"
[95m35  : [0m[90;2m┆ ┆ [0m[90m[32m45s] [0m[90m|[0m time="2026-01-12T17:13:38Z" level=debug msg="Kube-router network policy controller metrics tick"
[95m35  : [0m[90;2m┆ ┆ [0m[90m[32m46s] [0m[90m|[0m time="2026-01-12T17:13:40Z" level=debug msg="cgroupv2 io stats: skipping over unmappable dbytes=0 entry"
[95m35  : [0m[90;2m┆ ┆ [0m[90m[32m46s] [0m[90m|[0m time="2026-01-12T17:13:40Z" level=debug msg="cgroupv2 io stats: skipping over unmappable dios=0 entry"
[95m35  : [0m[90;2m┆ ┆ [0m[90m[49m38s] [0m[90m|[0m time="2026-01-12T17:30:32Z" level=debug msg="Kube-router network policy controller metrics tick"
[95m35  : [0m[90;2m┆ ┆ [0m[90m[49m41s] [0m[90m|[0m time="2026-01-12T17:30:35Z" level=debug msg="Kube-router network policy controller metrics tick"
[95m35  : [0m[90;2m┆ ┆ [0m[90m[49m44s] [0m[90m|[0m time="2026-01-12T17:30:38Z" level=debug msg="Kube-router network policy controller metrics tick"
[95m35  : [0m[90;2m┆ ┆ [0m[90m[49m45s] [0m[90m|[0m W0112 17:30:38.648291      14 info.go:53] Couldn't collect info from any of the files in "/etc/machine-id,/var/lib/dbus/machine-id"
[95m35  : [0m[90;2m┆ ┆ [0m[90m[49m46s] [0m[90m|[0m time="2026-01-12T17:30:40Z" level=debug msg="cgroupv2 io stats: skipping over unmappable dbytes=0 entry"
[95m35  : [0m[90;2m┆ ┆ [0m[90m[49m46s] [0m[90m|[0m time="2026-01-12T17:30:40Z" level=debug msg="cgroupv2 io stats: skipping over unmappable dios=0 entry"
[95m35  : [0m[90;2m┆ ┆ [0m[90m[49m47s] [0m[90m|[0m time="2026-01-12T17:30:41Z" level=debug msg="Kube-router network policy controller metrics tick"
[95m35  : [0m[90;2m┆ ┆ [0m[90m[49m48s] [0m[90m|[0m time="2026-01-12T17:30:42Z" level=debug msg="cgroupv2 io stats: skipping over unmappable dbytes=0 entry"
[95m35  : [0m[90;2m┆ ┆ [0m[90m[49m48s] [0m[90m|[0m time="2026-01-12T17:30:42Z" level=debug msg="cgroupv2 io stats: skipping over unmappable dios=0 entry"
[95m35  : [0m[90;2m┆ ┆ [0m[90m[49m50s] [0m[90m|[0m time="2026-01-12T17:30:44Z" level=debug msg="Kube-router network policy controller metrics tick"
[95m35  : [0m[90;2m┆ ┆ [0m[90m[49m53s] [0m[90m|[0m time="2026-01-12T17:30:47Z" level=debug msg="Kube-router network policy controller metrics tick"
[95m35  : [0m[90;2m┆ ┆ [0m[90m[49m56s] [0m[90m|[0m time="2026-01-12T17:30:50Z" level=debug msg="Kube-router network policy controller metrics tick"
[95m35  : [0m[90;2m┆ ┆ [0m[90m[49m56s] [0m[90m|[0m time="2026-01-12T17:30:50Z" level=debug msg="cgroupv2 io stats: skipping over unmappable dbytes=0 entry"
[95m35  : [0m[90;2m┆ ┆ [0m[90m[49m56s] [0m[90m|[0m time="2026-01-12T17:30:50Z" level=debug msg="cgroupv2 io stats: skipping over unmappable dios=0 entry"
[95m35  : [0m[90;2m┆ ┆ [0m[90m[49m59s] [0m[90m|[0m time="2026-01-12T17:30:53Z" level=debug msg="Kube-router network policy controller metrics tick"
[95m35  : [0m[90;2m┆ ┆ [0m[90m[50m2s] [0m[90m|[0m time="2026-01-12T17:30:56Z" level=debug msg="Kube-router network policy controller metrics tick"
[95m35  : [0m[90;2m┆ ┆ [0m[90m[50m4s] [0m[90m|[0m time="2026-01-12T17:30:57Z" level=debug msg="cgroupv2 io stats: skipping over unmappable dbytes=0 entry"
[95m35  : [0m[90;2m┆ ┆ [0m[90m[50m4s] [0m[90m|[0m time="2026-01-12T17:30:57Z" level=debug msg="cgroupv2 io stats: skipping over unmappable dios=0 entry"
[95m35  : [0m[90;2m┆ ┆ [0m[90m[50m5s] [0m[90m|[0m time="2026-01-12T17:30:59Z" level=debug msg="Kube-router network policy controller metrics tick"
[95m35  : [0m[90;2m┆ ┆ [0m[90m[50m6s] [0m[90m|[0m time="2026-01-12T17:31:00Z" level=debug msg="cgroupv2 io stats: skipping over unmappable dbytes=0 entry"
[95m35  : [0m[90;2m┆ ┆ [0m[90m[50m6s] [0m[90m|[0m time="2026-01-12T17:31:00Z" level=debug msg="cgroupv2 io stats: skipping over unmappable dios=0 entry"
[95m35  : [0m[90;2m┆ ┆ [0m[90m[50m8s] [0m[90m|[0m time="2026-01-12T17:31:02Z" level=debug msg="Kube-router network policy controller metrics tick"
[95m35  : [0m[90;2m┆ ┆ [0m[90m[50m11s] [0m[90m|[0m time="2026-01-12T17:31:05Z" level=debug msg="Kube-router network policy controller metrics tick"
[95m35  : [0m[90;2m┆ ┆ [0m[90m[50m14s] [0m[90m|[0m time="2026-01-12T17:31:08Z" level=debug msg="Kube-router network policy controller metrics tick"
[95m35  : [0m[90;2m┆ ┆ [0m[90m[50m17s] [0m[90m|[0m time="2026-01-12T17:31:10Z" level=debug msg="cgroupv2 io stats: skipping over unmappable dbytes=0 entry"
[95m35  : [0m[90;2m┆ ┆ [0m[90m[50m17s] [0m[90m|[0m time="2026-01-12T17:31:10Z" level=debug msg="cgroupv2 io stats: skipping over unmappable dios=0 entry"
[95m35  : [0m[90;2m┆ ┆ [0m[90m[50m17s] [0m[90m|[0m time="2026-01-12T17:31:11Z" level=debug msg="Kube-router network policy controller metrics tick"
[95m35  : [0m[90;2m┆ ┆ [0m[90m[50m20s] [0m[90m|[0m time="2026-01-12T17:31:14Z" level=debug msg="Kube-router network policy controller metrics tick"
[95m35  : [0m[90;2m┆ ┆ [0m[90m[50m23s] [0m[90m|[0m time="2026-01-12T17:31:17Z" level=debug msg="Kube-router network policy controller metrics tick"
[95m35  : [0m[90;2m┆ ┆ [0m[90m[50m24s] [0m[90m|[0m time="2026-01-12T17:31:17Z" level=debug msg="cgroupv2 io stats: skipping over unmappable dbytes=0 entry"
[95m35  : [0m[90;2m┆ ┆ [0m[90m[50m24s] [0m[90m|[0m time="2026-01-12T17:31:17Z" level=debug msg="cgroupv2 io stats: skipping over unmappable dios=0 entry"
[95m35  : [0m[90;2m┆ ┆ [0m[90m[50m26s] [0m[90m|[0m time="2026-01-12T17:31:20Z" level=debug msg="Kube-router network policy controller metrics tick"
[95m35  : [0m[90;2m┆ ┆ [0m[90m[50m27s] [0m[90m|[0m time="2026-01-12T17:31:20Z" level=debug msg="cgroupv2 io stats: skipping over unmappable dbytes=0 entry"
[95m35  : [0m[90;2m┆ ┆ [0m[90m[50m27s] [0m[90m|[0m time="2026-01-12T17:31:20Z" level=debug msg="cgroupv2 io stats: skipping over unmappable dios=0 entry"
[95m35  : [0m[90;2m┆ ┆ [0m[90m[50m29s] [0m[90m|[0m time="2026-01-12T17:31:23Z" level=debug msg="Kube-router network policy controller metrics tick"
[95m35  : [0m[90;2m┆ ┆ [0m[90m[50m32s] [0m[90m|[0m time="2026-01-12T17:31:26Z" level=debug msg="Kube-router network policy controller metrics tick"
[95m35  : [0m[90;2m┆ ┆ [0m[90m[50m35s] [0m[90m|[0m time="2026-01-12T17:31:29Z" level=debug msg="Kube-router network policy controller metrics tick"
[95m35  : [0m[90;2m┆ ┆ [0m[90m[50m37s] [0m[90m|[0m time="2026-01-12T17:31:30Z" level=debug msg="cgroupv2 io stats: skipping over unmappable dbytes=0 entry"
[95m35  : [0m[90;2m┆ ┆ [0m[90m[50m37s] [0m[90m|[0m time="2026-01-12T17:31:30Z" level=debug msg="cgroupv2 io stats: skipping over unmappable dios=0 entry"
[95m35  : [0m[90;2m┆ ┆ [0m[90m[50m38s] [0m[90m|[0m time="2026-01-12T17:31:32Z" level=debug msg="Kube-router network policy controller metrics tick"
[95m35  : [0m[90;2m┆ ┆ [0m[90m[50m39s] [0m[90m|[0m time="2026-01-12T17:31:32Z" level=debug msg="cgroupv2 io stats: skipping over unmappable dbytes=0 entry"
[95m35  : [0m[90;2m┆ ┆ [0m[90m[50m39s] [0m[90m|[0m time="2026-01-12T17:31:32Z" level=debug msg="cgroupv2 io stats: skipping over unmappable dios=0 entry"
[95m35  : [0m[90;2m┆ ┆ [0m[90m[50m41s] [0m[90m|[0m time="2026-01-12T17:31:35Z" level=debug msg="Kube-router network policy controller metrics tick"
[95m35  : [0m[90;2m┆ ┆ [0m[90m[50m44s] [0m[90m|[0m time="2026-01-12T17:31:38Z" level=debug msg="Kube-router network policy controller metrics tick"
[95m35  : [0m[90;2m┆ ┆ [0m[90m[50m47s] [0m[90m|[0m time="2026-01-12T17:31:40Z" level=debug msg="cgroupv2 io stats: skipping over unmappable dbytes=0 entry"
[95m35  : [0m[90;2m┆ ┆ [0m[90m[50m47s] [0m[90m|[0m time="2026-01-12T17:31:40Z" level=debug msg="cgroupv2 io stats: skipping over unmappable dios=0 entry"
[95m35  : [0m[90;2m┆ ┆ [0m[90m[50m47s] [0m[90m|[0m time="2026-01-12T17:31:41Z" level=debug msg="Kube-router network policy controller metrics tick"
[95m35  : [0m[90;2m┆ ┆ [0m[90m[50m50s] [0m[90m|[0m time="2026-01-12T17:31:44Z" level=debug msg="Kube-router network policy controller metrics tick"
[95m35  : [0m[90;2m┆ ┆ [0m[90m[50m53s] [0m[90m|[0m time="2026-01-12T17:31:47Z" level=debug msg="Kube-router network policy controller metrics tick"
[95m35  : [0m[90;2m┆ ┆ [0m[90m[50m53s] [0m[90m|[0m time="2026-01-12T17:31:47Z" level=debug msg="cgroupv2 io stats: skipping over unmappable dbytes=0 entry"
[95m35  : [0m[90;2m┆ ┆ [0m[90m[50m53s] [0m[90m|[0m time="2026-01-12T17:31:47Z" level=debug msg="cgroupv2 io stats: skipping over unmappable dios=0 entry"
[95m35  : [0m[90;2m┆ ┆ [0m[90m[50m56s] [0m[90m|[0m time="2026-01-12T17:31:50Z" level=debug msg="Kube-router network policy controller metrics tick"
[95m35  : [0m[90;2m┆ ┆ [0m[90m[50m57s] [0m[90m|[0m time="2026-01-12T17:31:50Z" level=debug msg="cgroupv2 io stats: skipping over unmappable dbytes=0 entry"
[95m35  : [0m[90;2m┆ ┆ [0m[90m[50m57s] [0m[90m|[0m time="2026-01-12T17:31:50Z" level=debug msg="cgroupv2 io stats: skipping over unmappable dios=0 entry"
[95m35  : [0m[90;2m┆ ┆ [0m[90m[50m59s] [0m[90m|[0m time="2026-01-12T17:31:53Z" level=debug msg="Kube-router network policy controller metrics tick"
[95m35  : [0m[90;2m┆ ┆ [0m[90m[51m2s] [0m[90m|[0m time="2026-01-12T17:31:56Z" level=debug msg="Kube-router network policy controller metrics tick"
[95m35  : [0m[90;2m┆ ┆ [0m[90m[51m5s] [0m[90m|[0m time="2026-01-12T17:31:59Z" level=debug msg="Kube-router network policy controller metrics tick"
[95m35  : [0m[90;2m┆ ┆ [0m[90m[51m7s] [0m[90m|[0m time="2026-01-12T17:32:00Z" level=debug msg="cgroupv2 io stats: skipping over unmappable dbytes=0 entry"
[95m35  : [0m[90;2m┆ ┆ [0m[90m[51m7s] [0m[90m|[0m time="2026-01-12T17:32:00Z" level=debug msg="cgroupv2 io stats: skipping over unmappable dios=0 entry"
[95m35  : [0m[90;2m┆ ┆ [0m[90m[51m8s] [0m[90m|[0m time="2026-01-12T17:32:02Z" level=debug msg="Kube-router network policy controller metrics tick"
[95m35  : [0m[90;2m┆ ┆ [0m[90m[51m8s] [0m[90m|[0m time="2026-01-12T17:32:02Z" level=debug msg="cgroupv2 io stats: skipping over unmappable dbytes=0 entry"
[95m35  : [0m[90;2m┆ ┆ [0m[90m[51m8s] [0m[90m|[0m time="2026-01-12T17:32:02Z" level=debug msg="cgroupv2 io stats: skipping over unmappable dios=0 entry"
[95m35  : [0m[90;2m┆ ┆ [0m[90m[51m11s] [0m[90m|[0m time="2026-01-12T17:32:05Z" level=debug msg="Kube-router network policy controller metrics tick"
[95m35  : [0m[90;2m┆ ┆ [0m[90m[51m14s] [0m[90m|[0m time="2026-01-12T17:32:08Z" level=debug msg="Kube-router network policy controller metrics tick"
[95m35  : [0m[90;2m┆ ┆ [0m[90m[51m17s] [0m[90m|[0m time="2026-01-12T17:32:10Z" level=debug msg="cgroupv2 io stats: skipping over unmappable dbytes=0 entry"
[95m35  : [0m[90;2m┆ ┆ [0m[90m[51m17s] [0m[90m|[0m time="2026-01-12T17:32:10Z" level=debug msg="cgroupv2 io stats: skipping over unmappable dios=0 entry"
[95m35  : [0m[90;2m┆ ┆ [0m[90m[51m17s] [0m[90m|[0m time="2026-01-12T17:32:11Z" level=debug msg="Kube-router network policy controller metrics tick"
[95m35  : [0m[90;2m┆ ┆ [0m[90m[51m20s] [0m[90m|[0m time="2026-01-12T17:32:14Z" level=debug msg="Kube-router network policy controller metrics tick"
[95m35  : [0m[90;2m┆ ┆ [0m[90m[51m22s] [0m[90m|[0m time="2026-01-12T17:32:16Z" level=debug msg="cgroupv2 io stats: skipping over unmappable dbytes=0 entry"
[95m35  : [0m[90;2m┆ ┆ [0m[90m[51m22s] [0m[90m|[0m time="2026-01-12T17:32:16Z" level=debug msg="cgroupv2 io stats: skipping over unmappable dios=0 entry"
[95m35  : [0m[90;2m┆ ┆ [0m[90m[51m23s] [0m[90m|[0m time="2026-01-12T17:32:17Z" level=debug msg="Kube-router network policy controller metrics tick"
[95m35  : [0m[90;2m┆ ┆ [0m[90m[51m26s] [0m[90m|[0m time="2026-01-12T17:32:20Z" level=debug msg="Kube-router network policy controller metrics tick"
[95m35  : [0m[90;2m┆ ┆ [0m[90m[51m27s] [0m[90m|[0m time="2026-01-12T17:32:20Z" level=debug msg="cgroupv2 io stats: skipping over unmappable dbytes=0 entry"
[95m35  : [0m[90;2m┆ ┆ [0m[90m[51m27s] [0m[90m|[0m time="2026-01-12T17:32:20Z" level=debug msg="cgroupv2 io stats: skipping over unmappable dios=0 entry"
[95m35  : [0m[90;2m┆ ┆ [0m[90m[51m29s] [0m[90m|[0m time="2026-01-12T17:32:23Z" level=debug msg="Kube-router network policy controller metrics tick"
[95m35  : [0m[90;2m┆ ┆ [0m[90m[51m32s] [0m[90m|[0m time="2026-01-12T17:32:26Z" level=debug msg="Kube-router network policy controller metrics tick"
[95m35  : [0m[90;2m┆ ┆ [0m[90m[51m35s] [0m[90m|[0m time="2026-01-12T17:32:29Z" level=debug msg="Kube-router network policy controller metrics tick"
[95m35  : [0m[90;2m┆ ┆ [0m[90m[51m35s] [0m[90m|[0m time="2026-01-12T17:32:29Z" level=debug msg="cgroupv2 io stats: skipping over unmappable dbytes=0 entry"
[95m35  : [0m[90;2m┆ ┆ [0m[90m[51m35s] [0m[90m|[0m time="2026-01-12T17:32:29Z" level=debug msg="cgroupv2 io stats: skipping over unmappable dios=0 entry"
[95m35  : [0m[90;2m┆ ┆ [0m[90m[51m37s] [0m[90m|[0m time="2026-01-12T17:32:30Z" level=debug msg="cgroupv2 io stats: skipping over unmappable dbytes=0 entry"
[95m35  : [0m[90;2m┆ ┆ [0m[90m[51m37s] [0m[90m|[0m time="2026-01-12T17:32:30Z" level=debug msg="cgroupv2 io stats: skipping over unmappable dios=0 entry"
[95m35  : [0m[90;2m┆ ┆ [0m[90m[51m38s] [0m[90m|[0m time="2026-01-12T17:32:32Z" level=debug msg="Kube-router network policy controller metrics tick"
[95m35  : [0m[90;2m┆ ┆ [0m[90m[51m41s] [0m[90m|[0m time="2026-01-12T17:32:35Z" level=debug msg="Kube-router network policy controller metrics tick"
[95m35  : [0m[90;2m┆ ┆ [0m[90m[51m44s] [0m[90m|[0m time="2026-01-12T17:32:38Z" level=debug msg="Kube-router network policy controller metrics tick"
[95m35  : [0m[90;2m┆ ┆ [0m[90m[51m47s] [0m[90m|[0m time="2026-01-12T17:32:40Z" level=debug msg="cgroupv2 io stats: skipping over unmappable dbytes=0 entry"
[95m35  : [0m[90;2m┆ ┆ [0m[90m[51m47s] [0m[90m|[0m time="2026-01-12T17:32:40Z" level=debug msg="cgroupv2 io stats: skipping over unmappable dios=0 entry"
[95m35  : [0m[90;2m┆ ┆ [0m[90m[51m47s] [0m[90m|[0m time="2026-01-12T17:32:41Z" level=debug msg="Kube-router network policy controller metrics tick"
[95m35  : [0m[90;2m┆ ┆ [0m[90m[51m50s] [0m[90m|[0m time="2026-01-12T17:32:44Z" level=debug msg="Kube-router network policy controller metrics tick"
[95m35  : [0m[90;2m┆ ┆ [0m[90m[51m53s] [0m[90m|[0m time="2026-01-12T17:32:47Z" level=debug msg="Kube-router network policy controller metrics tick"
[95m35  : [0m[90;2m┆ ┆ [0m[90m[51m54s] [0m[90m|[0m time="2026-01-12T17:32:47Z" level=debug msg="cgroupv2 io stats: skipping over unmappable dbytes=0 entry"
[95m35  : [0m[90;2m┆ ┆ [0m[90m[51m54s] [0m[90m|[0m time="2026-01-12T17:32:47Z" level=debug msg="cgroupv2 io stats: skipping over unmappable dios=0 entry"
[95m35  : [0m[90;2m┆ ┆ [0m[90m[51m56s] [0m[90m|[0m time="2026-01-12T17:32:50Z" level=debug msg="Kube-router network policy controller metrics tick"
[95m35  : [0m[90;2m┆ ┆ [0m[90m[51m57s] [0m[90m|[0m time="2026-01-12T17:32:50Z" level=debug msg="cgroupv2 io stats: skipping over unmappable dbytes=0 entry"
[95m35  : [0m[90;2m┆ ┆ [0m[90m[51m57s] [0m[90m|[0m time="2026-01-12T17:32:50Z" level=debug msg="cgroupv2 io stats: skipping over unmappable dios=0 entry"
[95m35  : [0m[90;2m┆ ┆ [0m[90m[51m59s] [0m[90m|[0m time="2026-01-12T17:32:53Z" level=debug msg="Kube-router network policy controller metrics tick"
[95m35  : [0m[90;2m┆ ┆ [0m[90m[52m2s] [0m[90m|[0m time="2026-01-12T17:32:56Z" level=debug msg="Kube-router network policy controller metrics tick"
[95m35  : [0m[90;2m┆ ┆ [0m[90m[52m5s] [0m[90m|[0m time="2026-01-12T17:32:59Z" level=debug msg="Kube-router network policy controller metrics tick"
[95m35  : [0m[90;2m┆ ┆ [0m[90m[52m7s] [0m[90m|[0m time="2026-01-12T17:33:00Z" level=debug msg="cgroupv2 io stats: skipping over unmappable dbytes=0 entry"
[95m35  : [0m[90;2m┆ ┆ [0m[90m[52m7s] [0m[90m|[0m time="2026-01-12T17:33:00Z" level=debug msg="cgroupv2 io stats: skipping over unmappable dios=0 entry"
[95m35  : [0m[90;2m┆ ┆ [0m[90m[52m8s] [0m[90m|[0m time="2026-01-12T17:33:01Z" level=debug msg="cgroupv2 io stats: skipping over unmappable dbytes=0 entry"
[95m35  : [0m[90;2m┆ ┆ [0m[90m[52m8s] [0m[90m|[0m time="2026-01-12T17:33:01Z" level=debug msg="cgroupv2 io stats: skipping over unmappable dios=0 entry"
[95m35  : [0m[90;2m┆ ┆ [0m[90m[52m8s] [0m[90m|[0m time="2026-01-12T17:33:02Z" level=debug msg="Kube-router network policy controller metrics tick"
[95m35  : [0m[90;2m┆ ┆ [0m[90m[52m11s] [0m[90m|[0m time="2026-01-12T17:33:05Z" level=debug msg="Kube-router network policy controller metrics tick"
[95m35  : [0m[90;2m┆ ┆ [0m[90m[52m14s] [0m[90m|[0m time="2026-01-12T17:33:08Z" level=debug msg="Kube-router network policy controller metrics tick"
[95m35  : [0m[90;2m┆ ┆ [0m[90m[52m17s] [0m[90m|[0m time="2026-01-12T17:33:10Z" level=debug msg="cgroupv2 io stats: skipping over unmappable dbytes=0 entry"
[95m35  : [0m[90;2m┆ ┆ [0m[90m[52m17s] [0m[90m|[0m time="2026-01-12T17:33:10Z" level=debug msg="cgroupv2 io stats: skipping over unmappable dios=0 entry"
[95m35  : [0m[90;2m┆ ┆ [0m[90m[52m17s] [0m[90m|[0m time="2026-01-12T17:33:11Z" level=debug msg="Kube-router network policy controller metrics tick"
[95m35  : [0m[90;2m┆ ┆ [0m[90m[52m20s] [0m[90m|[0m time="2026-01-12T17:33:14Z" level=debug msg="Kube-router network policy controller metrics tick"
[95m35  : [0m[90;2m┆ ┆ [0m[90m[52m23s] [0m[90m|[0m time="2026-01-12T17:33:17Z" level=debug msg="Kube-router network policy controller metrics tick"
[95m35  : [0m[90;2m┆ ┆ [0m[90m[52m24s] [0m[90m|[0m time="2026-01-12T17:33:18Z" level=debug msg="cgroupv2 io stats: skipping over unmappable dbytes=0 entry"
[95m35  : [0m[90;2m┆ ┆ [0m[90m[52m24s] [0m[90m|[0m time="2026-01-12T17:33:18Z" level=debug msg="cgroupv2 io stats: skipping over unmappable dios=0 entry"
[95m35  : [0m[90;2m┆ ┆ [0m[90m[52m26s] [0m[90m|[0m time="2026-01-12T17:33:20Z" level=debug msg="Kube-router network policy controller metrics tick"
[95m35  : [0m[90;2m┆ ┆ [0m[90m[52m27s] [0m[90m|[0m time="2026-01-12T17:33:20Z" level=debug msg="cgroupv2 io stats: skipping over unmappable dbytes=0 entry"
[95m35  : [0m[90;2m┆ ┆ [0m[90m[52m27s] [0m[90m|[0m time="2026-01-12T17:33:20Z" level=debug msg="cgroupv2 io stats: skipping over unmappable dios=0 entry"
[95m35  : [0m[90;2m┆ ┆ [0m[90m[52m29s] [0m[90m|[0m time="2026-01-12T17:33:23Z" level=debug msg="Kube-router network policy controller metrics tick"
[95m35  : [0m[90;2m┆ ┆ [0m[90m[52m32s] [0m[90m|[0m time="2026-01-12T17:33:26Z" level=debug msg="Kube-router network policy controller metrics tick"
[95m35  : [0m[90;2m┆ ┆ [0m[90m[52m35s] [0m[90m|[0m time="2026-01-12T17:33:29Z" level=debug msg="Kube-router network policy controller metrics tick"
[95m35  : [0m[90;2m┆ ┆ [0m[90m[52m37s] [0m[90m|[0m time="2026-01-12T17:33:30Z" level=debug msg="cgroupv2 io stats: skipping over unmappable dbytes=0 entry"
[95m35  : [0m[90;2m┆ ┆ [0m[90m[52m37s] [0m[90m|[0m time="2026-01-12T17:33:30Z" level=debug msg="cgroupv2 io stats: skipping over unmappable dios=0 entry"
[95m35  : [0m[90;2m┆ ┆ [0m[90m[52m38s] [0m[90m|[0m time="2026-01-12T17:33:32Z" level=debug msg="Kube-router network policy controller metrics tick"
[95m35  : [0m[90;2m┆ ┆ [0m[90m[52m39s] [0m[90m|[0m time="2026-01-12T17:33:33Z" level=debug msg="cgroupv2 io stats: skipping over unmappable dbytes=0 entry"
[95m35  : [0m[90;2m┆ ┆ [0m[90m[52m39s] [0m[90m|[0m time="2026-01-12T17:33:33Z" level=debug msg="cgroupv2 io stats: skipping over unmappable dios=0 entry"
[95m35  : [0m[90;2m┆ ┆ [0m[90m[52m41s] [0m[90m|[0m time="2026-01-12T17:33:35Z" level=debug msg="Kube-router network policy controller metrics tick"
[95m35  : [0m[90;2m┆ ┆ [0m[90m[52m44s] [0m[90m|[0m time="2026-01-12T17:33:38Z" level=debug msg="Kube-router network policy controller metrics tick"
[95m35  : [0m[90;2m┆ ┆ [0m[90m[52m47s] [0m[90m|[0m time="2026-01-12T17:33:40Z" level=debug msg="cgroupv2 io stats: skipping over unmappable dbytes=0 entry"
[95m35  : [0m[90;2m┆ ┆ [0m[90m[52m47s] [0m[90m|[0m time="2026-01-12T17:33:40Z" level=debug msg="cgroupv2 io stats: skipping over unmappable dios=0 entry"
[95m35  : [0m[90;2m┆ ┆ [0m[90m[52m47s] [0m[90m|[0m time="2026-01-12T17:33:41Z" level=debug msg="Kube-router network policy controller metrics tick"
[95m35  : [0m[90;2m┆ ┆ [0m[90m[52m50s] [0m[90m|[0m time="2026-01-12T17:33:44Z" level=debug msg="Kube-router network policy controller metrics tick"
[95m35  : [0m[90;2m┆ ┆ [0m[90m[52m51s] [0m[90m|[0m time="2026-01-12T17:33:44Z" level=debug msg="cgroupv2 io stats: skipping over unmappable dbytes=0 entry"
[95m35  : [0m[90;2m┆ ┆ [0m[90m[52m51s] [0m[90m|[0m time="2026-01-12T17:33:44Z" level=debug msg="cgroupv2 io stats: skipping over unmappable dios=0 entry"
[95m35  : [0m[90;2m┆ ┆ [0m[90m[52m53s] [0m[90m|[0m time="2026-01-12T17:33:47Z" level=debug msg="Kube-router network policy controller metrics tick"
[95m35  : [0m[90;2m┆ ┆ [0m[90m[52m56s] [0m[90m|[0m time="2026-01-12T17:33:50Z" level=debug msg="Kube-router network policy controller metrics tick"
[95m35  : [0m[90;2m┆ ┆ [0m[90m[52m57s] [0m[90m|[0m time="2026-01-12T17:33:50Z" level=debug msg="cgroupv2 io stats: skipping over unmappable dbytes=0 entry"
[95m35  : [0m[90;2m┆ ┆ [0m[90m[52m57s] [0m[90m|[0m time="2026-01-12T17:33:50Z" level=debug msg="cgroupv2 io stats: skipping over unmappable dios=0 entry"
[95m35  : [0m[90;2m┆ ┆ [0m[90m[52m59s] [0m[90m|[0m time="2026-01-12T17:33:53Z" level=debug msg="Kube-router network policy controller metrics tick"
[95m35  : [0m[90;2m┆ ┆ [0m[90m[53m2s] [0m[90m|[0m time="2026-01-12T17:33:56Z" level=debug msg="Kube-router network policy controller metrics tick"
[95m35  : [0m[90;2m┆ ┆ [0m[90m[53m5s] [0m[90m|[0m time="2026-01-12T17:33:58Z" level=debug msg="cgroupv2 io stats: skipping over unmappable dbytes=0 entry"
[95m35  : [0m[90;2m┆ ┆ [0m[90m[53m5s] [0m[90m|[0m time="2026-01-12T17:33:58Z" level=debug msg="cgroupv2 io stats: skipping over unmappable dios=0 entry"
[95m35  : [0m[90;2m┆ ┆ [0m[90m[53m5s] [0m[90m|[0m time="2026-01-12T17:33:59Z" level=debug msg="Kube-router network policy controller metrics tick"
[95m35  : [0m[90;2m┆ ┆ [0m[90m[53m7s] [0m[90m|[0m time="2026-01-12T17:34:00Z" level=debug msg="cgroupv2 io stats: skipping over unmappable dbytes=0 entry"
[95m35  : [0m[90;2m┆ ┆ [0m[90m[53m7s] [0m[90m|[0m time="2026-01-12T17:34:00Z" level=debug msg="cgroupv2 io stats: skipping over unmappable dios=0 entry"
[95m35  : [0m[90;2m┆ ┆ [0m[90m[53m8s] [0m[90m|[0m time="2026-01-12T17:34:02Z" level=debug msg="Kube-router network policy controller metrics tick"
[95m35  : [0m[90;2m┆ ┆ [0m[90m[53m11s] [0m[90m|[0m time="2026-01-12T17:34:05Z" level=debug msg="Kube-router network policy controller metrics tick"
[95m35  : [0m[90;2m┆ ┆ [0m[90m[53m14s] [0m[90m|[0m time="2026-01-12T17:34:08Z" level=debug msg="Kube-router network policy controller metrics tick"
[95m35  : [0m[90;2m┆ ┆ [0m[90m[53m17s] [0m[90m|[0m time="2026-01-12T17:34:10Z" level=debug msg="cgroupv2 io stats: skipping over unmappable dbytes=0 entry"
[95m35  : [0m[90;2m┆ ┆ [0m[90m[53m17s] [0m[90m|[0m time="2026-01-12T17:34:10Z" level=debug msg="cgroupv2 io stats: skipping over unmappable dios=0 entry"
[95m35  : [0m[90;2m┆ ┆ [0m[90m[53m17s] [0m[90m|[0m time="2026-01-12T17:34:11Z" level=debug msg="Kube-router network policy controller metrics tick"
[95m35  : [0m[90;2m┆ ┆ [0m[90m[53m20s] [0m[90m|[0m time="2026-01-12T17:34:14Z" level=debug msg="Kube-router network policy controller metrics tick"
[95m35  : [0m[90;2m┆ ┆ [0m[90m[53m20s] [0m[90m|[0m time="2026-01-12T17:34:14Z" level=debug msg="cgroupv2 io stats: skipping over unmappable dbytes=0 entry"
[95m35  : [0m[90;2m┆ ┆ [0m[90m[53m20s] [0m[90m|[0m time="2026-01-12T17:34:14Z" level=debug msg="cgroupv2 io stats: skipping over unmappable dios=0 entry"
[95m35  : [0m[90;2m┆ ┆ [0m[90m[53m23s] [0m[90m|[0m time="2026-01-12T17:34:17Z" level=debug msg="Kube-router network policy controller metrics tick"
[95m35  : [0m[90;2m┆ ┆ [0m[90m[53m26s] [0m[90m|[0m time="2026-01-12T17:34:20Z" level=debug msg="Kube-router network policy controller metrics tick"
[95m35  : [0m[90;2m┆ ┆ [0m[90m[53m27s] [0m[90m|[0m time="2026-01-12T17:34:20Z" level=debug msg="cgroupv2 io stats: skipping over unmappable dbytes=0 entry"
[95m35  : [0m[90;2m┆ ┆ [0m[90m[53m27s] [0m[90m|[0m time="2026-01-12T17:34:20Z" level=debug msg="cgroupv2 io stats: skipping over unmappable dios=0 entry"
[95m35  : [0m[90;2m┆ ┆ [0m[90m[53m29s] [0m[90m|[0m time="2026-01-12T17:34:23Z" level=debug msg="Kube-router network policy controller metrics tick"
[95m35  : [0m[90;2m┆ ┆ [0m[90m[53m31s] [0m[90m|[0m time="2026-01-12T17:34:24Z" level=debug msg="cgroupv2 io stats: skipping over unmappable dbytes=0 entry"
[95m35  : [0m[90;2m┆ ┆ [0m[90m[53m31s] [0m[90m|[0m time="2026-01-12T17:34:24Z" level=debug msg="cgroupv2 io stats: skipping over unmappable dios=0 entry"
[95m35  : [0m[90;2m┆ ┆ [0m[90m[53m32s] [0m[90m|[0m time="2026-01-12T17:34:26Z" level=debug msg="Kube-router network policy controller metrics tick"
[95m35  : [0m[90;2m┆ ┆ [0m[90m[53m35s] [0m[90m|[0m time="2026-01-12T17:34:29Z" level=debug msg="Kube-router network policy controller metrics tick"
[95m35  : [0m[90;2m┆ ┆ [0m[90m[53m37s] [0m[90m|[0m time="2026-01-12T17:34:30Z" level=debug msg="cgroupv2 io stats: skipping over unmappable dbytes=0 entry"
[95m35  : [0m[90;2m┆ ┆ [0m[90m[53m37s] [0m[90m|[0m time="2026-01-12T17:34:30Z" level=debug msg="cgroupv2 io stats: skipping over unmappable dios=0 entry"
[95m35  : [0m[90;2m┆ ┆ [0m[90m[53m38s] [0m[90m|[0m time="2026-01-12T17:34:32Z" level=debug msg="Kube-router network policy controller metrics tick"
[95m35  : [0m[90;2m┆ ┆ [0m[90m[53m41s] [0m[90m|[0m time="2026-01-12T17:34:35Z" level=debug msg="Kube-router network policy controller metrics tick"
[95m35  : [0m[90;2m┆ ┆ [0m[90m[53m44s] [0m[90m|[0m time="2026-01-12T17:34:38Z" level=debug msg="Kube-router network policy controller metrics tick"
[95m35  : [0m[90;2m┆ ┆ [0m[90m[53m47s] [0m[90m|[0m time="2026-01-12T17:34:40Z" level=debug msg="cgroupv2 io stats: skipping over unmappable dbytes=0 entry"
[95m35  : [0m[90;2m┆ ┆ [0m[90m[53m47s] [0m[90m|[0m time="2026-01-12T17:34:40Z" level=debug msg="cgroupv2 io stats: skipping over unmappable dios=0 entry"
[95m35  : [0m[90;2m┆ ┆ [0m[90m[53m47s] [0m[90m|[0m time="2026-01-12T17:34:41Z" level=debug msg="Kube-router network policy controller metrics tick"
[95m35  : [0m[90;2m┆ ┆ [0m[90m[53m50s] [0m[90m|[0m time="2026-01-12T17:34:43Z" level=debug msg="cgroupv2 io stats: skipping over unmappable dbytes=0 entry"
[95m35  : [0m[90;2m┆ ┆ [0m[90m[53m50s] [0m[90m|[0m time="2026-01-12T17:34:43Z" level=debug msg="cgroupv2 io stats: skipping over unmappable dios=0 entry"
[95m35  : [0m[90;2m┆ ┆ [0m[90m[53m50s] [0m[90m|[0m time="2026-01-12T17:34:44Z" level=debug msg="Kube-router network policy controller metrics tick"
[95m35  : [0m[90;2m┆ ┆ [0m[90m[53m53s] [0m[90m|[0m time="2026-01-12T17:34:47Z" level=debug msg="Kube-router network policy controller metrics tick"
[95m35  : [0m[90;2m┆ ┆ [0m[90m[53m56s] [0m[90m|[0m time="2026-01-12T17:34:50Z" level=debug msg="Kube-router network policy controller metrics tick"
[95m35  : [0m[90;2m┆ ┆ [0m[90m[53m57s] [0m[90m|[0m time="2026-01-12T17:34:50Z" level=debug msg="cgroupv2 io stats: skipping over unmappable dbytes=0 entry"
[95m35  : [0m[90;2m┆ ┆ [0m[90m[53m57s] [0m[90m|[0m time="2026-01-12T17:34:50Z" level=debug msg="cgroupv2 io stats: skipping over unmappable dios=0 entry"
[95m35  : [0m[90;2m┆ ┆ [0m[90m[53m59s] [0m[90m|[0m time="2026-01-12T17:34:53Z" level=debug msg="Kube-router network policy controller metrics tick"
[95m35  : [0m[90;2m┆ ┆ [0m[90m[54m1s] [0m[90m|[0m time="2026-01-12T17:34:54Z" level=debug msg="cgroupv2 io stats: skipping over unmappable dbytes=0 entry"
[95m35  : [0m[90;2m┆ ┆ [0m[90m[54m1s] [0m[90m|[0m time="2026-01-12T17:34:54Z" level=debug msg="cgroupv2 io stats: skipping over unmappable dios=0 entry"
[95m35  : [0m[90;2m┆ ┆ [0m[90m[54m2s] [0m[90m|[0m time="2026-01-12T17:34:56Z" level=debug msg="Kube-router network policy controller metrics tick"
[95m35  : [0m[90;2m┆ ┆ [0m[90m[54m5s] [0m[90m|[0m time="2026-01-12T17:34:59Z" level=debug msg="Kube-router network policy controller metrics tick"
[95m35  : [0m[90;2m┆ ┆ [0m[90m[54m7s] [0m[90m|[0m time="2026-01-12T17:35:00Z" level=debug msg="cgroupv2 io stats: skipping over unmappable dbytes=0 entry"
[95m35  : [0m[90;2m┆ ┆ [0m[90m[54m7s] [0m[90m|[0m time="2026-01-12T17:35:00Z" level=debug msg="cgroupv2 io stats: skipping over unmappable dios=0 entry"
[95m35  : [0m[90;2m┆ ┆ [0m[90m[54m8s] [0m[90m|[0m time="2026-01-12T17:35:02Z" level=debug msg="Kube-router network policy controller metrics tick"
[95m35  : [0m[90;2m┆ ┆ [0m[90m[54m11s] [0m[90m|[0m time="2026-01-12T17:35:05Z" level=debug msg="Kube-router network policy controller metrics tick"
[95m35  : [0m[90;2m┆ ┆ [0m[90m[54m14s] [0m[90m|[0m time="2026-01-12T17:35:08Z" level=debug msg="Kube-router network policy controller metrics tick"
[95m35  : [0m[90;2m┆ ┆ [0m[90m[54m17s] [0m[90m|[0m time="2026-01-12T17:35:10Z" level=debug msg="cgroupv2 io stats: skipping over unmappable dbytes=0 entry"
[95m35  : [0m[90;2m┆ ┆ [0m[90m[54m17s] [0m[90m|[0m time="2026-01-12T17:35:10Z" level=debug msg="cgroupv2 io stats: skipping over unmappable dios=0 entry"
[95m35  : [0m[90;2m┆ ┆ [0m[90m[54m17s] [0m[90m|[0m time="2026-01-12T17:35:11Z" level=debug msg="Kube-router network policy controller metrics tick"
[95m35  : [0m[90;2m┆ ┆ [0m[90m[54m18s] [0m[90m|[0m time="2026-01-12T17:35:12Z" level=debug msg="cgroupv2 io stats: skipping over unmappable dbytes=0 entry"
[95m35  : [0m[90;2m┆ ┆ [0m[90m[54m18s] [0m[90m|[0m time="2026-01-12T17:35:12Z" level=debug msg="cgroupv2 io stats: skipping over unmappable dios=0 entry"
[95m35  : [0m[90;2m┆ ┆ [0m[90m[54m20s] [0m[90m|[0m time="2026-01-12T17:35:14Z" level=debug msg="Kube-router network policy controller metrics tick"
[95m35  : [0m[90;2m┆ ┆ [0m[90m[54m23s] [0m[90m|[0m time="2026-01-12T17:35:17Z" level=debug msg="Kube-router network policy controller metrics tick"
[95m35  : [0m[90;2m┆ ┆ [0m[90m[54m26s] [0m[90m|[0m time="2026-01-12T17:35:20Z" level=debug msg="Kube-router network policy controller metrics tick"
[95m35  : [0m[90;2m┆ ┆ [0m[90m[54m27s] [0m[90m|[0m time="2026-01-12T17:35:20Z" level=debug msg="cgroupv2 io stats: skipping over unmappable dbytes=0 entry"
[95m35  : [0m[90;2m┆ ┆ [0m[90m[54m27s] [0m[90m|[0m time="2026-01-12T17:35:20Z" level=debug msg="cgroupv2 io stats: skipping over unmappable dios=0 entry"
[95m35  : [0m[90;2m┆ ┆ [0m[90m[54m29s] [0m[90m|[0m time="2026-01-12T17:35:23Z" level=debug msg="Kube-router network policy controller metrics tick"
[95m35  : [0m[90;2m┆ ┆ [0m[90m[54m32s] [0m[90m|[0m time="2026-01-12T17:35:26Z" level=debug msg="Kube-router network policy controller metrics tick"
[95m35  : [0m[90;2m┆ ┆ [0m[90m[54m35s] [0m[90m|[0m time="2026-01-12T17:35:29Z" level=debug msg="Kube-router network policy controller metrics tick"
[95m35  : [0m[90;2m┆ ┆ [0m[90m[54m36s] [0m[90m|[0m time="2026-01-12T17:35:30Z" level=debug msg="cgroupv2 io stats: skipping over unmappable dbytes=0 entry"
[95m35  : [0m[90;2m┆ ┆ [0m[90m[54m36s] [0m[90m|[0m time="2026-01-12T17:35:30Z" level=debug msg="cgroupv2 io stats: skipping over unmappable dios=0 entry"
[95m35  : [0m[90;2m┆ ┆ [0m[90m[54m37s] [0m[90m|[0m time="2026-01-12T17:35:30Z" level=debug msg="cgroupv2 io stats: skipping over unmappable dbytes=0 entry"
[95m35  : [0m[90;2m┆ ┆ [0m[90m[54m37s] [0m[90m|[0m time="2026-01-12T17:35:30Z" level=debug msg="cgroupv2 io stats: skipping over unmappable dios=0 entry"
[95m35  : [0m[90;2m┆ ┆ [0m[90m[54m38s] [0m[90m|[0m time="2026-01-12T17:35:32Z" level=debug msg="Kube-router network policy controller metrics tick"
[95m35  : [0m[90;2m┆ ┆ [0m[90m[54m41s] [0m[90m|[0m time="2026-01-12T17:35:35Z" level=debug msg="Kube-router network policy controller metrics tick"
[95m35  : [0m[90;2m┆ ┆ [0m[90m[54m42s] [0m[90m|[0m I0112 17:35:35.953235      14 cidrallocator.go:277] updated ClusterIP allocator for Service CIDR 10.43.0.0/16
[95m35  : [0m[90;2m┆ ┆ [0m[90m[54m44s] [0m[90m|[0m time="2026-01-12T17:35:38Z" level=debug msg="Kube-router network policy controller metrics tick"
[95m35  : [0m[90;2m┆ ┆ [0m[90m[54m45s] [0m[90m|[0m time="2026-01-12T17:35:38Z" level=debug msg="Running k3s-cert-monitor certificate expiration check"
[95m35  : [0m[90;2m┆ ┆ [0m[90m[54m45s] [0m[90m|[0m W0112 17:35:38.648512      14 info.go:53] Couldn't collect info from any of the files in "/etc/machine-id,/var/lib/dbus/machine-id"
[95m35  : [0m[90;2m┆ ┆ [0m[90m[54m47s] [0m[90m|[0m time="2026-01-12T17:35:40Z" level=debug msg="cgroupv2 io stats: skipping over unmappable dbytes=0 entry"
[95m35  : [0m[90;2m┆ ┆ [0m[90m[54m47s] [0m[90m|[0m time="2026-01-12T17:35:40Z" level=debug msg="cgroupv2 io stats: skipping over unmappable dios=0 entry"
[95m35  : [0m[90;2m┆ ┆ [0m[90m[54m47s] [0m[90m|[0m time="2026-01-12T17:35:41Z" level=debug msg="Kube-router network policy controller metrics tick"
[95m35  : [0m[90;2m┆ ┆ [0m[90m[54m50s] [0m[90m|[0m time="2026-01-12T17:35:44Z" level=debug msg="Kube-router network policy controller metrics tick"
[95m35  : [0m[90;2m┆ ┆ [0m[90m[54m53s] [0m[90m|[0m time="2026-01-12T17:35:47Z" level=debug msg="Kube-router network policy controller metrics tick"
[95m35  : [0m[90;2m┆ ┆ [0m[90m[54m56s] [0m[90m|[0m time="2026-01-12T17:35:49Z" level=debug msg="cgroupv2 io stats: skipping over unmappable dbytes=0 entry"
[95m35  : [0m[90;2m┆ ┆ [0m[90m[54m56s] [0m[90m|[0m time="2026-01-12T17:35:49Z" level=debug msg="cgroupv2 io stats: skipping over unmappable dios=0 entry"
[95m35  : [0m[90;2m┆ ┆ [0m[90m[54m56s] [0m[90m|[0m time="2026-01-12T17:35:50Z" level=debug msg="Kube-router network policy controller metrics tick"
[95m35  : [0m[90;2m┆ ┆ [0m[90m[54m57s] [0m[90m|[0m time="2026-01-12T17:35:50Z" level=debug msg="cgroupv2 io stats: skipping over unmappable dbytes=0 entry"
[95m35  : [0m[90;2m┆ ┆ [0m[90m[54m57s] [0m[90m|[0m time="2026-01-12T17:35:50Z" level=debug msg="cgroupv2 io stats: skipping over unmappable dios=0 entry"
[95m35  : [0m[90;2m┆ ┆ [0m[90m[54m59s] [0m[90m|[0m time="2026-01-12T17:35:53Z" level=debug msg="Kube-router network policy controller metrics tick"
[95m35  : [0m[90;2m┆ ┆ [0m[90m[55m2s] [0m[90m|[0m time="2026-01-12T17:35:56Z" level=debug msg="Kube-router network policy controller metrics tick"
[95m35  : [0m[90;2m┆ ┆ [0m[90m[55m5s] [0m[90m|[0m time="2026-01-12T17:35:59Z" level=debug msg="Kube-router network policy controller metrics tick"
[95m35  : [0m[90;2m┆ ┆ [0m[90m[55m7s] [0m[90m|[0m time="2026-01-12T17:36:00Z" level=debug msg="cgroupv2 io stats: skipping over unmappable dbytes=0 entry"
[95m35  : [0m[90;2m┆ ┆ [0m[90m[55m7s] [0m[90m|[0m time="2026-01-12T17:36:00Z" level=debug msg="cgroupv2 io stats: skipping over unmappable dios=0 entry"
[95m35  : [0m[90;2m┆ ┆ [0m[90m[55m8s] [0m[90m|[0m time="2026-01-12T17:36:02Z" level=debug msg="Kube-router network policy controller metrics tick"
[95m35  : [0m[90;2m┆ ┆ [0m[90m[55m11s] [0m[90m|[0m time="2026-01-12T17:36:05Z" level=debug msg="Kube-router network policy controller metrics tick"
[95m35  : [0m[90;2m┆ ┆ [0m[90m[55m13s] [0m[90m|[0m time="2026-01-12T17:36:06Z" level=debug msg="cgroupv2 io stats: skipping over unmappable dbytes=0 entry"
[95m35  : [0m[90;2m┆ ┆ [0m[90m[55m13s] [0m[90m|[0m time="2026-01-12T17:36:06Z" level=debug msg="cgroupv2 io stats: skipping over unmappable dios=0 entry"
[95m35  : [0m[90;2m┆ ┆ [0m[90m[55m14s] [0m[90m|[0m time="2026-01-12T17:36:08Z" level=debug msg="Kube-router network policy controller metrics tick"
[95m35  : [0m[90;2m┆ ┆ [0m[90m[55m17s] [0m[90m|[0m time="2026-01-12T17:36:10Z" level=debug msg="cgroupv2 io stats: skipping over unmappable dbytes=0 entry"
[95m35  : [0m[90;2m┆ ┆ [0m[90m[55m17s] [0m[90m|[0m time="2026-01-12T17:36:10Z" level=debug msg="cgroupv2 io stats: skipping over unmappable dios=0 entry"
[95m35  : [0m[90;2m┆ ┆ [0m[90m[55m17s] [0m[90m|[0m time="2026-01-12T17:36:11Z" level=debug msg="Kube-router network policy controller metrics tick"
[95m35  : [0m[90;2m┆ ┆ [0m[90m[55m20s] [0m[90m|[0m time="2026-01-12T17:36:14Z" level=debug msg="Kube-router network policy controller metrics tick"
[95m35  : [0m[90;2m┆ ┆ [0m[90m[55m23s] [0m[90m|[0m time="2026-01-12T17:36:17Z" level=debug msg="Kube-router network policy controller metrics tick"
[95m35  : [0m[90;2m┆ ┆ [0m[90m[55m26s] [0m[90m|[0m time="2026-01-12T17:36:20Z" level=debug msg="Kube-router network policy controller metrics tick"
[95m35  : [0m[90;2m┆ ┆ [0m[90m[55m27s] [0m[90m|[0m time="2026-01-12T17:36:20Z" level=debug msg="cgroupv2 io stats: skipping over unmappable dbytes=0 entry"
[95m35  : [0m[90;2m┆ ┆ [0m[90m[55m27s] [0m[90m|[0m time="2026-01-12T17:36:20Z" level=debug msg="cgroupv2 io stats: skipping over unmappable dios=0 entry"
[95m35  : [0m[90;2m┆ ┆ [0m[90m[55m29s] [0m[90m|[0m time="2026-01-12T17:36:23Z" level=debug msg="Kube-router network policy controller metrics tick"
[95m35  : [0m[90;2m┆ ┆ [0m[90m[55m32s] [0m[90m|[0m time="2026-01-12T17:36:26Z" level=debug msg="Kube-router network policy controller metrics tick"
[95m35  : [0m[90;2m┆ ┆ [0m[90m[55m32s] [0m[90m|[0m time="2026-01-12T17:36:26Z" level=debug msg="cgroupv2 io stats: skipping over unmappable dbytes=0 entry"
[95m35  : [0m[90;2m┆ ┆ [0m[90m[55m32s] [0m[90m|[0m time="2026-01-12T17:36:26Z" level=debug msg="cgroupv2 io stats: skipping over unmappable dios=0 entry"
[95m35  : [0m[90;2m┆ ┆ [0m[90m[55m35s] [0m[90m|[0m time="2026-01-12T17:36:29Z" level=debug msg="Kube-router network policy controller metrics tick"
[95m35  : [0m[90;2m┆ ┆ [0m[90m[55m37s] [0m[90m|[0m time="2026-01-12T17:36:30Z" level=debug msg="cgroupv2 io stats: skipping over unmappable dbytes=0 entry"
[95m35  : [0m[90;2m┆ ┆ [0m[90m[55m37s] [0m[90m|[0m time="2026-01-12T17:36:30Z" level=debug msg="cgroupv2 io stats: skipping over unmappable dios=0 entry"
[95m35  : [0m[90;2m┆ ┆ [0m[90m[55m38s] [0m[90m|[0m time="2026-01-12T17:36:32Z" level=debug msg="Kube-router network policy controller metrics tick"
[95m35  : [0m[90;2m┆ ┆ [0m[90m[55m41s] [0m[90m|[0m time="2026-01-12T17:36:35Z" level=debug msg="Kube-router network policy controller metrics tick"
[95m35  : [0m[90;2m┆ ┆ [0m[90m[55m44s] [0m[90m|[0m time="2026-01-12T17:36:37Z" level=debug msg="cgroupv2 io stats: skipping over unmappable dbytes=0 entry"
[95m35  : [0m[90;2m┆ ┆ [0m[90m[55m44s] [0m[90m|[0m time="2026-01-12T17:36:37Z" level=debug msg="cgroupv2 io stats: skipping over unmappable dios=0 entry"
[95m35  : [0m[90;2m┆ ┆ [0m[90m[55m44s] [0m[90m|[0m time="2026-01-12T17:36:38Z" level=debug msg="Kube-router network policy controller metrics tick"
[95m35  : [0m[90;2m┆ ┆ [0m[90m[55m47s] [0m[90m|[0m time="2026-01-12T17:36:40Z" level=debug msg="cgroupv2 io stats: skipping over unmappable dbytes=0 entry"
[95m35  : [0m[90;2m┆ ┆ [0m[90m[55m47s] [0m[90m|[0m time="2026-01-12T17:36:40Z" level=debug msg="cgroupv2 io stats: skipping over unmappable dios=0 entry"
[95m35  : [0m[90;2m┆ ┆ [0m[90m[55m47s] [0m[90m|[0m time="2026-01-12T17:36:41Z" level=debug msg="Kube-router network policy controller metrics tick"
[95m35  : [0m[90;2m┆ ┆ [0m[90m[55m50s] [0m[90m|[0m time="2026-01-12T17:36:44Z" level=debug msg="Kube-router network policy controller metrics tick"
[95m35  : [0m[90;2m┆ ┆ [0m[90m[55m53s] [0m[90m|[0m time="2026-01-12T17:36:47Z" level=debug msg="Kube-router network policy controller metrics tick"
[95m35  : [0m[90;2m┆ ┆ [0m[90m[55m56s] [0m[90m|[0m time="2026-01-12T17:36:50Z" level=debug msg="Kube-router network policy controller metrics tick"
[95m35  : [0m[90;2m┆ ┆ [0m[90m[55m57s] [0m[90m|[0m time="2026-01-12T17:36:50Z" level=debug msg="cgroupv2 io stats: skipping over unmappable dbytes=0 entry"
[95m35  : [0m[90;2m┆ ┆ [0m[90m[55m57s] [0m[90m|[0m time="2026-01-12T17:36:50Z" level=debug msg="cgroupv2 io stats: skipping over unmappable dios=0 entry"
[95m35  : [0m[90;2m┆ ┆ [0m[90m[55m59s] [0m[90m|[0m time="2026-01-12T17:36:53Z" level=debug msg="Kube-router network policy controller metrics tick"
[95m35  : [0m[90;2m┆ ┆ [0m[90m[56m2s] [0m[90m|[0m time="2026-01-12T17:36:56Z" level=debug msg="Kube-router network policy controller metrics tick"
[95m35  : [0m[90;2m┆ ┆ [0m[90m[56m3s] [0m[90m|[0m time="2026-01-12T17:36:57Z" level=debug msg="cgroupv2 io stats: skipping over unmappable dbytes=0 entry"
[95m35  : [0m[90;2m┆ ┆ [0m[90m[56m3s] [0m[90m|[0m time="2026-01-12T17:36:57Z" level=debug msg="cgroupv2 io stats: skipping over unmappable dios=0 entry"
[95m35  : [0m[90;2m┆ ┆ [0m[90m[56m5s] [0m[90m|[0m time="2026-01-12T17:36:59Z" level=debug msg="Kube-router network policy controller metrics tick"
[95m35  : [0m[90;2m┆ ┆ [0m[90m[56m7s] [0m[90m|[0m time="2026-01-12T17:37:00Z" level=debug msg="cgroupv2 io stats: skipping over unmappable dbytes=0 entry"
[95m35  : [0m[90;2m┆ ┆ [0m[90m[56m7s] [0m[90m|[0m time="2026-01-12T17:37:00Z" level=debug msg="cgroupv2 io stats: skipping over unmappable dios=0 entry"
[95m35  : [0m[90;2m┆ ┆ [0m[90m[56m8s] [0m[90m|[0m time="2026-01-12T17:37:02Z" level=debug msg="Kube-router network policy controller metrics tick"
[95m35  : [0m[90;2m┆ ┆ [0m[90m[56m11s] [0m[90m|[0m time="2026-01-12T17:37:05Z" level=debug msg="Kube-router network policy controller metrics tick"
[95m35  : [0m[90;2m┆ ┆ [0m[90m[56m14s] [0m[90m|[0m time="2026-01-12T17:37:08Z" level=debug msg="Kube-router network policy controller metrics tick"
[95m35  : [0m[90;2m┆ ┆ [0m[90m[56m17s] [0m[90m|[0m time="2026-01-12T17:37:10Z" level=debug msg="cgroupv2 io stats: skipping over unmappable dbytes=0 entry"
[95m35  : [0m[90;2m┆ ┆ [0m[90m[56m17s] [0m[90m|[0m time="2026-01-12T17:37:10Z" level=debug msg="cgroupv2 io stats: skipping over unmappable dios=0 entry"
[95m35  : [0m[90;2m┆ ┆ [0m[90m[56m17s] [0m[90m|[0m time="2026-01-12T17:37:10Z" level=debug msg="cgroupv2 io stats: skipping over unmappable dbytes=0 entry"
[95m35  : [0m[90;2m┆ ┆ [0m[90m[56m17s] [0m[90m|[0m time="2026-01-12T17:37:10Z" level=debug msg="cgroupv2 io stats: skipping over unmappable dios=0 entry"
[95m35  : [0m[90;2m┆ ┆ [0m[90m[56m17s] [0m[90m|[0m time="2026-01-12T17:37:11Z" level=debug msg="Kube-router network policy controller metrics tick"
[95m35  : [0m[90;2m┆ ┆ [0m[90m[56m20s] [0m[90m|[0m time="2026-01-12T17:37:14Z" level=debug msg="Kube-router network policy controller metrics tick"
[95m35  : [0m[90;2m┆ ┆ [0m[90m[56m23s] [0m[90m|[0m time="2026-01-12T17:37:17Z" level=debug msg="Kube-router network policy controller metrics tick"
[95m35  : [0m[90;2m┆ ┆ [0m[90m[56m26s] [0m[90m|[0m time="2026-01-12T17:37:20Z" level=debug msg="Kube-router network policy controller metrics tick"
[95m35  : [0m[90;2m┆ ┆ [0m[90m[56m27s] [0m[90m|[0m time="2026-01-12T17:37:20Z" level=debug msg="cgroupv2 io stats: skipping over unmappable dbytes=0 entry"
[95m35  : [0m[90;2m┆ ┆ [0m[90m[56m27s] [0m[90m|[0m time="2026-01-12T17:37:20Z" level=debug msg="cgroupv2 io stats: skipping over unmappable dios=0 entry"
[95m35  : [0m[90;2m┆ ┆ [0m[90m[1h11m35s] [0m[90m|[0m time="2026-01-12T17:52:28Z" level=debug msg="Kube-router network policy controller metrics tick"
[95m35  : [0m[90;2m┆ ┆ [0m[90m[1h11m38s] [0m[90m|[0m time="2026-01-12T17:52:31Z" level=debug msg="Kube-router network policy controller metrics tick"
[95m35  : [0m[90;2m┆ ┆ [0m[90m[1h11m40s] [0m[90m|[0m time="2026-01-12T17:52:33Z" level=debug msg="cgroupv2 io stats: skipping over unmappable dbytes=0 entry"
[95m35  : [0m[90;2m┆ ┆ [0m[90m[1h11m40s] [0m[90m|[0m time="2026-01-12T17:52:33Z" level=debug msg="cgroupv2 io stats: skipping over unmappable dios=0 entry"
[95m35  : [0m[90;2m┆ ┆ [0m[90m[1h11m41s] [0m[90m|[0m time="2026-01-12T17:52:34Z" level=debug msg="Kube-router network policy controller metrics tick"
[95m35  : [0m[90;2m┆ ┆ [0m[90m[1h11m43s] [0m[90m|[0m time="2026-01-12T17:52:36Z" level=debug msg="cgroupv2 io stats: skipping over unmappable dbytes=0 entry"
[95m35  : [0m[90;2m┆ ┆ [0m[90m[1h11m43s] [0m[90m|[0m time="2026-01-12T17:52:36Z" level=debug msg="cgroupv2 io stats: skipping over unmappable dios=0 entry"
[95m35  : [0m[90;2m┆ ┆ [0m[90m[1h11m44s] [0m[90m|[0m time="2026-01-12T17:52:37Z" level=debug msg="Kube-router network policy controller metrics tick"
[95m35  : [0m[90;2m┆ ┆ [0m[90m[1h11m47s] [0m[90m|[0m time="2026-01-12T17:52:40Z" level=debug msg="Kube-router network policy controller metrics tick"
[95m35  : [0m[90;2m┆ ┆ [0m[90m[1h11m50s] [0m[90m|[0m time="2026-01-12T17:52:43Z" level=debug msg="Kube-router network policy controller metrics tick"
[95m35  : [0m[90;2m┆ ┆ [0m[90m[1h11m53s] [0m[90m|[0m time="2026-01-12T17:52:46Z" level=debug msg="cgroupv2 io stats: skipping over unmappable dbytes=0 entry"
[95m35  : [0m[90;2m┆ ┆ [0m[90m[1h11m53s] [0m[90m|[0m time="2026-01-12T17:52:46Z" level=debug msg="cgroupv2 io stats: skipping over unmappable dios=0 entry"
[95m35  : [0m[90;2m┆ ┆ [0m[90m[1h11m53s] [0m[90m|[0m time="2026-01-12T17:52:46Z" level=debug msg="Kube-router network policy controller metrics tick"
[95m35  : [0m[90;2m┆ ┆ [0m[90m[1h11m56s] [0m[90m|[0m time="2026-01-12T17:52:49Z" level=debug msg="cgroupv2 io stats: skipping over unmappable dbytes=0 entry"
[95m35  : [0m[90;2m┆ ┆ [0m[90m[1h11m56s] [0m[90m|[0m time="2026-01-12T17:52:49Z" level=debug msg="cgroupv2 io stats: skipping over unmappable dios=0 entry"
[95m35  : [0m[90;2m┆ ┆ [0m[90m[1h11m56s] [0m[90m|[0m time="2026-01-12T17:52:49Z" level=debug msg="Kube-router network policy controller metrics tick"
[95m35  : [0m[90;2m┆ ┆ [0m[90m[1h11m57s] [0m[90m|[0m E0112 17:52:50.802196      14 authentication.go:75] "Unable to authenticate the request" err="[invalid bearer token, service account token has expired]"
[95m35  : [0m[90;2m┆ ┆ [0m[90m[1h11m57s] [0m[90m|[0m E0112 17:52:50.802867      14 resource_quota_controller.go:446] "Unhandled Error" err="failed to discover resources: the server has asked for the client to provide credentials"
[95m35  : [0m[90;2m┆ ┆ [0m[90m[1h11m57s] [0m[90m|[0m E0112 17:52:51.376150      14 authentication.go:75] "Unable to authenticate the request" err="[invalid bearer token, service account token has expired]"
[95m35  : [0m[90;2m┆ ┆ [0m[90m[1h11m57s] [0m[90m|[0m I0112 17:52:51.376344      14 garbagecollector.go:789] "failed to discover preferred resources" error="the server has asked for the client to provide credentials"
[95m35  : [0m[90;2m┆ ┆ [0m[90m[1h11m59s] [0m[90m|[0m time="2026-01-12T17:52:52Z" level=debug msg="Kube-router network policy controller metrics tick"
[95m35  : [0m[90;2m┆ ┆ [0m[90m[1h12m2s] [0m[90m|[0m time="2026-01-12T17:52:55Z" level=debug msg="Kube-router network policy controller metrics tick"
[95m35  : [0m[90;2m┆ ┆ [0m[90m[1h12m3s] [0m[90m|[0m time="2026-01-12T17:52:56Z" level=debug msg="cgroupv2 io stats: skipping over unmappable dbytes=0 entry"
[95m35  : [0m[90;2m┆ ┆ [0m[90m[1h12m3s] [0m[90m|[0m time="2026-01-12T17:52:56Z" level=debug msg="cgroupv2 io stats: skipping over unmappable dios=0 entry"
[95m35  : [0m[90;2m┆ ┆ [0m[90m[1h12m5s] [0m[90m|[0m time="2026-01-12T17:52:58Z" level=debug msg="Kube-router network policy controller metrics tick"
[95m35  : [0m[90;2m┆ ┆ [0m[90m[1h12m8s] [0m[90m|[0m time="2026-01-12T17:53:01Z" level=debug msg="Kube-router network policy controller metrics tick"
[95m35  : [0m[90;2m┆ ┆ [0m[90m[1h12m11s] [0m[90m|[0m time="2026-01-12T17:53:04Z" level=debug msg="Kube-router network policy controller metrics tick"
[95m35  : [0m[90;2m┆ ┆ [0m[90m[1h12m13s] [0m[90m|[0m time="2026-01-12T17:53:06Z" level=debug msg="cgroupv2 io stats: skipping over unmappable dbytes=0 entry"
[95m35  : [0m[90;2m┆ ┆ [0m[90m[1h12m13s] [0m[90m|[0m time="2026-01-12T17:53:06Z" level=debug msg="cgroupv2 io stats: skipping over unmappable dios=0 entry"
[95m35  : [0m[90;2m┆ ┆ [0m[90m[1h28m10s] [0m[90m|[0m time="2026-01-12T18:09:03Z" level=debug msg="Kube-router network policy controller metrics tick"
[95m35  : [0m[90;2m┆ ┆ [0m[90m[1h28m11s] [0m[90m|[0m time="2026-01-12T18:09:05Z" level=debug msg="cgroupv2 io stats: skipping over unmappable dbytes=0 entry"
[95m35  : [0m[90;2m┆ ┆ [0m[90m[1h28m11s] [0m[90m|[0m time="2026-01-12T18:09:05Z" level=debug msg="cgroupv2 io stats: skipping over unmappable dios=0 entry"
[95m35  : [0m[90;2m┆ ┆ [0m[90m[1h28m13s] [0m[90m|[0m time="2026-01-12T18:09:06Z" level=debug msg="Kube-router network policy controller metrics tick"
[95m35  : [0m[90;2m┆ ┆ [0m[90m[1h28m16s] [0m[90m|[0m time="2026-01-12T18:09:09Z" level=debug msg="Kube-router network policy controller metrics tick"
[95m35  : [0m[90;2m┆ ┆ [0m[90m[1h28m19s] [0m[90m|[0m time="2026-01-12T18:09:12Z" level=debug msg="cgroupv2 io stats: skipping over unmappable dbytes=0 entry"
[95m35  : [0m[90;2m┆ ┆ [0m[90m[1h28m19s] [0m[90m|[0m time="2026-01-12T18:09:12Z" level=debug msg="cgroupv2 io stats: skipping over unmappable dios=0 entry"
[95m35  : [0m[90;2m┆ ┆ [0m[90m[1h28m19s] [0m[90m|[0m time="2026-01-12T18:09:12Z" level=debug msg="Kube-router network policy controller metrics tick"
[95m35  : [0m[90;2m┆ ┆ [0m[90m[1h28m22s] [0m[90m|[0m time="2026-01-12T18:09:15Z" level=debug msg="Kube-router network policy controller metrics tick"
[95m35  : [0m[90;2m┆ ┆ [0m[90m[1h28m25s] [0m[90m|[0m time="2026-01-12T18:09:18Z" level=debug msg="Kube-router network policy controller metrics tick"
[95m35  : [0m[90;2m┆ ┆ [0m[90m[1h28m28s] [0m[90m|[0m time="2026-01-12T18:09:21Z" level=debug msg="Kube-router network policy controller metrics tick"
[95m35  : [0m[90;2m┆ ┆ [0m[90m[1h28m29s] [0m[90m|[0m time="2026-01-12T18:09:22Z" level=debug msg="cgroupv2 io stats: skipping over unmappable dbytes=0 entry"
[95m35  : [0m[90;2m┆ ┆ [0m[90m[1h28m29s] [0m[90m|[0m time="2026-01-12T18:09:22Z" level=debug msg="cgroupv2 io stats: skipping over unmappable dios=0 entry"
[95m35  : [0m[90;2m┆ ┆ [0m[90m[1h28m30s] [0m[90m|[0m time="2026-01-12T18:09:24Z" level=debug msg="cgroupv2 io stats: skipping over unmappable dbytes=0 entry"
[95m35  : [0m[90;2m┆ ┆ [0m[90m[1h28m30s] [0m[90m|[0m time="2026-01-12T18:09:24Z" level=debug msg="cgroupv2 io stats: skipping over unmappable dios=0 entry"
[95m35  : [0m[90;2m┆ ┆ [0m[90m[1h28m31s] [0m[90m|[0m time="2026-01-12T18:09:24Z" level=debug msg="Kube-router network policy controller metrics tick"
[95m35  : [0m[90;2m┆ ┆ [0m[90m[1h28m34s] [0m[90m|[0m time="2026-01-12T18:09:27Z" level=debug msg="Kube-router network policy controller metrics tick"
[95m35  : [0m[90;2m┆ ┆ [0m[90m[1h28m37s] [0m[90m|[0m time="2026-01-12T18:09:30Z" level=debug msg="Kube-router network policy controller metrics tick"
[95m35  : [0m[90;2m┆ ┆ [0m[90m[1h28m39s] [0m[90m|[0m time="2026-01-12T18:09:32Z" level=debug msg="cgroupv2 io stats: skipping over unmappable dbytes=0 entry"
[95m35  : [0m[90;2m┆ ┆ [0m[90m[1h28m39s] [0m[90m|[0m time="2026-01-12T18:09:32Z" level=debug msg="cgroupv2 io stats: skipping over unmappable dios=0 entry"
[95m35  : [0m[90;2m┆ ┆ [0m[90m[1h28m40s] [0m[90m|[0m time="2026-01-12T18:09:33Z" level=debug msg="Kube-router network policy controller metrics tick"
[95m35  : [0m[90;2m┆ ┆ [0m[90m[1h28m43s] [0m[90m|[0m time="2026-01-12T18:09:36Z" level=debug msg="Kube-router network policy controller metrics tick"
[95m35  : [0m[90;2m┆ ┆ [0m[90m[1h28m46s] [0m[90m|[0m time="2026-01-12T18:09:39Z" level=debug msg="Kube-router network policy controller metrics tick"
[95m35  : [0m[90;2m┆ ┆ [0m[90m[1h28m48s] [0m[90m|[0m time="2026-01-12T18:09:42Z" level=debug msg="cgroupv2 io stats: skipping over unmappable dbytes=0 entry"
[95m35  : [0m[90;2m┆ ┆ [0m[90m[1h28m48s] [0m[90m|[0m time="2026-01-12T18:09:42Z" level=debug msg="cgroupv2 io stats: skipping over unmappable dios=0 entry"
[95m35  : [0m[90;2m┆ ┆ [0m[90m[1h28m49s] [0m[90m|[0m time="2026-01-12T18:09:42Z" level=debug msg="Kube-router network policy controller metrics tick"
[95m35  : [0m[90;2m┆ ┆ [0m[90m[1h28m49s] [0m[90m|[0m time="2026-01-12T18:09:42Z" level=debug msg="cgroupv2 io stats: skipping over unmappable dbytes=0 entry"
[95m35  : [0m[90;2m┆ ┆ [0m[90m[1h28m49s] [0m[90m|[0m time="2026-01-12T18:09:42Z" level=debug msg="cgroupv2 io stats: skipping over unmappable dios=0 entry"
[95m35  : [0m[90;2m┆ ┆ [0m[90m[1h28m52s] [0m[90m|[0m time="2026-01-12T18:09:45Z" level=debug msg="Kube-router network policy controller metrics tick"
[95m35  : [0m[90;2m┆ ┆ [0m[90m[1h28m55s] [0m[90m|[0m time="2026-01-12T18:09:48Z" level=debug msg="Kube-router network policy controller metrics tick"
[95m35  : [0m[90;2m┆ ┆ [0m[90m[1h28m58s] [0m[90m|[0m time="2026-01-12T18:09:51Z" level=debug msg="Kube-router network policy controller metrics tick"
[95m35  : [0m[90;2m┆ ┆ [0m[90m[1h28m59s] [0m[90m|[0m time="2026-01-12T18:09:52Z" level=debug msg="cgroupv2 io stats: skipping over unmappable dbytes=0 entry"
[95m35  : [0m[90;2m┆ ┆ [0m[90m[1h28m59s] [0m[90m|[0m time="2026-01-12T18:09:52Z" level=debug msg="cgroupv2 io stats: skipping over unmappable dios=0 entry"
[95m35  : [0m[90;2m┆ ┆ [0m[90m[1h29m1s] [0m[90m|[0m time="2026-01-12T18:09:54Z" level=debug msg="Kube-router network policy controller metrics tick"
[95m35  : [0m[90;2m┆ ┆ [0m[90m[1h29m4s] [0m[90m|[0m time="2026-01-12T18:09:57Z" level=debug msg="Kube-router network policy controller metrics tick"
[95m35  : [0m[90;2m┆ ┆ [0m[90m[1h29m4s] [0m[90m|[0m time="2026-01-12T18:09:58Z" level=debug msg="cgroupv2 io stats: skipping over unmappable dbytes=0 entry"
[95m35  : [0m[90;2m┆ ┆ [0m[90m[1h29m4s] [0m[90m|[0m time="2026-01-12T18:09:58Z" level=debug msg="cgroupv2 io stats: skipping over unmappable dios=0 entry"
[95m35  : [0m[90;2m┆ ┆ [0m[90m[1h29m7s] [0m[90m|[0m time="2026-01-12T18:10:00Z" level=debug msg="Kube-router network policy controller metrics tick"
[95m35  : [0m[90;2m┆ ┆ [0m[90m[1h29m9s] [0m[90m|[0m time="2026-01-12T18:10:02Z" level=debug msg="cgroupv2 io stats: skipping over unmappable dbytes=0 entry"
[95m35  : [0m[90;2m┆ ┆ [0m[90m[1h29m9s] [0m[90m|[0m time="2026-01-12T18:10:02Z" level=debug msg="cgroupv2 io stats: skipping over unmappable dios=0 entry"
[95m35  : [0m[90;2m┆ ┆ [0m[90m[1h29m10s] [0m[90m|[0m time="2026-01-12T18:10:03Z" level=debug msg="Kube-router network policy controller metrics tick"
[95m35  : [0m[90;2m┆ ┆ [0m[90m[1h29m13s] [0m[90m|[0m time="2026-01-12T18:10:06Z" level=debug msg="Kube-router network policy controller metrics tick"
[95m35  : [0m[90;2m┆ ┆ [0m[90m[1h29m15s] [0m[90m|[0m time="2026-01-12T18:10:09Z" level=debug msg="cgroupv2 io stats: skipping over unmappable dbytes=0 entry"
[95m35  : [0m[90;2m┆ ┆ [0m[90m[1h29m15s] [0m[90m|[0m time="2026-01-12T18:10:09Z" level=debug msg="cgroupv2 io stats: skipping over unmappable dios=0 entry"
[95m35  : [0m[90;2m┆ ┆ [0m[90m[1h29m16s] [0m[90m|[0m time="2026-01-12T18:10:09Z" level=debug msg="Kube-router network policy controller metrics tick"
[95m35  : [0m[90;2m┆ ┆ [0m[90m[1h29m19s] [0m[90m|[0m time="2026-01-12T18:10:12Z" level=debug msg="Kube-router network policy controller metrics tick"
[95m35  : [0m[90;2m┆ ┆ [0m[90m[1h29m19s] [0m[90m|[0m time="2026-01-12T18:10:12Z" level=debug msg="cgroupv2 io stats: skipping over unmappable dbytes=0 entry"
[95m35  : [0m[90;2m┆ ┆ [0m[90m[1h29m19s] [0m[90m|[0m time="2026-01-12T18:10:12Z" level=debug msg="cgroupv2 io stats: skipping over unmappable dios=0 entry"
[95m35  : [0m[90;2m┆ ┆ [0m[90m[1h29m22s] [0m[90m|[0m time="2026-01-12T18:10:15Z" level=debug msg="Kube-router network policy controller metrics tick"
[95m35  : [0m[90;2m┆ ┆ [0m[90m[1h29m25s] [0m[90m|[0m time="2026-01-12T18:10:18Z" level=debug msg="Kube-router network policy controller metrics tick"
[95m35  : [0m[90;2m┆ ┆ [0m[90m[1h29m28s] [0m[90m|[0m time="2026-01-12T18:10:21Z" level=debug msg="Kube-router network policy controller metrics tick"
[95m35  : [0m[90;2m┆ ┆ [0m[90m[1h29m29s] [0m[90m|[0m time="2026-01-12T18:10:22Z" level=debug msg="cgroupv2 io stats: skipping over unmappable dbytes=0 entry"
[95m35  : [0m[90;2m┆ ┆ [0m[90m[1h29m29s] [0m[90m|[0m time="2026-01-12T18:10:22Z" level=debug msg="cgroupv2 io stats: skipping over unmappable dios=0 entry"
[95m35  : [0m[90;2m┆ ┆ [0m[90m[1h29m30s] [0m[90m|[0m time="2026-01-12T18:10:23Z" level=debug msg="cgroupv2 io stats: skipping over unmappable dbytes=0 entry"
[95m35  : [0m[90;2m┆ ┆ [0m[90m[1h29m30s] [0m[90m|[0m time="2026-01-12T18:10:23Z" level=debug msg="cgroupv2 io stats: skipping over unmappable dios=0 entry"
[95m35  : [0m[90;2m┆ ┆ [0m[90m[1h29m31s] [0m[90m|[0m time="2026-01-12T18:10:24Z" level=debug msg="Kube-router network policy controller metrics tick"
[95m35  : [0m[90;2m┆ ┆ [0m[90m[1h29m34s] [0m[90m|[0m time="2026-01-12T18:10:27Z" level=debug msg="Kube-router network policy controller metrics tick"
[95m35  : [0m[90;2m┆ ┆ [0m[90m[1h29m37s] [0m[90m|[0m time="2026-01-12T18:10:30Z" level=debug msg="Kube-router network policy controller metrics tick"
[95m35  : [0m[90;2m┆ ┆ [0m[90m[1h29m39s] [0m[90m|[0m time="2026-01-12T18:10:32Z" level=debug msg="cgroupv2 io stats: skipping over unmappable dbytes=0 entry"
[95m35  : [0m[90;2m┆ ┆ [0m[90m[1h29m39s] [0m[90m|[0m time="2026-01-12T18:10:32Z" level=debug msg="cgroupv2 io stats: skipping over unmappable dios=0 entry"
[95m35  : [0m[90;2m┆ ┆ [0m[90m[1h29m40s] [0m[90m|[0m time="2026-01-12T18:10:33Z" level=debug msg="Kube-router network policy controller metrics tick"
[95m35  : [0m[90;2m┆ ┆ [0m[90m[1h29m43s] [0m[90m|[0m time="2026-01-12T18:10:36Z" level=debug msg="Kube-router network policy controller metrics tick"
[95m35  : [0m[90;2m┆ ┆ [0m[90m[1h29m46s] [0m[90m|[0m time="2026-01-12T18:10:39Z" level=debug msg="Kube-router network policy controller metrics tick"
[95m35  : [0m[90;2m┆ ┆ [0m[90m[1h29m47s] [0m[90m|[0m time="2026-01-12T18:10:40Z" level=debug msg="cgroupv2 io stats: skipping over unmappable dbytes=0 entry"
[95m35  : [0m[90;2m┆ ┆ [0m[90m[1h29m47s] [0m[90m|[0m time="2026-01-12T18:10:40Z" level=debug msg="cgroupv2 io stats: skipping over unmappable dios=0 entry"
[95m35  : [0m[90;2m┆ ┆ [0m[90m[1h29m49s] [0m[90m|[0m time="2026-01-12T18:10:42Z" level=debug msg="Kube-router network policy controller metrics tick"
[95m35  : [0m[90;2m┆ ┆ [0m[90m[1h29m49s] [0m[90m|[0m time="2026-01-12T18:10:42Z" level=debug msg="cgroupv2 io stats: skipping over unmappable dbytes=0 entry"
[95m35  : [0m[90;2m┆ ┆ [0m[90m[1h29m49s] [0m[90m|[0m time="2026-01-12T18:10:42Z" level=debug msg="cgroupv2 io stats: skipping over unmappable dios=0 entry"
[95m35  : [0m[90;2m┆ ┆ [0m[90m[1h29m52s] [0m[90m|[0m time="2026-01-12T18:10:45Z" level=debug msg="Kube-router network policy controller metrics tick"
[95m35  : [0m[90;2m┆ ┆ [0m[90m[1h29m55s] [0m[90m|[0m time="2026-01-12T18:10:48Z" level=debug msg="Kube-router network policy controller metrics tick"
[95m35  : [0m[90;2m┆ ┆ [0m[90m[1h29m58s] [0m[90m|[0m time="2026-01-12T18:10:51Z" level=debug msg="Kube-router network policy controller metrics tick"
[95m35  : [0m[90;2m┆ ┆ [0m[90m[1h29m59s] [0m[90m|[0m time="2026-01-12T18:10:52Z" level=debug msg="cgroupv2 io stats: skipping over unmappable dbytes=0 entry"
[95m35  : [0m[90;2m┆ ┆ [0m[90m[1h29m59s] [0m[90m|[0m time="2026-01-12T18:10:52Z" level=debug msg="cgroupv2 io stats: skipping over unmappable dios=0 entry"
[95m35  : [0m[90;2m┆ ┆ [0m[90m[1h30m1s] [0m[90m|[0m time="2026-01-12T18:10:54Z" level=debug msg="Kube-router network policy controller metrics tick"
[95m35  : [0m[90;2m┆ ┆ [0m[90m[1h30m3s] [0m[90m|[0m time="2026-01-12T18:10:57Z" level=debug msg="cgroupv2 io stats: skipping over unmappable dbytes=0 entry"
[95m35  : [0m[90;2m┆ ┆ [0m[90m[1h30m3s] [0m[90m|[0m time="2026-01-12T18:10:57Z" level=debug msg="cgroupv2 io stats: skipping over unmappable dios=0 entry"
[95m35  : [0m[90;2m┆ ┆ [0m[90m[1h30m4s] [0m[90m|[0m time="2026-01-12T18:10:57Z" level=debug msg="Kube-router network policy controller metrics tick"
[95m35  : [0m[90;2m┆ ┆ [0m[90m[1h30m7s] [0m[90m|[0m time="2026-01-12T18:11:00Z" level=debug msg="Kube-router network policy controller metrics tick"
[95m35  : [0m[90;2m┆ ┆ [0m[90m[1h30m9s] [0m[90m|[0m time="2026-01-12T18:11:03Z" level=debug msg="cgroupv2 io stats: skipping over unmappable dbytes=0 entry"
[95m35  : [0m[90;2m┆ ┆ [0m[90m[1h30m9s] [0m[90m|[0m time="2026-01-12T18:11:03Z" level=debug msg="cgroupv2 io stats: skipping over unmappable dios=0 entry"
[95m35  : [0m[90;2m┆ ┆ [0m[90m[1h30m10s] [0m[90m|[0m time="2026-01-12T18:11:03Z" level=debug msg="Kube-router network policy controller metrics tick"
[95m35  : [0m[90;2m┆ ┆ [0m[90m[1h30m13s] [0m[90m|[0m time="2026-01-12T18:11:06Z" level=debug msg="Kube-router network policy controller metrics tick"
[95m35  : [0m[90;2m┆ ┆ [0m[90m[1h30m16s] [0m[90m|[0m time="2026-01-12T18:11:09Z" level=debug msg="Kube-router network policy controller metrics tick"
[95m35  : [0m[90;2m┆ ┆ [0m[90m[1h30m19s] [0m[90m|[0m time="2026-01-12T18:11:12Z" level=debug msg="Kube-router network policy controller metrics tick"
[95m35  : [0m[90;2m┆ ┆ [0m[90m[1h30m19s] [0m[90m|[0m time="2026-01-12T18:11:13Z" level=debug msg="cgroupv2 io stats: skipping over unmappable dbytes=0 entry"
[95m35  : [0m[90;2m┆ ┆ [0m[90m[1h30m19s] [0m[90m|[0m time="2026-01-12T18:11:13Z" level=debug msg="cgroupv2 io stats: skipping over unmappable dios=0 entry"
[95m35  : [0m[90;2m┆ ┆ [0m[90m[1h30m20s] [0m[90m|[0m time="2026-01-12T18:11:14Z" level=debug msg="cgroupv2 io stats: skipping over unmappable dbytes=0 entry"
[95m35  : [0m[90;2m┆ ┆ [0m[90m[1h30m20s] [0m[90m|[0m time="2026-01-12T18:11:14Z" level=debug msg="cgroupv2 io stats: skipping over unmappable dios=0 entry"
[95m35  : [0m[90;2m┆ ┆ [0m[90m[1h30m22s] [0m[90m|[0m time="2026-01-12T18:11:15Z" level=debug msg="Kube-router network policy controller metrics tick"
[95m35  : [0m[90;2m┆ ┆ [0m[90m[1h30m25s] [0m[90m|[0m time="2026-01-12T18:11:18Z" level=debug msg="Kube-router network policy controller metrics tick"
[95m35  : [0m[90;2m┆ ┆ [0m[90m[1h30m28s] [0m[90m|[0m time="2026-01-12T18:11:21Z" level=debug msg="Kube-router network policy controller metrics tick"
[95m35  : [0m[90;2m┆ ┆ [0m[90m[1h30m29s] [0m[90m|[0m time="2026-01-12T18:11:23Z" level=debug msg="cgroupv2 io stats: skipping over unmappable dbytes=0 entry"
[95m35  : [0m[90;2m┆ ┆ [0m[90m[1h30m29s] [0m[90m|[0m time="2026-01-12T18:11:23Z" level=debug msg="cgroupv2 io stats: skipping over unmappable dios=0 entry"
[95m35  : [0m[90;2m┆ ┆ [0m[90m[1h30m31s] [0m[90m|[0m time="2026-01-12T18:11:24Z" level=debug msg="Kube-router network policy controller metrics tick"
[95m35  : [0m[90;2m┆ ┆ [0m[90m[1h30m34s] [0m[90m|[0m time="2026-01-12T18:11:27Z" level=debug msg="Kube-router network policy controller metrics tick"
[95m35  : [0m[90;2m┆ ┆ [0m[90m[1h30m35s] [0m[90m|[0m time="2026-01-12T18:11:29Z" level=debug msg="cgroupv2 io stats: skipping over unmappable dbytes=0 entry"
[95m35  : [0m[90;2m┆ ┆ [0m[90m[1h30m35s] [0m[90m|[0m time="2026-01-12T18:11:29Z" level=debug msg="cgroupv2 io stats: skipping over unmappable dios=0 entry"
[95m35  : [0m[90;2m┆ ┆ [0m[90m[1h30m37s] [0m[90m|[0m time="2026-01-12T18:11:30Z" level=debug msg="Kube-router network policy controller metrics tick"
[95m35  : [0m[90;2m┆ ┆ [0m[90m[1h30m39s] [0m[90m|[0m time="2026-01-12T18:11:33Z" level=debug msg="cgroupv2 io stats: skipping over unmappable dbytes=0 entry"
[95m35  : [0m[90;2m┆ ┆ [0m[90m[1h30m39s] [0m[90m|[0m time="2026-01-12T18:11:33Z" level=debug msg="cgroupv2 io stats: skipping over unmappable dios=0 entry"
[95m35  : [0m[90;2m┆ ┆ [0m[90m[1h30m40s] [0m[90m|[0m time="2026-01-12T18:11:33Z" level=debug msg="Kube-router network policy controller metrics tick"
[95m35  : [0m[90;2m┆ ┆ [0m[90m[1h30m43s] [0m[90m|[0m time="2026-01-12T18:11:36Z" level=debug msg="Kube-router network policy controller metrics tick"
[95m35  : [0m[90;2m┆ ┆ [0m[90m[1h30m44s] [0m[90m|[0m time="2026-01-12T18:11:37Z" level=info msg="COMPACT compactRev=0 targetCompactRev=36 currentRev=1036"
[95m35  : [0m[90;2m┆ ┆ [0m[90m[1h30m44s] [0m[90m|[0m time="2026-01-12T18:11:37Z" level=info msg="COMPACT deleted 1 rows from 36 revisions in 882.211µs - compacted to 36/1036"
[95m35  : [0m[90;2m┆ ┆ [0m[90m[1h30m44s] [0m[90m|[0m time="2026-01-12T18:11:37Z" level=info msg="COMPACT compacted from 0 to 36 in 1 transactions over 1ms"
[95m35  : [0m[90;2m┆ ┆ [0m[90m[1h30m46s] [0m[90m|[0m time="2026-01-12T18:11:39Z" level=debug msg="Kube-router network policy controller metrics tick"
[95m35  : [0m[90;2m┆ ┆ [0m[90m[1h30m46s] [0m[90m|[0m W0112 18:11:40.449658      14 info.go:53] Couldn't collect info from any of the files in "/etc/machine-id,/var/lib/dbus/machine-id"
[95m35  : [0m[90;2m┆ ┆ [0m[90m[1h30m47s] [0m[90m|[0m time="2026-01-12T18:11:40Z" level=debug msg="cgroupv2 io stats: skipping over unmappable dbytes=0 entry"
[95m35  : [0m[90;2m┆ ┆ [0m[90m[1h30m47s] [0m[90m|[0m time="2026-01-12T18:11:40Z" level=debug msg="cgroupv2 io stats: skipping over unmappable dios=0 entry"
[95m35  : [0m[90;2m┆ ┆ [0m[90m[1h30m49s] [0m[90m|[0m time="2026-01-12T18:11:42Z" level=debug msg="Kube-router network policy controller metrics tick"
[95m35  : [0m[90;2m┆ ┆ [0m[90m[1h30m49s] [0m[90m|[0m time="2026-01-12T18:11:43Z" level=debug msg="cgroupv2 io stats: skipping over unmappable dbytes=0 entry"
[95m35  : [0m[90;2m┆ ┆ [0m[90m[1h30m49s] [0m[90m|[0m time="2026-01-12T18:11:43Z" level=debug msg="cgroupv2 io stats: skipping over unmappable dios=0 entry"
[95m35  : [0m[90;2m┆ ┆ [0m[90m[1h30m52s] [0m[90m|[0m time="2026-01-12T18:11:45Z" level=debug msg="Kube-router network policy controller metrics tick"
[95m35  : [0m[90;2m┆ ┆ [0m[90m[1h30m55s] [0m[90m|[0m time="2026-01-12T18:11:48Z" level=debug msg="Kube-router network policy controller metrics tick"
[95m35  : [0m[90;2m┆ ┆ [0m[90m[1h30m58s] [0m[90m|[0m time="2026-01-12T18:11:51Z" level=debug msg="Kube-router network policy controller metrics tick"
[95m35  : [0m[90;2m┆ ┆ [0m[90m[1h30m59s] [0m[90m|[0m time="2026-01-12T18:11:53Z" level=debug msg="cgroupv2 io stats: skipping over unmappable dbytes=0 entry"
[95m35  : [0m[90;2m┆ ┆ [0m[90m[1h30m59s] [0m[90m|[0m time="2026-01-12T18:11:53Z" level=debug msg="cgroupv2 io stats: skipping over unmappable dios=0 entry"
[95m35  : [0m[90;2m┆ ┆ [0m[90m[1h31m1s] [0m[90m|[0m time="2026-01-12T18:11:54Z" level=debug msg="Kube-router network policy controller metrics tick"
[95m35  : [0m[90;2m┆ ┆ [0m[90m[1h31m4s] [0m[90m|[0m time="2026-01-12T18:11:57Z" level=debug msg="Kube-router network policy controller metrics tick"
[95m35  : [0m[90;2m┆ ┆ [0m[90m[1h31m5s] [0m[90m|[0m time="2026-01-12T18:11:58Z" level=debug msg="cgroupv2 io stats: skipping over unmappable dbytes=0 entry"
[95m35  : [0m[90;2m┆ ┆ [0m[90m[1h31m5s] [0m[90m|[0m time="2026-01-12T18:11:58Z" level=debug msg="cgroupv2 io stats: skipping over unmappable dios=0 entry"
[95m35  : [0m[90;2m┆ ┆ [0m[90m[1h31m7s] [0m[90m|[0m time="2026-01-12T18:12:00Z" level=debug msg="Kube-router network policy controller metrics tick"
[95m35  : [0m[90;2m┆ ┆ [0m[90m[1h31m9s] [0m[90m|[0m time="2026-01-12T18:12:03Z" level=debug msg="cgroupv2 io stats: skipping over unmappable dbytes=0 entry"
[95m35  : [0m[90;2m┆ ┆ [0m[90m[1h31m9s] [0m[90m|[0m time="2026-01-12T18:12:03Z" level=debug msg="cgroupv2 io stats: skipping over unmappable dios=0 entry"
[95m35  : [0m[90;2m┆ ┆ [0m[90m[1h31m10s] [0m[90m|[0m time="2026-01-12T18:12:03Z" level=debug msg="Kube-router network policy controller metrics tick"
[95m35  : [0m[90;2m┆ ┆ [0m[90m[1h31m13s] [0m[90m|[0m time="2026-01-12T18:12:06Z" level=debug msg="Kube-router network policy controller metrics tick"
[95m35  : [0m[90;2m┆ ┆ [0m[90m[1h31m16s] [0m[90m|[0m time="2026-01-12T18:12:09Z" level=debug msg="Kube-router network policy controller metrics tick"
[95m35  : [0m[90;2m┆ ┆ [0m[90m[1h31m19s] [0m[90m|[0m time="2026-01-12T18:12:12Z" level=debug msg="Kube-router network policy controller metrics tick"
[95m35  : [0m[90;2m┆ ┆ [0m[90m[1h31m19s] [0m[90m|[0m time="2026-01-12T18:12:13Z" level=debug msg="cgroupv2 io stats: skipping over unmappable dbytes=0 entry"
[95m35  : [0m[90;2m┆ ┆ [0m[90m[1h31m19s] [0m[90m|[0m time="2026-01-12T18:12:13Z" level=debug msg="cgroupv2 io stats: skipping over unmappable dios=0 entry"
[95m35  : [0m[90;2m┆ ┆ [0m[90m[1h31m22s] [0m[90m|[0m time="2026-01-12T18:12:15Z" level=debug msg="cgroupv2 io stats: skipping over unmappable dbytes=0 entry"
[95m35  : [0m[90;2m┆ ┆ [0m[90m[1h31m22s] [0m[90m|[0m time="2026-01-12T18:12:15Z" level=debug msg="cgroupv2 io stats: skipping over unmappable dios=0 entry"
[95m35  : [0m[90;2m┆ ┆ [0m[90m[1h31m22s] [0m[90m|[0m time="2026-01-12T18:12:15Z" level=debug msg="Kube-router network policy controller metrics tick"
[95m35  : [0m[90;2m┆ ┆ [0m[90m[1h31m25s] [0m[90m|[0m time="2026-01-12T18:12:18Z" level=debug msg="Kube-router network policy controller metrics tick"
[95m35  : [0m[90;2m┆ ┆ [0m[90m[1h31m28s] [0m[90m|[0m time="2026-01-12T18:12:21Z" level=debug msg="Kube-router network policy controller metrics tick"
[95m35  : [0m[90;2m┆ ┆ [0m[90m[1h31m29s] [0m[90m|[0m time="2026-01-12T18:12:23Z" level=debug msg="cgroupv2 io stats: skipping over unmappable dbytes=0 entry"
[95m35  : [0m[90;2m┆ ┆ [0m[90m[1h31m29s] [0m[90m|[0m time="2026-01-12T18:12:23Z" level=debug msg="cgroupv2 io stats: skipping over unmappable dios=0 entry"
[95m35  : [0m[90;2m┆ ┆ [0m[90m[1h31m31s] [0m[90m|[0m time="2026-01-12T18:12:24Z" level=debug msg="Kube-router network policy controller metrics tick"
[95m35  : [0m[90;2m┆ ┆ [0m[90m[1h31m34s] [0m[90m|[0m time="2026-01-12T18:12:27Z" level=debug msg="Kube-router network policy controller metrics tick"
[95m35  : [0m[90;2m┆ ┆ [0m[90m[1h31m37s] [0m[90m|[0m time="2026-01-12T18:12:30Z" level=debug msg="Kube-router network policy controller metrics tick"
[95m35  : [0m[90;2m┆ ┆ [0m[90m[1h31m38s] [0m[90m|[0m time="2026-01-12T18:12:32Z" level=debug msg="cgroupv2 io stats: skipping over unmappable dbytes=0 entry"
[95m35  : [0m[90;2m┆ ┆ [0m[90m[1h31m38s] [0m[90m|[0m time="2026-01-12T18:12:32Z" level=debug msg="cgroupv2 io stats: skipping over unmappable dios=0 entry"
[95m35  : [0m[90;2m┆ ┆ [0m[90m[1h31m39s] [0m[90m|[0m time="2026-01-12T18:12:33Z" level=debug msg="cgroupv2 io stats: skipping over unmappable dbytes=0 entry"
[95m35  : [0m[90;2m┆ ┆ [0m[90m[1h31m39s] [0m[90m|[0m time="2026-01-12T18:12:33Z" level=debug msg="cgroupv2 io stats: skipping over unmappable dios=0 entry"
[95m35  : [0m[90;2m┆ ┆ [0m[90m[1h31m40s] [0m[90m|[0m time="2026-01-12T18:12:33Z" level=debug msg="Kube-router network policy controller metrics tick"
[95m35  : [0m[90;2m┆ ┆ [0m[90m[1h31m43s] [0m[90m|[0m time="2026-01-12T18:12:36Z" level=debug msg="Kube-router network policy controller metrics tick"
[95m35  : [0m[90;2m┆ ┆ [0m[90m[1h31m46s] [0m[90m|[0m time="2026-01-12T18:12:39Z" level=debug msg="Kube-router network policy controller metrics tick"
[95m35  : [0m[90;2m┆ ┆ [0m[90m[1h31m49s] [0m[90m|[0m time="2026-01-12T18:12:42Z" level=debug msg="Kube-router network policy controller metrics tick"
[95m35  : [0m[90;2m┆ ┆ [0m[90m[1h31m49s] [0m[90m|[0m time="2026-01-12T18:12:43Z" level=debug msg="cgroupv2 io stats: skipping over unmappable dbytes=0 entry"
[95m35  : [0m[90;2m┆ ┆ [0m[90m[1h31m49s] [0m[90m|[0m time="2026-01-12T18:12:43Z" level=debug msg="cgroupv2 io stats: skipping over unmappable dios=0 entry"
[95m35  : [0m[90;2m┆ ┆ [0m[90m[1h31m52s] [0m[90m|[0m time="2026-01-12T18:12:45Z" level=debug msg="Kube-router network policy controller metrics tick"
[95m35  : [0m[90;2m┆ ┆ [0m[90m[1h31m55s] [0m[90m|[0m time="2026-01-12T18:12:48Z" level=debug msg="Kube-router network policy controller metrics tick"
[95m35  : [0m[90;2m┆ ┆ [0m[90m[1h31m55s] [0m[90m|[0m time="2026-01-12T18:12:48Z" level=debug msg="cgroupv2 io stats: skipping over unmappable dbytes=0 entry"
[95m35  : [0m[90;2m┆ ┆ [0m[90m[1h31m55s] [0m[90m|[0m time="2026-01-12T18:12:48Z" level=debug msg="cgroupv2 io stats: skipping over unmappable dios=0 entry"
[95m35  : [0m[90;2m┆ ┆ [0m[90m[1h31m58s] [0m[90m|[0m time="2026-01-12T18:12:51Z" level=debug msg="Kube-router network policy controller metrics tick"
[95m35  : [0m[90;2m┆ ┆ [0m[90m[1h31m59s] [0m[90m|[0m time="2026-01-12T18:12:53Z" level=debug msg="cgroupv2 io stats: skipping over unmappable dbytes=0 entry"
[95m35  : [0m[90;2m┆ ┆ [0m[90m[1h31m59s] [0m[90m|[0m time="2026-01-12T18:12:53Z" level=debug msg="cgroupv2 io stats: skipping over unmappable dios=0 entry"
[95m35  : [0m[90;2m┆ ┆ [0m[90m[1h32m1s] [0m[90m|[0m time="2026-01-12T18:12:54Z" level=debug msg="Kube-router network policy controller metrics tick"
[95m35  : [0m[90;2m┆ ┆ [0m[90m[1h32m4s] [0m[90m|[0m time="2026-01-12T18:12:57Z" level=debug msg="Kube-router network policy controller metrics tick"
[95m35  : [0m[90;2m┆ ┆ [0m[90m[1h32m7s] [0m[90m|[0m time="2026-01-12T18:13:00Z" level=debug msg="Kube-router network policy controller metrics tick"
[95m35  : [0m[90;2m┆ ┆ [0m[90m[1h32m9s] [0m[90m|[0m time="2026-01-12T18:13:03Z" level=debug msg="cgroupv2 io stats: skipping over unmappable dbytes=0 entry"
[95m35  : [0m[90;2m┆ ┆ [0m[90m[1h32m9s] [0m[90m|[0m time="2026-01-12T18:13:03Z" level=debug msg="cgroupv2 io stats: skipping over unmappable dios=0 entry"
[95m35  : [0m[90;2m┆ ┆ [0m[90m[1h32m10s] [0m[90m|[0m time="2026-01-12T18:13:03Z" level=debug msg="Kube-router network policy controller metrics tick"
[95m35  : [0m[90;2m┆ ┆ [0m[90m[1h32m12s] [0m[90m|[0m time="2026-01-12T18:13:05Z" level=debug msg="cgroupv2 io stats: skipping over unmappable dbytes=0 entry"
[95m35  : [0m[90;2m┆ ┆ [0m[90m[1h32m12s] [0m[90m|[0m time="2026-01-12T18:13:05Z" level=debug msg="cgroupv2 io stats: skipping over unmappable dios=0 entry"
[95m35  : [0m[90;2m┆ ┆ [0m[90m[1h32m13s] [0m[90m|[0m time="2026-01-12T18:13:06Z" level=debug msg="Kube-router network policy controller metrics tick"
[95m35  : [0m[90;2m┆ ┆ [0m[90m[1h32m16s] [0m[90m|[0m time="2026-01-12T18:13:09Z" level=debug msg="Kube-router network policy controller metrics tick"
[95m35  : [0m[90;2m┆ ┆ [0m[90m[1h32m19s] [0m[90m|[0m time="2026-01-12T18:13:12Z" level=debug msg="Kube-router network policy controller metrics tick"
[95m35  : [0m[90;2m┆ ┆ [0m[90m[1h32m19s] [0m[90m|[0m time="2026-01-12T18:13:13Z" level=debug msg="cgroupv2 io stats: skipping over unmappable dbytes=0 entry"
[95m35  : [0m[90;2m┆ ┆ [0m[90m[1h32m19s] [0m[90m|[0m time="2026-01-12T18:13:13Z" level=debug msg="cgroupv2 io stats: skipping over unmappable dios=0 entry"
[95m35  : [0m[90;2m┆ ┆ [0m[90m[1h32m22s] [0m[90m|[0m time="2026-01-12T18:13:15Z" level=debug msg="cgroupv2 io stats: skipping over unmappable dbytes=0 entry"
[95m35  : [0m[90;2m┆ ┆ [0m[90m[1h32m22s] [0m[90m|[0m time="2026-01-12T18:13:15Z" level=debug msg="cgroupv2 io stats: skipping over unmappable dios=0 entry"
[95m35  : [0m[90;2m┆ ┆ [0m[90m[1h32m22s] [0m[90m|[0m time="2026-01-12T18:13:15Z" level=debug msg="Kube-router network policy controller metrics tick"
[95m35  : [0m[90;2m┆ ┆ [0m[90m[1h32m25s] [0m[90m|[0m time="2026-01-12T18:13:18Z" level=debug msg="Kube-router network policy controller metrics tick"
[95m35  : [0m[90;2m┆ ┆ [0m[90m[1h32m28s] [0m[90m|[0m time="2026-01-12T18:13:21Z" level=debug msg="Kube-router network policy controller metrics tick"
[95m35  : [0m[90;2m┆ ┆ [0m[90m[1h32m29s] [0m[90m|[0m time="2026-01-12T18:13:23Z" level=debug msg="cgroupv2 io stats: skipping over unmappable dbytes=0 entry"
[95m35  : [0m[90;2m┆ ┆ [0m[90m[1h32m29s] [0m[90m|[0m time="2026-01-12T18:13:23Z" level=debug msg="cgroupv2 io stats: skipping over unmappable dios=0 entry"
[95m35  : [0m[90;2m┆ ┆ [0m[90m[1h32m31s] [0m[90m|[0m time="2026-01-12T18:13:24Z" level=debug msg="Kube-router network policy controller metrics tick"
[95m35  : [0m[90;2m┆ ┆ [0m[90m[1h32m34s] [0m[90m|[0m time="2026-01-12T18:13:27Z" level=debug msg="Kube-router network policy controller metrics tick"
[95m35  : [0m[90;2m┆ ┆ [0m[90m[1h32m37s] [0m[90m|[0m time="2026-01-12T18:13:30Z" level=debug msg="Kube-router network policy controller metrics tick"
[95m35  : [0m[90;2m┆ ┆ [0m[90m[1h32m39s] [0m[90m|[0m time="2026-01-12T18:13:33Z" level=debug msg="cgroupv2 io stats: skipping over unmappable dbytes=0 entry"
[95m35  : [0m[90;2m┆ ┆ [0m[90m[1h32m39s] [0m[90m|[0m time="2026-01-12T18:13:33Z" level=debug msg="cgroupv2 io stats: skipping over unmappable dios=0 entry"
[95m35  : [0m[90;2m┆ ┆ [0m[90m[1h32m40s] [0m[90m|[0m time="2026-01-12T18:13:33Z" level=debug msg="Kube-router network policy controller metrics tick"
[95m35  : [0m[90;2m┆ ┆ [0m[90m[1h32m41s] [0m[90m|[0m time="2026-01-12T18:13:35Z" level=debug msg="cgroupv2 io stats: skipping over unmappable dbytes=0 entry"
[95m35  : [0m[90;2m┆ ┆ [0m[90m[1h32m41s] [0m[90m|[0m time="2026-01-12T18:13:35Z" level=debug msg="cgroupv2 io stats: skipping over unmappable dios=0 entry"
[95m35  : [0m[90;2m┆ ┆ [0m[90m[1h32m43s] [0m[90m|[0m time="2026-01-12T18:13:36Z" level=debug msg="Kube-router network policy controller metrics tick"
[95m35  : [0m[90;2m┆ ┆ [0m[90m[1h32m46s] [0m[90m|[0m time="2026-01-12T18:13:39Z" level=debug msg="Kube-router network policy controller metrics tick"
[95m35  : [0m[90;2m┆ ┆ [0m[90m[1h32m49s] [0m[90m|[0m time="2026-01-12T18:13:42Z" level=debug msg="Kube-router network policy controller metrics tick"
[95m35  : [0m[90;2m┆ ┆ [0m[90m[1h32m49s] [0m[90m|[0m time="2026-01-12T18:13:43Z" level=debug msg="cgroupv2 io stats: skipping over unmappable dbytes=0 entry"
[95m35  : [0m[90;2m┆ ┆ [0m[90m[1h32m49s] [0m[90m|[0m time="2026-01-12T18:13:43Z" level=debug msg="cgroupv2 io stats: skipping over unmappable dios=0 entry"
[95m35  : [0m[90;2m┆ ┆ [0m[90m[1h32m52s] [0m[90m|[0m time="2026-01-12T18:13:45Z" level=debug msg="Kube-router network policy controller metrics tick"
[95m35  : [0m[90;2m┆ ┆ [0m[90m[1h32m55s] [0m[90m|[0m time="2026-01-12T18:13:48Z" level=debug msg="cgroupv2 io stats: skipping over unmappable dbytes=0 entry"
[95m35  : [0m[90;2m┆ ┆ [0m[90m[1h32m55s] [0m[90m|[0m time="2026-01-12T18:13:48Z" level=debug msg="cgroupv2 io stats: skipping over unmappable dios=0 entry"
[95m35  : [0m[90;2m┆ ┆ [0m[90m[1h32m55s] [0m[90m|[0m time="2026-01-12T18:13:48Z" level=debug msg="Kube-router network policy controller metrics tick"
[95m35  : [0m[90;2m┆ ┆ [0m[90m[1h32m58s] [0m[90m|[0m time="2026-01-12T18:13:51Z" level=debug msg="Kube-router network policy controller metrics tick"
[95m35  : [0m[90;2m┆ ┆ [0m[90m[1h32m59s] [0m[90m|[0m time="2026-01-12T18:13:53Z" level=debug msg="cgroupv2 io stats: skipping over unmappable dbytes=0 entry"
[95m35  : [0m[90;2m┆ ┆ [0m[90m[1h32m59s] [0m[90m|[0m time="2026-01-12T18:13:53Z" level=debug msg="cgroupv2 io stats: skipping over unmappable dios=0 entry"
[95m35  : [0m[90;2m┆ ┆ [0m[90m[1h33m1s] [0m[90m|[0m time="2026-01-12T18:13:54Z" level=debug msg="Kube-router network policy controller metrics tick"
[95m35  : [0m[90;2m┆ ┆ [0m[90m[1h33m4s] [0m[90m|[0m time="2026-01-12T18:13:57Z" level=debug msg="Kube-router network policy controller metrics tick"
[95m35  : [0m[90;2m┆ ┆ [0m[90m[1h33m5s] [0m[90m|[0m time="2026-01-12T18:13:59Z" level=debug msg="cgroupv2 io stats: skipping over unmappable dbytes=0 entry"
[95m35  : [0m[90;2m┆ ┆ [0m[90m[1h33m5s] [0m[90m|[0m time="2026-01-12T18:13:59Z" level=debug msg="cgroupv2 io stats: skipping over unmappable dios=0 entry"
[95m35  : [0m[90;2m┆ ┆ [0m[90m[1h33m7s] [0m[90m|[0m time="2026-01-12T18:14:00Z" level=debug msg="Kube-router network policy controller metrics tick"
[95m35  : [0m[90;2m┆ ┆ [0m[90m[1h33m9s] [0m[90m|[0m time="2026-01-12T18:14:03Z" level=debug msg="cgroupv2 io stats: skipping over unmappable dbytes=0 entry"
[95m35  : [0m[90;2m┆ ┆ [0m[90m[1h33m9s] [0m[90m|[0m time="2026-01-12T18:14:03Z" level=debug msg="cgroupv2 io stats: skipping over unmappable dios=0 entry"
[95m35  : [0m[90;2m┆ ┆ [0m[90m[1h33m10s] [0m[90m|[0m time="2026-01-12T18:14:03Z" level=debug msg="Kube-router network policy controller metrics tick"
[95m35  : [0m[90;2m┆ ┆ [0m[90m[1h33m13s] [0m[90m|[0m time="2026-01-12T18:14:06Z" level=debug msg="Kube-router network policy controller metrics tick"
[95m35  : [0m[90;2m┆ ┆ [0m[90m[1h33m16s] [0m[90m|[0m time="2026-01-12T18:14:09Z" level=debug msg="Kube-router network policy controller metrics tick"
[95m35  : [0m[90;2m┆ ┆ [0m[90m[1h33m19s] [0m[90m|[0m time="2026-01-12T18:14:12Z" level=debug msg="cgroupv2 io stats: skipping over unmappable dbytes=0 entry"
[95m35  : [0m[90;2m┆ ┆ [0m[90m[1h33m19s] [0m[90m|[0m time="2026-01-12T18:14:12Z" level=debug msg="cgroupv2 io stats: skipping over unmappable dios=0 entry"
[95m35  : [0m[90;2m┆ ┆ [0m[90m[1h33m19s] [0m[90m|[0m time="2026-01-12T18:14:12Z" level=debug msg="Kube-router network policy controller metrics tick"
[95m35  : [0m[90;2m┆ ┆ [0m[90m[1h33m19s] [0m[90m|[0m time="2026-01-12T18:14:13Z" level=debug msg="cgroupv2 io stats: skipping over unmappable dbytes=0 entry"
[95m35  : [0m[90;2m┆ ┆ [0m[90m[1h33m19s] [0m[90m|[0m time="2026-01-12T18:14:13Z" level=debug msg="cgroupv2 io stats: skipping over unmappable dios=0 entry"
[95m35  : [0m[90;2m┆ ┆ [0m[90m[1h33m22s] [0m[90m|[0m time="2026-01-12T18:14:15Z" level=debug msg="Kube-router network policy controller metrics tick"
[95m35  : [0m[90;2m┆ ┆ [0m[90m[1h33m25s] [0m[90m|[0m time="2026-01-12T18:14:18Z" level=debug msg="Kube-router network policy controller metrics tick"
[95m35  : [0m[90;2m┆ ┆ [0m[90m[1h33m28s] [0m[90m|[0m time="2026-01-12T18:14:21Z" level=debug msg="Kube-router network policy controller metrics tick"
[95m35  : [0m[90;2m┆ ┆ [0m[90m[1h33m29s] [0m[90m|[0m time="2026-01-12T18:14:23Z" level=debug msg="cgroupv2 io stats: skipping over unmappable dbytes=0 entry"
[95m35  : [0m[90;2m┆ ┆ [0m[90m[1h33m29s] [0m[90m|[0m time="2026-01-12T18:14:23Z" level=debug msg="cgroupv2 io stats: skipping over unmappable dios=0 entry"
[95m35  : [0m[90;2m┆ ┆ [0m[90m[1h33m31s] [0m[90m|[0m time="2026-01-12T18:14:24Z" level=debug msg="Kube-router network policy controller metrics tick"
[95m35  : [0m[90;2m┆ ┆ [0m[90m[1h33m34s] [0m[90m|[0m time="2026-01-12T18:14:27Z" level=debug msg="Kube-router network policy controller metrics tick"
[95m35  : [0m[90;2m┆ ┆ [0m[90m[1h33m36s] [0m[90m|[0m time="2026-01-12T18:14:29Z" level=debug msg="cgroupv2 io stats: skipping over unmappable dbytes=0 entry"
[95m35  : [0m[90;2m┆ ┆ [0m[90m[1h33m36s] [0m[90m|[0m time="2026-01-12T18:14:29Z" level=debug msg="cgroupv2 io stats: skipping over unmappable dios=0 entry"
[95m35  : [0m[90;2m┆ ┆ [0m[90m[1h33m37s] [0m[90m|[0m time="2026-01-12T18:14:30Z" level=debug msg="Kube-router network policy controller metrics tick"
[95m35  : [0m[90;2m┆ ┆ [0m[90m[1h33m39s] [0m[90m|[0m time="2026-01-12T18:14:33Z" level=debug msg="cgroupv2 io stats: skipping over unmappable dbytes=0 entry"
[95m35  : [0m[90;2m┆ ┆ [0m[90m[1h33m39s] [0m[90m|[0m time="2026-01-12T18:14:33Z" level=debug msg="cgroupv2 io stats: skipping over unmappable dios=0 entry"
[95m35  : [0m[90;2m┆ ┆ [0m[90m[1h33m40s] [0m[90m|[0m time="2026-01-12T18:14:33Z" level=debug msg="Kube-router network policy controller metrics tick"
[95m35  : [0m[90;2m┆ ┆ [0m[90m[1h33m43s] [0m[90m|[0m time="2026-01-12T18:14:36Z" level=debug msg="Kube-router network policy controller metrics tick"
[95m35  : [0m[90;2m┆ ┆ [0m[90m[1h33m46s] [0m[90m|[0m time="2026-01-12T18:14:39Z" level=debug msg="Kube-router network policy controller metrics tick"
[95m35  : [0m[90;2m┆ ┆ [0m[90m[1h33m49s] [0m[90m|[0m time="2026-01-12T18:14:42Z" level=debug msg="Kube-router network policy controller metrics tick"
[95m35  : [0m[90;2m┆ ┆ [0m[90m[1h33m49s] [0m[90m|[0m time="2026-01-12T18:14:43Z" level=debug msg="cgroupv2 io stats: skipping over unmappable dbytes=0 entry"
[95m35  : [0m[90;2m┆ ┆ [0m[90m[1h33m49s] [0m[90m|[0m time="2026-01-12T18:14:43Z" level=debug msg="cgroupv2 io stats: skipping over unmappable dios=0 entry"
[95m35  : [0m[90;2m┆ ┆ [0m[90m[1h33m52s] [0m[90m|[0m time="2026-01-12T18:14:45Z" level=debug msg="cgroupv2 io stats: skipping over unmappable dbytes=0 entry"
[95m35  : [0m[90;2m┆ ┆ [0m[90m[1h33m52s] [0m[90m|[0m time="2026-01-12T18:14:45Z" level=debug msg="cgroupv2 io stats: skipping over unmappable dios=0 entry"
[95m35  : [0m[90;2m┆ ┆ [0m[90m[1h33m52s] [0m[90m|[0m time="2026-01-12T18:14:45Z" level=debug msg="Kube-router network policy controller metrics tick"
[95m35  : [0m[90;2m┆ ┆ [0m[90m[1h33m55s] [0m[90m|[0m time="2026-01-12T18:14:48Z" level=debug msg="Kube-router network policy controller metrics tick"
[95m35  : [0m[90;2m┆ ┆ [0m[90m[1h33m58s] [0m[90m|[0m time="2026-01-12T18:14:51Z" level=debug msg="Kube-router network policy controller metrics tick"
[95m35  : [0m[90;2m┆ ┆ [0m[90m[1h33m59s] [0m[90m|[0m time="2026-01-12T18:14:53Z" level=debug msg="cgroupv2 io stats: skipping over unmappable dbytes=0 entry"
[95m35  : [0m[90;2m┆ ┆ [0m[90m[1h33m59s] [0m[90m|[0m time="2026-01-12T18:14:53Z" level=debug msg="cgroupv2 io stats: skipping over unmappable dios=0 entry"
[95m35  : [0m[90;2m┆ ┆ [0m[90m[1h34m1s] [0m[90m|[0m time="2026-01-12T18:14:54Z" level=debug msg="Kube-router network policy controller metrics tick"
[95m35  : [0m[90;2m┆ ┆ [0m[90m[1h34m4s] [0m[90m|[0m time="2026-01-12T18:14:57Z" level=debug msg="Kube-router network policy controller metrics tick"
[95m35  : [0m[90;2m┆ ┆ [0m[90m[1h34m7s] [0m[90m|[0m time="2026-01-12T18:15:00Z" level=debug msg="Kube-router network policy controller metrics tick"
[95m35  : [0m[90;2m┆ ┆ [0m[90m[1h34m9s] [0m[90m|[0m time="2026-01-12T18:15:02Z" level=debug msg="cgroupv2 io stats: skipping over unmappable dbytes=0 entry"
[95m35  : [0m[90;2m┆ ┆ [0m[90m[1h34m9s] [0m[90m|[0m time="2026-01-12T18:15:02Z" level=debug msg="cgroupv2 io stats: skipping over unmappable dios=0 entry"
[95m35  : [0m[90;2m┆ ┆ [0m[90m[1h34m9s] [0m[90m|[0m time="2026-01-12T18:15:03Z" level=debug msg="cgroupv2 io stats: skipping over unmappable dbytes=0 entry"
[95m35  : [0m[90;2m┆ ┆ [0m[90m[1h34m9s] [0m[90m|[0m time="2026-01-12T18:15:03Z" level=debug msg="cgroupv2 io stats: skipping over unmappable dios=0 entry"
[95m35  : [0m[90;2m┆ ┆ [0m[90m[1h34m10s] [0m[90m|[0m time="2026-01-12T18:15:03Z" level=debug msg="Kube-router network policy controller metrics tick"
[95m35  : [0m[90;2m┆ ┆ [0m[90m[1h34m13s] [0m[90m|[0m time="2026-01-12T18:15:06Z" level=debug msg="Kube-router network policy controller metrics tick"
[95m35  : [0m[90;2m┆ ┆ [0m[90m[1h34m16s] [0m[90m|[0m time="2026-01-12T18:15:09Z" level=debug msg="Kube-router network policy controller metrics tick"
[95m35  : [0m[90;2m┆ ┆ [0m[90m[1h34m19s] [0m[90m|[0m time="2026-01-12T18:15:12Z" level=debug msg="Kube-router network policy controller metrics tick"
[95m35  : [0m[90;2m┆ ┆ [0m[90m[1h34m19s] [0m[90m|[0m time="2026-01-12T18:15:13Z" level=debug msg="cgroupv2 io stats: skipping over unmappable dbytes=0 entry"
[95m35  : [0m[90;2m┆ ┆ [0m[90m[1h34m19s] [0m[90m|[0m time="2026-01-12T18:15:13Z" level=debug msg="cgroupv2 io stats: skipping over unmappable dios=0 entry"
[95m35  : [0m[90;2m┆ ┆ [0m[90m[1h34m22s] [0m[90m|[0m time="2026-01-12T18:15:15Z" level=debug msg="cgroupv2 io stats: skipping over unmappable dbytes=0 entry"
[95m35  : [0m[90;2m┆ ┆ [0m[90m[1h34m22s] [0m[90m|[0m time="2026-01-12T18:15:15Z" level=debug msg="cgroupv2 io stats: skipping over unmappable dios=0 entry"
[95m35  : [0m[90;2m┆ ┆ [0m[90m[1h34m22s] [0m[90m|[0m time="2026-01-12T18:15:15Z" level=debug msg="Kube-router network policy controller metrics tick"
[95m35  : [0m[90;2m┆ ┆ [0m[90m[1h34m25s] [0m[90m|[0m time="2026-01-12T18:15:18Z" level=debug msg="Kube-router network policy controller metrics tick"
[95m35  : [0m[90;2m┆ ┆ [0m[90m[1h34m28s] [0m[90m|[0m time="2026-01-12T18:15:21Z" level=debug msg="Kube-router network policy controller metrics tick"
[95m35  : [0m[90;2m┆ ┆ [0m[90m[1h34m29s] [0m[90m|[0m time="2026-01-12T18:15:23Z" level=debug msg="cgroupv2 io stats: skipping over unmappable dbytes=0 entry"
[95m35  : [0m[90;2m┆ ┆ [0m[90m[1h34m29s] [0m[90m|[0m time="2026-01-12T18:15:23Z" level=debug msg="cgroupv2 io stats: skipping over unmappable dios=0 entry"
[95m35  : [0m[90;2m┆ ┆ [0m[90m[1h34m31s] [0m[90m|[0m time="2026-01-12T18:15:24Z" level=debug msg="Kube-router network policy controller metrics tick"
[95m35  : [0m[90;2m┆ ┆ [0m[90m[1h34m34s] [0m[90m|[0m time="2026-01-12T18:15:27Z" level=debug msg="Kube-router network policy controller metrics tick"
[95m35  : [0m[90;2m┆ ┆ [0m[90m[1h34m37s] [0m[90m|[0m time="2026-01-12T18:15:30Z" level=debug msg="Kube-router network policy controller metrics tick"
[95m35  : [0m[90;2m┆ ┆ [0m[90m[1h34m39s] [0m[90m|[0m time="2026-01-12T18:15:33Z" level=debug msg="cgroupv2 io stats: skipping over unmappable dbytes=0 entry"
[95m35  : [0m[90;2m┆ ┆ [0m[90m[1h34m39s] [0m[90m|[0m time="2026-01-12T18:15:33Z" level=debug msg="cgroupv2 io stats: skipping over unmappable dios=0 entry"
[95m35  : [0m[90;2m┆ ┆ [0m[90m[1h34m40s] [0m[90m|[0m time="2026-01-12T18:15:33Z" level=debug msg="Kube-router network policy controller metrics tick"
[95m35  : [0m[90;2m┆ ┆ [0m[90m[1h34m42s] [0m[90m|[0m time="2026-01-12T18:15:35Z" level=debug msg="cgroupv2 io stats: skipping over unmappable dbytes=0 entry"
[95m35  : [0m[90;2m┆ ┆ [0m[90m[1h34m42s] [0m[90m|[0m time="2026-01-12T18:15:35Z" level=debug msg="cgroupv2 io stats: skipping over unmappable dios=0 entry"
[95m35  : [0m[90;2m┆ ┆ [0m[90m[1h34m43s] [0m[90m|[0m time="2026-01-12T18:15:36Z" level=debug msg="Kube-router network policy controller metrics tick"
[95m35  : [0m[90;2m┆ ┆ [0m[90m[1h34m46s] [0m[90m|[0m time="2026-01-12T18:15:39Z" level=debug msg="Kube-router network policy controller metrics tick"
[95m35  : [0m[90;2m┆ ┆ [0m[90m[1h34m49s] [0m[90m|[0m time="2026-01-12T18:15:42Z" level=debug msg="Kube-router network policy controller metrics tick"
[95m35  : [0m[90;2m┆ ┆ [0m[90m[1h34m49s] [0m[90m|[0m time="2026-01-12T18:15:43Z" level=debug msg="cgroupv2 io stats: skipping over unmappable dbytes=0 entry"
[95m35  : [0m[90;2m┆ ┆ [0m[90m[1h34m49s] [0m[90m|[0m time="2026-01-12T18:15:43Z" level=debug msg="cgroupv2 io stats: skipping over unmappable dios=0 entry"
[95m35  : [0m[90;2m┆ ┆ [0m[90m[1h34m52s] [0m[90m|[0m time="2026-01-12T18:15:45Z" level=debug msg="Kube-router network policy controller metrics tick"
[95m35  : [0m[90;2m┆ ┆ [0m[90m[1h34m55s] [0m[90m|[0m time="2026-01-12T18:15:48Z" level=debug msg="Kube-router network policy controller metrics tick"
[95m35  : [0m[90;2m┆ ┆ [0m[90m[1h34m58s] [0m[90m|[0m time="2026-01-12T18:15:51Z" level=debug msg="Kube-router network policy controller metrics tick"
[95m35  : [0m[90;2m┆ ┆ [0m[90m[1h34m58s] [0m[90m|[0m time="2026-01-12T18:15:52Z" level=debug msg="cgroupv2 io stats: skipping over unmappable dbytes=0 entry"
[95m35  : [0m[90;2m┆ ┆ [0m[90m[1h34m58s] [0m[90m|[0m time="2026-01-12T18:15:52Z" level=debug msg="cgroupv2 io stats: skipping over unmappable dios=0 entry"
[95m35  : [0m[90;2m┆ ┆ [0m[90m[1h34m59s] [0m[90m|[0m time="2026-01-12T18:15:53Z" level=debug msg="cgroupv2 io stats: skipping over unmappable dbytes=0 entry"
[95m35  : [0m[90;2m┆ ┆ [0m[90m[1h34m59s] [0m[90m|[0m time="2026-01-12T18:15:53Z" level=debug msg="cgroupv2 io stats: skipping over unmappable dios=0 entry"
[95m35  : [0m[90;2m┆ ┆ [0m[90m[1h35m1s] [0m[90m|[0m time="2026-01-12T18:15:54Z" level=debug msg="Kube-router network policy controller metrics tick"
[95m35  : [0m[90;2m┆ ┆ [0m[90m[1h35m4s] [0m[90m|[0m time="2026-01-12T18:15:57Z" level=debug msg="Kube-router network policy controller metrics tick"
[95m35  : [0m[90;2m┆ ┆ [0m[90m[1h35m7s] [0m[90m|[0m time="2026-01-12T18:16:00Z" level=debug msg="Kube-router network policy controller metrics tick"
[95m35  : [0m[90;2m┆ ┆ [0m[90m[1h35m9s] [0m[90m|[0m time="2026-01-12T18:16:03Z" level=debug msg="cgroupv2 io stats: skipping over unmappable dbytes=0 entry"
[95m35  : [0m[90;2m┆ ┆ [0m[90m[1h35m9s] [0m[90m|[0m time="2026-01-12T18:16:03Z" level=debug msg="cgroupv2 io stats: skipping over unmappable dios=0 entry"
[95m35  : [0m[90;2m┆ ┆ [0m[90m[1h35m10s] [0m[90m|[0m time="2026-01-12T18:16:03Z" level=debug msg="Kube-router network policy controller metrics tick"
[95m35  : [0m[90;2m┆ ┆ [0m[90m[1h35m13s] [0m[90m|[0m time="2026-01-12T18:16:06Z" level=debug msg="Kube-router network policy controller metrics tick"
[95m35  : [0m[90;2m┆ ┆ [0m[90m[1h35m16s] [0m[90m|[0m time="2026-01-12T18:16:09Z" level=debug msg="Kube-router network policy controller metrics tick"
[95m35  : [0m[90;2m┆ ┆ [0m[90m[1h35m18s] [0m[90m|[0m time="2026-01-12T18:16:12Z" level=debug msg="cgroupv2 io stats: skipping over unmappable dbytes=0 entry"
[95m35  : [0m[90;2m┆ ┆ [0m[90m[1h35m18s] [0m[90m|[0m time="2026-01-12T18:16:12Z" level=debug msg="cgroupv2 io stats: skipping over unmappable dios=0 entry"
[95m35  : [0m[90;2m┆ ┆ [0m[90m[1h35m19s] [0m[90m|[0m time="2026-01-12T18:16:12Z" level=debug msg="Kube-router network policy controller metrics tick"
[95m35  : [0m[90;2m┆ ┆ [0m[90m[1h35m19s] [0m[90m|[0m time="2026-01-12T18:16:13Z" level=debug msg="cgroupv2 io stats: skipping over unmappable dbytes=0 entry"
[95m35  : [0m[90;2m┆ ┆ [0m[90m[1h35m19s] [0m[90m|[0m time="2026-01-12T18:16:13Z" level=debug msg="cgroupv2 io stats: skipping over unmappable dios=0 entry"
[95m35  : [0m[90;2m┆ ┆ [0m[90m[1h35m22s] [0m[90m|[0m time="2026-01-12T18:16:15Z" level=debug msg="Kube-router network policy controller metrics tick"
[95m35  : [0m[90;2m┆ ┆ [0m[90m[1h35m25s] [0m[90m|[0m time="2026-01-12T18:16:18Z" level=debug msg="Kube-router network policy controller metrics tick"
[95m35  : [0m[90;2m┆ ┆ [0m[90m[1h35m28s] [0m[90m|[0m time="2026-01-12T18:16:21Z" level=debug msg="Kube-router network policy controller metrics tick"
[95m35  : [0m[90;2m┆ ┆ [0m[90m[1h35m29s] [0m[90m|[0m time="2026-01-12T18:16:23Z" level=debug msg="cgroupv2 io stats: skipping over unmappable dbytes=0 entry"
[95m35  : [0m[90;2m┆ ┆ [0m[90m[1h35m29s] [0m[90m|[0m time="2026-01-12T18:16:23Z" level=debug msg="cgroupv2 io stats: skipping over unmappable dios=0 entry"
[95m35  : [0m[90;2m┆ ┆ [0m[90m[1h35m31s] [0m[90m|[0m time="2026-01-12T18:16:24Z" level=debug msg="Kube-router network policy controller metrics tick"
[95m35  : [0m[90;2m┆ ┆ [0m[90m[1h35m34s] [0m[90m|[0m time="2026-01-12T18:16:27Z" level=debug msg="Kube-router network policy controller metrics tick"
[95m35  : [0m[90;2m┆ ┆ [0m[90m[1h35m37s] [0m[90m|[0m time="2026-01-12T18:16:30Z" level=debug msg="Kube-router network policy controller metrics tick"
[95m35  : [0m[90;2m┆ ┆ [0m[90m[1h35m38s] [0m[90m|[0m time="2026-01-12T18:16:31Z" level=debug msg="cgroupv2 io stats: skipping over unmappable dbytes=0 entry"
[95m35  : [0m[90;2m┆ ┆ [0m[90m[1h35m38s] [0m[90m|[0m time="2026-01-12T18:16:31Z" level=debug msg="cgroupv2 io stats: skipping over unmappable dios=0 entry"
[95m35  : [0m[90;2m┆ ┆ [0m[90m[1h35m40s] [0m[90m|[0m time="2026-01-12T18:16:33Z" level=debug msg="cgroupv2 io stats: skipping over unmappable dbytes=0 entry"
[95m35  : [0m[90;2m┆ ┆ [0m[90m[1h35m40s] [0m[90m|[0m time="2026-01-12T18:16:33Z" level=debug msg="cgroupv2 io stats: skipping over unmappable dios=0 entry"
[95m35  : [0m[90;2m┆ ┆ [0m[90m[1h35m40s] [0m[90m|[0m time="2026-01-12T18:16:33Z" level=debug msg="Kube-router network policy controller metrics tick"
[95m35  : [0m[90;2m┆ ┆ [0m[90m[1h35m43s] [0m[90m|[0m time="2026-01-12T18:16:36Z" level=debug msg="Kube-router network policy controller metrics tick"
[95m35  : [0m[90;2m┆ ┆ [0m[90m[1h35m44s] [0m[90m|[0m time="2026-01-12T18:16:37Z" level=info msg="COMPACT compactRev=36 targetCompactRev=128 currentRev=1128"
[95m35  : [0m[90;2m┆ ┆ [0m[90m[1h35m44s] [0m[90m|[0m time="2026-01-12T18:16:37Z" level=info msg="COMPACT deleted 14 rows from 92 revisions in 1.240819ms - compacted to 128/1128"
[95m35  : [0m[90;2m┆ ┆ [0m[90m[1h35m44s] [0m[90m|[0m time="2026-01-12T18:16:37Z" level=info msg="COMPACT compacted from 36 to 128 in 1 transactions over 1ms"
[95m35  : [0m[90;2m┆ ┆ [0m[90m[1h35m44s] [0m[90m|[0m I0112 18:16:37.755983      14 cidrallocator.go:277] updated ClusterIP allocator for Service CIDR 10.43.0.0/16
[95m35  : [0m[90;2m┆ ┆ [0m[90m[1h35m46s] [0m[90m|[0m time="2026-01-12T18:16:39Z" level=debug msg="Kube-router network policy controller metrics tick"
[95m35  : [0m[90;2m┆ ┆ [0m[90m[1h35m46s] [0m[90m|[0m W0112 18:16:40.450516      14 info.go:53] Couldn't collect info from any of the files in "/etc/machine-id,/var/lib/dbus/machine-id"
[95m35  : [0m[90;2m┆ ┆ [0m[90m[1h35m49s] [0m[90m|[0m time="2026-01-12T18:16:42Z" level=debug msg="Kube-router network policy controller metrics tick"
[95m35  : [0m[90;2m┆ ┆ [0m[90m[1h35m50s] [0m[90m|[0m time="2026-01-12T18:16:43Z" level=debug msg="cgroupv2 io stats: skipping over unmappable dbytes=0 entry"
[95m35  : [0m[90;2m┆ ┆ [0m[90m[1h35m50s] [0m[90m|[0m time="2026-01-12T18:16:43Z" level=debug msg="cgroupv2 io stats: skipping over unmappable dios=0 entry"
[95m35  : [0m[90;2m┆ ┆ [0m[90m[1h35m52s] [0m[90m|[0m time="2026-01-12T18:16:45Z" level=debug msg="Kube-router network policy controller metrics tick"
[95m35  : [0m[90;2m┆ ┆ [0m[90m[1h35m54s] [0m[90m|[0m time="2026-01-12T18:16:47Z" level=debug msg="cgroupv2 io stats: skipping over unmappable dbytes=0 entry"
[95m35  : [0m[90;2m┆ ┆ [0m[90m[1h35m54s] [0m[90m|[0m time="2026-01-12T18:16:47Z" level=debug msg="cgroupv2 io stats: skipping over unmappable dios=0 entry"
[95m35  : [0m[90;2m┆ ┆ [0m[90m[1h35m55s] [0m[90m|[0m time="2026-01-12T18:16:48Z" level=debug msg="Kube-router network policy controller metrics tick"
[95m35  : [0m[90;2m┆ ┆ [0m[90m[1h35m58s] [0m[90m|[0m time="2026-01-12T18:16:51Z" level=debug msg="Kube-router network policy controller metrics tick"
[95m35  : [0m[90;2m┆ ┆ [0m[90m[1h35m60s] [0m[90m|[0m time="2026-01-12T18:16:53Z" level=debug msg="cgroupv2 io stats: skipping over unmappable dbytes=0 entry"
[95m35  : [0m[90;2m┆ ┆ [0m[90m[1h35m60s] [0m[90m|[0m time="2026-01-12T18:16:53Z" level=debug msg="cgroupv2 io stats: skipping over unmappable dios=0 entry"
[95m35  : [0m[90;2m┆ ┆ [0m[90m[1h36m1s] [0m[90m|[0m time="2026-01-12T18:16:54Z" level=debug msg="Kube-router network policy controller metrics tick"
[95m35  : [0m[90;2m┆ ┆ [0m[90m[1h36m4s] [0m[90m|[0m time="2026-01-12T18:16:57Z" level=debug msg="Kube-router network policy controller metrics tick"
[95m35  : [0m[90;2m┆ ┆ [0m[90m[1h36m7s] [0m[90m|[0m time="2026-01-12T18:17:00Z" level=debug msg="cgroupv2 io stats: skipping over unmappable dbytes=0 entry"
[95m35  : [0m[90;2m┆ ┆ [0m[90m[1h36m7s] [0m[90m|[0m time="2026-01-12T18:17:00Z" level=debug msg="cgroupv2 io stats: skipping over unmappable dios=0 entry"
[95m35  : [0m[90;2m┆ ┆ [0m[90m[1h36m7s] [0m[90m|[0m time="2026-01-12T18:17:00Z" level=debug msg="Kube-router network policy controller metrics tick"
[95m35  : [0m[90;2m┆ ┆ [0m[90m[1h36m10s] [0m[90m|[0m time="2026-01-12T18:17:03Z" level=debug msg="cgroupv2 io stats: skipping over unmappable dbytes=0 entry"
[95m35  : [0m[90;2m┆ ┆ [0m[90m[1h36m10s] [0m[90m|[0m time="2026-01-12T18:17:03Z" level=debug msg="cgroupv2 io stats: skipping over unmappable dios=0 entry"
[95m35  : [0m[90;2m┆ ┆ [0m[90m[1h36m10s] [0m[90m|[0m time="2026-01-12T18:17:03Z" level=debug msg="Kube-router network policy controller metrics tick"
[95m35  : [0m[90;2m┆ ┆ [0m[90m[1h36m13s] [0m[90m|[0m time="2026-01-12T18:17:06Z" level=debug msg="Kube-router network policy controller metrics tick"
[95m35  : [0m[90;2m┆ ┆ [0m[90m[1h36m16s] [0m[90m|[0m time="2026-01-12T18:17:09Z" level=debug msg="Kube-router network policy controller metrics tick"
[95m35  : [0m[90;2m┆ ┆ [0m[90m[1h36m19s] [0m[90m|[0m time="2026-01-12T18:17:12Z" level=debug msg="Kube-router network policy controller metrics tick"
[95m35  : [0m[90;2m┆ ┆ [0m[90m[1h36m20s] [0m[90m|[0m time="2026-01-12T18:17:13Z" level=debug msg="cgroupv2 io stats: skipping over unmappable dbytes=0 entry"
[95m35  : [0m[90;2m┆ ┆ [0m[90m[1h36m20s] [0m[90m|[0m time="2026-01-12T18:17:13Z" level=debug msg="cgroupv2 io stats: skipping over unmappable dios=0 entry"
[95m35  : [0m[90;2m┆ ┆ [0m[90m[1h36m22s] [0m[90m|[0m time="2026-01-12T18:17:15Z" level=debug msg="Kube-router network policy controller metrics tick"
[95m35  : [0m[90;2m┆ ┆ [0m[90m[1h36m25s] [0m[90m|[0m time="2026-01-12T18:17:18Z" level=debug msg="Kube-router network policy controller metrics tick"
[95m35  : [0m[90;2m┆ ┆ [0m[90m[1h36m25s] [0m[90m|[0m time="2026-01-12T18:17:19Z" level=debug msg="cgroupv2 io stats: skipping over unmappable dbytes=0 entry"
[95m35  : [0m[90;2m┆ ┆ [0m[90m[1h36m25s] [0m[90m|[0m time="2026-01-12T18:17:19Z" level=debug msg="cgroupv2 io stats: skipping over unmappable dios=0 entry"
[95m35  : [0m[90;2m┆ ┆ [0m[90m[1h36m28s] [0m[90m|[0m time="2026-01-12T18:17:21Z" level=debug msg="Kube-router network policy controller metrics tick"
[95m35  : [0m[90;2m┆ ┆ [0m[90m[1h36m30s] [0m[90m|[0m time="2026-01-12T18:17:23Z" level=debug msg="cgroupv2 io stats: skipping over unmappable dbytes=0 entry"
[95m35  : [0m[90;2m┆ ┆ [0m[90m[1h36m30s] [0m[90m|[0m time="2026-01-12T18:17:23Z" level=debug msg="cgroupv2 io stats: skipping over unmappable dios=0 entry"
[95m35  : [0m[90;2m┆ ┆ [0m[90m[1h36m31s] [0m[90m|[0m time="2026-01-12T18:17:24Z" level=debug msg="Kube-router network policy controller metrics tick"
[95m35  : [0m[90;2m┆ ┆ [0m[90m[1h36m34s] [0m[90m|[0m time="2026-01-12T18:17:27Z" level=debug msg="Kube-router network policy controller metrics tick"
[95m35  : [0m[90;2m┆ ┆ [0m[90m[1h36m37s] [0m[90m|[0m time="2026-01-12T18:17:30Z" level=debug msg="Kube-router network policy controller metrics tick"
[95m35  : [0m[90;2m┆ ┆ [0m[90m[1h36m40s] [0m[90m|[0m time="2026-01-12T18:17:33Z" level=debug msg="cgroupv2 io stats: skipping over unmappable dbytes=0 entry"
[95m35  : [0m[90;2m┆ ┆ [0m[90m[1h36m40s] [0m[90m|[0m time="2026-01-12T18:17:33Z" level=debug msg="cgroupv2 io stats: skipping over unmappable dios=0 entry"
[95m35  : [0m[90;2m┆ ┆ [0m[90m[1h36m40s] [0m[90m|[0m time="2026-01-12T18:17:33Z" level=debug msg="Kube-router network policy controller metrics tick"
[95m35  : [0m[90;2m┆ ┆ [0m[90m[1h36m43s] [0m[90m|[0m time="2026-01-12T18:17:36Z" level=debug msg="Kube-router network policy controller metrics tick"
[95m35  : [0m[90;2m┆ ┆ [0m[90m[1h36m45s] [0m[90m|[0m time="2026-01-12T18:17:39Z" level=debug msg="cgroupv2 io stats: skipping over unmappable dbytes=0 entry"
[95m35  : [0m[90;2m┆ ┆ [0m[90m[1h36m45s] [0m[90m|[0m time="2026-01-12T18:17:39Z" level=debug msg="cgroupv2 io stats: skipping over unmappable dios=0 entry"
[95m35  : [0m[90;2m┆ ┆ [0m[90m[1h36m46s] [0m[90m|[0m time="2026-01-12T18:17:39Z" level=debug msg="Kube-router network policy controller metrics tick"
[95m35  : [0m[90;2m┆ ┆ [0m[90m[1h36m49s] [0m[90m|[0m time="2026-01-12T18:17:42Z" level=debug msg="Kube-router network policy controller metrics tick"
[95m35  : [0m[90;2m┆ ┆ [0m[90m[1h36m50s] [0m[90m|[0m time="2026-01-12T18:17:43Z" level=debug msg="cgroupv2 io stats: skipping over unmappable dbytes=0 entry"
[95m35  : [0m[90;2m┆ ┆ [0m[90m[1h36m50s] [0m[90m|[0m time="2026-01-12T18:17:43Z" level=debug msg="cgroupv2 io stats: skipping over unmappable dios=0 entry"
[95m35  : [0m[90;2m┆ ┆ [0m[90m[1h36m52s] [0m[90m|[0m time="2026-01-12T18:17:45Z" level=debug msg="Kube-router network policy controller metrics tick"
[95m35  : [0m[90;2m┆ ┆ [0m[90m[1h36m55s] [0m[90m|[0m time="2026-01-12T18:17:48Z" level=debug msg="Kube-router network policy controller metrics tick"
[95m35  : [0m[90;2m┆ ┆ [0m[90m[1h36m58s] [0m[90m|[0m time="2026-01-12T18:17:51Z" level=debug msg="Kube-router network policy controller metrics tick"
[95m35  : [0m[90;2m┆ ┆ [0m[90m[1h36m60s] [0m[90m|[0m time="2026-01-12T18:17:53Z" level=debug msg="cgroupv2 io stats: skipping over unmappable dbytes=0 entry"
[95m35  : [0m[90;2m┆ ┆ [0m[90m[1h36m60s] [0m[90m|[0m time="2026-01-12T18:17:53Z" level=debug msg="cgroupv2 io stats: skipping over unmappable dios=0 entry"
[95m35  : [0m[90;2m┆ ┆ [0m[90m[1h37m1s] [0m[90m|[0m time="2026-01-12T18:17:54Z" level=debug msg="Kube-router network policy controller metrics tick"
[95m35  : [0m[90;2m┆ ┆ [0m[90m[1h37m3s] [0m[90m|[0m time="2026-01-12T18:17:56Z" level=debug msg="cgroupv2 io stats: skipping over unmappable dbytes=0 entry"
[95m35  : [0m[90;2m┆ ┆ [0m[90m[1h37m3s] [0m[90m|[0m time="2026-01-12T18:17:56Z" level=debug msg="cgroupv2 io stats: skipping over unmappable dios=0 entry"
[95m35  : [0m[90;2m┆ ┆ [0m[90m[1h37m4s] [0m[90m|[0m time="2026-01-12T18:17:57Z" level=debug msg="Kube-router network policy controller metrics tick"
[95m35  : [0m[90;2m┆ ┆ [0m[90m[1h37m7s] [0m[90m|[0m time="2026-01-12T18:18:00Z" level=debug msg="Kube-router network policy controller metrics tick"
[95m35  : [0m[90;2m┆ ┆ [0m[90m[1h37m10s] [0m[90m|[0m time="2026-01-12T18:18:03Z" level=debug msg="cgroupv2 io stats: skipping over unmappable dbytes=0 entry"
[95m35  : [0m[90;2m┆ ┆ [0m[90m[1h37m10s] [0m[90m|[0m time="2026-01-12T18:18:03Z" level=debug msg="cgroupv2 io stats: skipping over unmappable dios=0 entry"
[95m35  : [0m[90;2m┆ ┆ [0m[90m[1h37m10s] [0m[90m|[0m time="2026-01-12T18:18:03Z" level=debug msg="Kube-router network policy controller metrics tick"
[95m35  : [0m[90;2m┆ ┆ [0m[90m[1h37m13s] [0m[90m|[0m time="2026-01-12T18:18:06Z" level=debug msg="cgroupv2 io stats: skipping over unmappable dbytes=0 entry"
[95m35  : [0m[90;2m┆ ┆ [0m[90m[1h37m13s] [0m[90m|[0m time="2026-01-12T18:18:06Z" level=debug msg="cgroupv2 io stats: skipping over unmappable dios=0 entry"
[95m35  : [0m[90;2m┆ ┆ [0m[90m[1h37m13s] [0m[90m|[0m time="2026-01-12T18:18:06Z" level=debug msg="Kube-router network policy controller metrics tick"
[95m35  : [0m[90;2m┆ ┆ [0m[90m[1h37m16s] [0m[90m|[0m time="2026-01-12T18:18:09Z" level=debug msg="Kube-router network policy controller metrics tick"
[95m35  : [0m[90;2m┆ ┆ [0m[90m[1h37m19s] [0m[90m|[0m time="2026-01-12T18:18:12Z" level=debug msg="Kube-router network policy controller metrics tick"
[95m35  : [0m[90;2m┆ ┆ [0m[90m[1h37m20s] [0m[90m|[0m time="2026-01-12T18:18:13Z" level=debug msg="cgroupv2 io stats: skipping over unmappable dbytes=0 entry"
[95m35  : [0m[90;2m┆ ┆ [0m[90m[1h37m20s] [0m[90m|[0m time="2026-01-12T18:18:13Z" level=debug msg="cgroupv2 io stats: skipping over unmappable dios=0 entry"
[95m35  : [0m[90;2m┆ ┆ [0m[90m[1h37m22s] [0m[90m|[0m time="2026-01-12T18:18:15Z" level=debug msg="Kube-router network policy controller metrics tick"
[95m35  : [0m[90;2m┆ ┆ [0m[90m[1h37m25s] [0m[90m|[0m time="2026-01-12T18:18:18Z" level=debug msg="Kube-router network policy controller metrics tick"
[95m35  : [0m[90;2m┆ ┆ [0m[90m[1h37m26s] [0m[90m|[0m time="2026-01-12T18:18:19Z" level=debug msg="cgroupv2 io stats: skipping over unmappable dbytes=0 entry"
[95m35  : [0m[90;2m┆ ┆ [0m[90m[1h37m26s] [0m[90m|[0m time="2026-01-12T18:18:19Z" level=debug msg="cgroupv2 io stats: skipping over unmappable dios=0 entry"
[95m35  : [0m[90;2m┆ ┆ [0m[90m[1h37m28s] [0m[90m|[0m time="2026-01-12T18:18:21Z" level=debug msg="Kube-router network policy controller metrics tick"
[95m35  : [0m[90;2m┆ ┆ [0m[90m[1h37m30s] [0m[90m|[0m time="2026-01-12T18:18:23Z" level=debug msg="cgroupv2 io stats: skipping over unmappable dbytes=0 entry"
[95m35  : [0m[90;2m┆ ┆ [0m[90m[1h37m30s] [0m[90m|[0m time="2026-01-12T18:18:23Z" level=debug msg="cgroupv2 io stats: skipping over unmappable dios=0 entry"
[95m35  : [0m[90;2m┆ ┆ [0m[90m[1h37m31s] [0m[90m|[0m time="2026-01-12T18:18:24Z" level=debug msg="Kube-router network policy controller metrics tick"
[95m35  : [0m[90;2m┆ ┆ [0m[90m[1h37m34s] [0m[90m|[0m time="2026-01-12T18:18:27Z" level=debug msg="Kube-router network policy controller metrics tick"
[95m35  : [0m[90;2m┆ ┆ [0m[90m[1h37m37s] [0m[90m|[0m time="2026-01-12T18:18:30Z" level=debug msg="Kube-router network policy controller metrics tick"
[95m35  : [0m[90;2m┆ ┆ [0m[90m[1h37m39s] [0m[90m|[0m time="2026-01-12T18:18:32Z" level=debug msg="cgroupv2 io stats: skipping over unmappable dbytes=0 entry"
[95m35  : [0m[90;2m┆ ┆ [0m[90m[1h37m39s] [0m[90m|[0m time="2026-01-12T18:18:32Z" level=debug msg="cgroupv2 io stats: skipping over unmappable dios=0 entry"
[95m35  : [0m[90;2m┆ ┆ [0m[90m[1h37m40s] [0m[90m|[0m time="2026-01-12T18:18:33Z" level=debug msg="cgroupv2 io stats: skipping over unmappable dbytes=0 entry"
[95m35  : [0m[90;2m┆ ┆ [0m[90m[1h37m40s] [0m[90m|[0m time="2026-01-12T18:18:33Z" level=debug msg="cgroupv2 io stats: skipping over unmappable dios=0 entry"
[95m35  : [0m[90;2m┆ ┆ [0m[90m[1h37m40s] [0m[90m|[0m time="2026-01-12T18:18:33Z" level=debug msg="Kube-router network policy controller metrics tick"
[95m35  : [0m[90;2m┆ ┆ [0m[90m[1h37m43s] [0m[90m|[0m time="2026-01-12T18:18:36Z" level=debug msg="Kube-router network policy controller metrics tick"
[95m35  : [0m[90;2m┆ ┆ [0m[90m[1h37m46s] [0m[90m|[0m time="2026-01-12T18:18:39Z" level=debug msg="Kube-router network policy controller metrics tick"
[95m35  : [0m[90;2m┆ ┆ [0m[90m[1h37m49s] [0m[90m|[0m time="2026-01-12T18:18:42Z" level=debug msg="Kube-router network policy controller metrics tick"
[95m35  : [0m[90;2m┆ ┆ [0m[90m[1h37m50s] [0m[90m|[0m time="2026-01-12T18:18:43Z" level=debug msg="cgroupv2 io stats: skipping over unmappable dbytes=0 entry"
[95m35  : [0m[90;2m┆ ┆ [0m[90m[1h37m50s] [0m[90m|[0m time="2026-01-12T18:18:43Z" level=debug msg="cgroupv2 io stats: skipping over unmappable dios=0 entry"
[95m35  : [0m[90;2m┆ ┆ [0m[90m[1h37m52s] [0m[90m|[0m time="2026-01-12T18:18:45Z" level=debug msg="Kube-router network policy controller metrics tick"
[95m35  : [0m[90;2m┆ ┆ [0m[90m[1h37m55s] [0m[90m|[0m time="2026-01-12T18:18:48Z" level=debug msg="Kube-router network policy controller metrics tick"
[95m35  : [0m[90;2m┆ ┆ [0m[90m[1h37m57s] [0m[90m|[0m time="2026-01-12T18:18:50Z" level=debug msg="cgroupv2 io stats: skipping over unmappable dbytes=0 entry"
[95m35  : [0m[90;2m┆ ┆ [0m[90m[1h37m57s] [0m[90m|[0m time="2026-01-12T18:18:50Z" level=debug msg="cgroupv2 io stats: skipping over unmappable dios=0 entry"
[95m35  : [0m[90;2m┆ ┆ [0m[90m[1h37m58s] [0m[90m|[0m time="2026-01-12T18:18:51Z" level=debug msg="Kube-router network policy controller metrics tick"
[95m35  : [0m[90;2m┆ ┆ [0m[90m[1h37m60s] [0m[90m|[0m time="2026-01-12T18:18:53Z" level=debug msg="cgroupv2 io stats: skipping over unmappable dbytes=0 entry"
[95m35  : [0m[90;2m┆ ┆ [0m[90m[1h37m60s] [0m[90m|[0m time="2026-01-12T18:18:53Z" level=debug msg="cgroupv2 io stats: skipping over unmappable dios=0 entry"
[95m35  : [0m[90;2m┆ ┆ [0m[90m[1h38m1s] [0m[90m|[0m time="2026-01-12T18:18:54Z" level=debug msg="Kube-router network policy controller metrics tick"
[95m35  : [0m[90;2m┆ ┆ [0m[90m[1h38m4s] [0m[90m|[0m time="2026-01-12T18:18:57Z" level=debug msg="Kube-router network policy controller metrics tick"
[95m35  : [0m[90;2m┆ ┆ [0m[90m[1h38m7s] [0m[90m|[0m time="2026-01-12T18:19:00Z" level=debug msg="cgroupv2 io stats: skipping over unmappable dbytes=0 entry"
[95m35  : [0m[90;2m┆ ┆ [0m[90m[1h38m7s] [0m[90m|[0m time="2026-01-12T18:19:00Z" level=debug msg="cgroupv2 io stats: skipping over unmappable dios=0 entry"
[95m35  : [0m[90;2m┆ ┆ [0m[90m[1h38m7s] [0m[90m|[0m time="2026-01-12T18:19:00Z" level=debug msg="Kube-router network policy controller metrics tick"
[95m35  : [0m[90;2m┆ ┆ [0m[90m[1h38m10s] [0m[90m|[0m time="2026-01-12T18:19:03Z" level=debug msg="cgroupv2 io stats: skipping over unmappable dbytes=0 entry"
[95m35  : [0m[90;2m┆ ┆ [0m[90m[1h38m10s] [0m[90m|[0m time="2026-01-12T18:19:03Z" level=debug msg="cgroupv2 io stats: skipping over unmappable dios=0 entry"
[95m35  : [0m[90;2m┆ ┆ [0m[90m[1h38m10s] [0m[90m|[0m time="2026-01-12T18:19:03Z" level=debug msg="Kube-router network policy controller metrics tick"
[95m35  : [0m[90;2m┆ ┆ [0m[90m[1h38m13s] [0m[90m|[0m time="2026-01-12T18:19:06Z" level=debug msg="Kube-router network policy controller metrics tick"
[95m35  : [0m[90;2m┆ ┆ [0m[90m[1h38m16s] [0m[90m|[0m time="2026-01-12T18:19:09Z" level=debug msg="Kube-router network policy controller metrics tick"
[95m35  : [0m[90;2m┆ ┆ [0m[90m[1h38m19s] [0m[90m|[0m time="2026-01-12T18:19:12Z" level=debug msg="Kube-router network policy controller metrics tick"
[95m35  : [0m[90;2m┆ ┆ [0m[90m[1h38m20s] [0m[90m|[0m time="2026-01-12T18:19:13Z" level=debug msg="cgroupv2 io stats: skipping over unmappable dbytes=0 entry"
[95m35  : [0m[90;2m┆ ┆ [0m[90m[1h38m20s] [0m[90m|[0m time="2026-01-12T18:19:13Z" level=debug msg="cgroupv2 io stats: skipping over unmappable dios=0 entry"
[95m35  : [0m[90;2m┆ ┆ [0m[90m[1h38m22s] [0m[90m|[0m time="2026-01-12T18:19:15Z" level=debug msg="Kube-router network policy controller metrics tick"
[95m35  : [0m[90;2m┆ ┆ [0m[90m[1h38m22s] [0m[90m|[0m time="2026-01-12T18:19:15Z" level=debug msg="cgroupv2 io stats: skipping over unmappable dbytes=0 entry"
[95m35  : [0m[90;2m┆ ┆ [0m[90m[1h38m22s] [0m[90m|[0m time="2026-01-12T18:19:15Z" level=debug msg="cgroupv2 io stats: skipping over unmappable dios=0 entry"
[95m35  : [0m[90;2m┆ ┆ [0m[90m[1h38m25s] [0m[90m|[0m time="2026-01-12T18:19:18Z" level=debug msg="Kube-router network policy controller metrics tick"
[95m35  : [0m[90;2m┆ ┆ [0m[90m[1h38m28s] [0m[90m|[0m time="2026-01-12T18:19:21Z" level=debug msg="Kube-router network policy controller metrics tick"
[95m35  : [0m[90;2m┆ ┆ [0m[90m[1h38m30s] [0m[90m|[0m time="2026-01-12T18:19:23Z" level=debug msg="cgroupv2 io stats: skipping over unmappable dbytes=0 entry"
[95m35  : [0m[90;2m┆ ┆ [0m[90m[1h38m30s] [0m[90m|[0m time="2026-01-12T18:19:23Z" level=debug msg="cgroupv2 io stats: skipping over unmappable dios=0 entry"
[95m35  : [0m[90;2m┆ ┆ [0m[90m[1h38m31s] [0m[90m|[0m time="2026-01-12T18:19:24Z" level=debug msg="Kube-router network policy controller metrics tick"
[95m35  : [0m[90;2m┆ ┆ [0m[90m[1h38m32s] [0m[90m|[0m time="2026-01-12T18:19:26Z" level=debug msg="cgroupv2 io stats: skipping over unmappable dbytes=0 entry"
[95m35  : [0m[90;2m┆ ┆ [0m[90m[1h38m32s] [0m[90m|[0m time="2026-01-12T18:19:26Z" level=debug msg="cgroupv2 io stats: skipping over unmappable dios=0 entry"
[95m35  : [0m[90;2m┆ ┆ [0m[90m[1h38m34s] [0m[90m|[0m time="2026-01-12T18:19:27Z" level=debug msg="Kube-router network policy controller metrics tick"
[95m35  : [0m[90;2m┆ ┆ [0m[90m[1h38m37s] [0m[90m|[0m time="2026-01-12T18:19:30Z" level=debug msg="Kube-router network policy controller metrics tick"
[95m35  : [0m[90;2m┆ ┆ [0m[90m[1h38m40s] [0m[90m|[0m time="2026-01-12T18:19:33Z" level=debug msg="cgroupv2 io stats: skipping over unmappable dbytes=0 entry"
[95m35  : [0m[90;2m┆ ┆ [0m[90m[1h38m40s] [0m[90m|[0m time="2026-01-12T18:19:33Z" level=debug msg="cgroupv2 io stats: skipping over unmappable dios=0 entry"
[95m35  : [0m[90;2m┆ ┆ [0m[90m[1h38m40s] [0m[90m|[0m time="2026-01-12T18:19:33Z" level=debug msg="Kube-router network policy controller metrics tick"
[95m35  : [0m[90;2m┆ ┆ [0m[90m[1h38m43s] [0m[90m|[0m time="2026-01-12T18:19:36Z" level=debug msg="Kube-router network policy controller metrics tick"
[95m35  : [0m[90;2m┆ ┆ [0m[90m[1h38m44s] [0m[90m|[0m time="2026-01-12T18:19:37Z" level=debug msg="cgroupv2 io stats: skipping over unmappable dbytes=0 entry"
[95m35  : [0m[90;2m┆ ┆ [0m[90m[1h38m44s] [0m[90m|[0m time="2026-01-12T18:19:37Z" level=debug msg="cgroupv2 io stats: skipping over unmappable dios=0 entry"
[95m35  : [0m[90;2m┆ ┆ [0m[90m[1h38m46s] [0m[90m|[0m time="2026-01-12T18:19:39Z" level=debug msg="Kube-router network policy controller metrics tick"
[95m35  : [0m[90;2m┆ ┆ [0m[90m[1h38m49s] [0m[90m|[0m time="2026-01-12T18:19:42Z" level=debug msg="Kube-router network policy controller metrics tick"
[95m35  : [0m[90;2m┆ ┆ [0m[90m[1h38m50s] [0m[90m|[0m time="2026-01-12T18:19:43Z" level=debug msg="cgroupv2 io stats: skipping over unmappable dbytes=0 entry"
[95m35  : [0m[90;2m┆ ┆ [0m[90m[1h38m50s] [0m[90m|[0m time="2026-01-12T18:19:43Z" level=debug msg="cgroupv2 io stats: skipping over unmappable dios=0 entry"
[95m35  : [0m[90;2m┆ ┆ [0m[90m[1h38m52s] [0m[90m|[0m time="2026-01-12T18:19:45Z" level=debug msg="Kube-router network policy controller metrics tick"
[95m35  : [0m[90;2m┆ ┆ [0m[90m[1h38m55s] [0m[90m|[0m time="2026-01-12T18:19:48Z" level=debug msg="Kube-router network policy controller metrics tick"
[95m35  : [0m[90;2m┆ ┆ [0m[90m[1h38m58s] [0m[90m|[0m time="2026-01-12T18:19:51Z" level=debug msg="Kube-router network policy controller metrics tick"
[95m35  : [0m[90;2m┆ ┆ [0m[90m[1h38m59s] [0m[90m|[0m time="2026-01-12T18:19:53Z" level=debug msg="cgroupv2 io stats: skipping over unmappable dbytes=0 entry"
[95m35  : [0m[90;2m┆ ┆ [0m[90m[1h38m59s] [0m[90m|[0m time="2026-01-12T18:19:53Z" level=debug msg="cgroupv2 io stats: skipping over unmappable dios=0 entry"
[95m35  : [0m[90;2m┆ ┆ [0m[90m[1h38m60s] [0m[90m|[0m time="2026-01-12T18:19:53Z" level=debug msg="cgroupv2 io stats: skipping over unmappable dbytes=0 entry"
[95m35  : [0m[90;2m┆ ┆ [0m[90m[1h38m60s] [0m[90m|[0m time="2026-01-12T18:19:53Z" level=debug msg="cgroupv2 io stats: skipping over unmappable dios=0 entry"
[95m35  : [0m[90;2m┆ ┆ [0m[90m[1h39m1s] [0m[90m|[0m time="2026-01-12T18:19:54Z" level=debug msg="Kube-router network policy controller metrics tick"
[95m35  : [0m[90;2m┆ ┆ [0m[90m[1h39m4s] [0m[90m|[0m time="2026-01-12T18:19:57Z" level=debug msg="Kube-router network policy controller metrics tick"
[95m35  : [0m[90;2m┆ ┆ [0m[90m[1h39m7s] [0m[90m|[0m time="2026-01-12T18:20:00Z" level=debug msg="Kube-router network policy controller metrics tick"
[95m35  : [0m[90;2m┆ ┆ [0m[90m[1h39m9s] [0m[90m|[0m time="2026-01-12T18:20:03Z" level=debug msg="cgroupv2 io stats: skipping over unmappable dbytes=0 entry"
[95m35  : [0m[90;2m┆ ┆ [0m[90m[1h39m9s] [0m[90m|[0m time="2026-01-12T18:20:03Z" level=debug msg="cgroupv2 io stats: skipping over unmappable dios=0 entry"
[95m35  : [0m[90;2m┆ ┆ [0m[90m[1h39m10s] [0m[90m|[0m time="2026-01-12T18:20:03Z" level=debug msg="cgroupv2 io stats: skipping over unmappable dbytes=0 entry"
[95m35  : [0m[90;2m┆ ┆ [0m[90m[1h39m10s] [0m[90m|[0m time="2026-01-12T18:20:03Z" level=debug msg="cgroupv2 io stats: skipping over unmappable dios=0 entry"
[95m35  : [0m[90;2m┆ ┆ [0m[90m[1h39m10s] [0m[90m|[0m time="2026-01-12T18:20:03Z" level=debug msg="Kube-router network policy controller metrics tick"
[95m35  : [0m[90;2m┆ ┆ [0m[90m[1h39m13s] [0m[90m|[0m time="2026-01-12T18:20:06Z" level=debug msg="Kube-router network policy controller metrics tick"
[95m35  : [0m[90;2m┆ ┆ [0m[90m[1h39m16s] [0m[90m|[0m time="2026-01-12T18:20:09Z" level=debug msg="Kube-router network policy controller metrics tick"
[95m35  : [0m[90;2m┆ ┆ [0m[90m[1h39m19s] [0m[90m|[0m time="2026-01-12T18:20:12Z" level=debug msg="Kube-router network policy controller metrics tick"
[95m35  : [0m[90;2m┆ ┆ [0m[90m[1h39m20s] [0m[90m|[0m time="2026-01-12T18:20:13Z" level=debug msg="cgroupv2 io stats: skipping over unmappable dbytes=0 entry"
[95m35  : [0m[90;2m┆ ┆ [0m[90m[1h39m20s] [0m[90m|[0m time="2026-01-12T18:20:13Z" level=debug msg="cgroupv2 io stats: skipping over unmappable dios=0 entry"
[95m35  : [0m[90;2m┆ ┆ [0m[90m[1h39m22s] [0m[90m|[0m time="2026-01-12T18:20:15Z" level=debug msg="Kube-router network policy controller metrics tick"
[95m35  : [0m[90;2m┆ ┆ [0m[90m[1h39m25s] [0m[90m|[0m time="2026-01-12T18:20:18Z" level=debug msg="Kube-router network policy controller metrics tick"
[95m35  : [0m[90;2m┆ ┆ [0m[90m[1h39m28s] [0m[90m|[0m time="2026-01-12T18:20:21Z" level=debug msg="Kube-router network policy controller metrics tick"
[95m35  : [0m[90;2m┆ ┆ [0m[90m[1h39m29s] [0m[90m|[0m time="2026-01-12T18:20:22Z" level=debug msg="cgroupv2 io stats: skipping over unmappable dbytes=0 entry"
[95m35  : [0m[90;2m┆ ┆ [0m[90m[1h39m29s] [0m[90m|[0m time="2026-01-12T18:20:22Z" level=debug msg="cgroupv2 io stats: skipping over unmappable dios=0 entry"
[95m35  : [0m[90;2m┆ ┆ [0m[90m[1h39m30s] [0m[90m|[0m time="2026-01-12T18:20:23Z" level=debug msg="cgroupv2 io stats: skipping over unmappable dbytes=0 entry"
[95m35  : [0m[90;2m┆ ┆ [0m[90m[1h39m30s] [0m[90m|[0m time="2026-01-12T18:20:23Z" level=debug msg="cgroupv2 io stats: skipping over unmappable dios=0 entry"
[95m35  : [0m[90;2m┆ ┆ [0m[90m[1h39m31s] [0m[90m|[0m time="2026-01-12T18:20:24Z" level=debug msg="Kube-router network policy controller metrics tick"
[95m35  : [0m[90;2m┆ ┆ [0m[90m[1h39m34s] [0m[90m|[0m time="2026-01-12T18:20:27Z" level=debug msg="Kube-router network policy controller metrics tick"
[95m35  : [0m[90;2m┆ ┆ [0m[90m[1h39m37s] [0m[90m|[0m time="2026-01-12T18:20:30Z" level=debug msg="Kube-router network policy controller metrics tick"
[95m35  : [0m[90;2m┆ ┆ [0m[90m[1h39m40s] [0m[90m|[0m time="2026-01-12T18:20:33Z" level=debug msg="cgroupv2 io stats: skipping over unmappable dbytes=0 entry"
[95m35  : [0m[90;2m┆ ┆ [0m[90m[1h39m40s] [0m[90m|[0m time="2026-01-12T18:20:33Z" level=debug msg="cgroupv2 io stats: skipping over unmappable dios=0 entry"
[95m35  : [0m[90;2m┆ ┆ [0m[90m[1h39m40s] [0m[90m|[0m time="2026-01-12T18:20:33Z" level=debug msg="Kube-router network policy controller metrics tick"
[95m35  : [0m[90;2m┆ ┆ [0m[90m[1h39m43s] [0m[90m|[0m time="2026-01-12T18:20:36Z" level=debug msg="Kube-router network policy controller metrics tick"
[95m35  : [0m[90;2m┆ ┆ [0m[90m[1h39m46s] [0m[90m|[0m time="2026-01-12T18:20:39Z" level=debug msg="Kube-router network policy controller metrics tick"
[95m35  : [0m[90;2m┆ ┆ [0m[90m[1h39m47s] [0m[90m|[0m time="2026-01-12T18:20:41Z" level=debug msg="cgroupv2 io stats: skipping over unmappable dbytes=0 entry"
[95m35  : [0m[90;2m┆ ┆ [0m[90m[1h39m47s] [0m[90m|[0m time="2026-01-12T18:20:41Z" level=debug msg="cgroupv2 io stats: skipping over unmappable dios=0 entry"
[95m35  : [0m[90;2m┆ ┆ [0m[90m[1h39m49s] [0m[90m|[0m time="2026-01-12T18:20:42Z" level=debug msg="Kube-router network policy controller metrics tick"
[95m35  : [0m[90;2m┆ ┆ [0m[90m[1h39m50s] [0m[90m|[0m time="2026-01-12T18:20:43Z" level=debug msg="cgroupv2 io stats: skipping over unmappable dbytes=0 entry"
[95m35  : [0m[90;2m┆ ┆ [0m[90m[1h39m50s] [0m[90m|[0m time="2026-01-12T18:20:43Z" level=debug msg="cgroupv2 io stats: skipping over unmappable dios=0 entry"
[95m35  : [0m[90;2m┆ ┆ [0m[90m[1h39m52s] [0m[90m|[0m time="2026-01-12T18:20:45Z" level=debug msg="Kube-router network policy controller metrics tick"
[95m35  : [0m[90;2m┆ ┆ [0m[90m[1h39m55s] [0m[90m|[0m time="2026-01-12T18:20:48Z" level=debug msg="Kube-router network policy controller metrics tick"
[95m35  : [0m[90;2m┆ ┆ [0m[90m[1h39m58s] [0m[90m|[0m time="2026-01-12T18:20:51Z" level=debug msg="Kube-router network policy controller metrics tick"
[95m35  : [0m[90;2m┆ ┆ [0m[90m[1h39m60s] [0m[90m|[0m time="2026-01-12T18:20:53Z" level=debug msg="cgroupv2 io stats: skipping over unmappable dbytes=0 entry"
[95m35  : [0m[90;2m┆ ┆ [0m[90m[1h39m60s] [0m[90m|[0m time="2026-01-12T18:20:53Z" level=debug msg="cgroupv2 io stats: skipping over unmappable dios=0 entry"
[95m35  : [0m[90;2m┆ ┆ [0m[90m[1h40m1s] [0m[90m|[0m time="2026-01-12T18:20:54Z" level=debug msg="Kube-router network policy controller metrics tick"
[95m35  : [0m[90;2m┆ ┆ [0m[90m[1h40m1s] [0m[90m|[0m time="2026-01-12T18:20:55Z" level=debug msg="cgroupv2 io stats: skipping over unmappable dbytes=0 entry"
[95m35  : [0m[90;2m┆ ┆ [0m[90m[1h40m1s] [0m[90m|[0m time="2026-01-12T18:20:55Z" level=debug msg="cgroupv2 io stats: skipping over unmappable dios=0 entry"
[95m35  : [0m[90;2m┆ ┆ [0m[90m[1h40m4s] [0m[90m|[0m time="2026-01-12T18:20:57Z" level=debug msg="Kube-router network policy controller metrics tick"
[95m35  : [0m[90;2m┆ ┆ [0m[90m[1h40m7s] [0m[90m|[0m time="2026-01-12T18:21:00Z" level=debug msg="Kube-router network policy controller metrics tick"
[95m35  : [0m[90;2m┆ ┆ [0m[90m[1h40m10s] [0m[90m|[0m time="2026-01-12T18:21:03Z" level=debug msg="cgroupv2 io stats: skipping over unmappable dbytes=0 entry"
[95m35  : [0m[90;2m┆ ┆ [0m[90m[1h40m10s] [0m[90m|[0m time="2026-01-12T18:21:03Z" level=debug msg="cgroupv2 io stats: skipping over unmappable dios=0 entry"
[95m35  : [0m[90;2m┆ ┆ [0m[90m[1h40m10s] [0m[90m|[0m time="2026-01-12T18:21:03Z" level=debug msg="Kube-router network policy controller metrics tick"
[95m35  : [0m[90;2m┆ ┆ [0m[90m[1h40m13s] [0m[90m|[0m time="2026-01-12T18:21:06Z" level=debug msg="Kube-router network policy controller metrics tick"
[95m35  : [0m[90;2m┆ ┆ [0m[90m[1h40m16s] [0m[90m|[0m time="2026-01-12T18:21:09Z" level=debug msg="Kube-router network policy controller metrics tick"
[95m35  : [0m[90;2m┆ ┆ [0m[90m[1h40m19s] [0m[90m|[0m time="2026-01-12T18:21:12Z" level=debug msg="Kube-router network policy controller metrics tick"
[95m35  : [0m[90;2m┆ ┆ [0m[90m[1h40m20s] [0m[90m|[0m time="2026-01-12T18:21:13Z" level=debug msg="cgroupv2 io stats: skipping over unmappable dbytes=0 entry"
[95m35  : [0m[90;2m┆ ┆ [0m[90m[1h40m20s] [0m[90m|[0m time="2026-01-12T18:21:13Z" level=debug msg="cgroupv2 io stats: skipping over unmappable dios=0 entry"
[95m35  : [0m[90;2m┆ ┆ [0m[90m[1h40m20s] [0m[90m|[0m time="2026-01-12T18:21:13Z" level=debug msg="cgroupv2 io stats: skipping over unmappable dbytes=0 entry"
[95m35  : [0m[90;2m┆ ┆ [0m[90m[1h40m20s] [0m[90m|[0m time="2026-01-12T18:21:13Z" level=debug msg="cgroupv2 io stats: skipping over unmappable dios=0 entry"
[95m35  : [0m[90;2m┆ ┆ [0m[90m[1h40m22s] [0m[90m|[0m time="2026-01-12T18:21:15Z" level=debug msg="Kube-router network policy controller metrics tick"
[95m35  : [0m[90;2m┆ ┆ [0m[90m[1h40m25s] [0m[90m|[0m time="2026-01-12T18:21:18Z" level=debug msg="Kube-router network policy controller metrics tick"
[95m35  : [0m[90;2m┆ ┆ [0m[90m[1h40m28s] [0m[90m|[0m time="2026-01-12T18:21:21Z" level=debug msg="Kube-router network policy controller metrics tick"
[95m35  : [0m[90;2m┆ ┆ [0m[90m[1h40m30s] [0m[90m|[0m time="2026-01-12T18:21:23Z" level=debug msg="cgroupv2 io stats: skipping over unmappable dbytes=0 entry"
[95m35  : [0m[90;2m┆ ┆ [0m[90m[1h40m30s] [0m[90m|[0m time="2026-01-12T18:21:23Z" level=debug msg="cgroupv2 io stats: skipping over unmappable dios=0 entry"
[95m35  : [0m[90;2m┆ ┆ [0m[90m[1h40m31s] [0m[90m|[0m time="2026-01-12T18:21:24Z" level=debug msg="Kube-router network policy controller metrics tick"
[95m35  : [0m[90;2m┆ ┆ [0m[90m[1h40m33s] [0m[90m|[0m time="2026-01-12T18:21:27Z" level=debug msg="cgroupv2 io stats: skipping over unmappable dbytes=0 entry"
[95m35  : [0m[90;2m┆ ┆ [0m[90m[1h40m33s] [0m[90m|[0m time="2026-01-12T18:21:27Z" level=debug msg="cgroupv2 io stats: skipping over unmappable dios=0 entry"
[95m35  : [0m[90;2m┆ ┆ [0m[90m[1h40m34s] [0m[90m|[0m time="2026-01-12T18:21:27Z" level=debug msg="Kube-router network policy controller metrics tick"
[95m35  : [0m[90;2m┆ ┆ [0m[90m[1h40m37s] [0m[90m|[0m time="2026-01-12T18:21:30Z" level=debug msg="Kube-router network policy controller metrics tick"
[95m35  : [0m[90;2m┆ ┆ [0m[90m[1h40m40s] [0m[90m|[0m time="2026-01-12T18:21:33Z" level=debug msg="Kube-router network policy controller metrics tick"
[95m35  : [0m[90;2m┆ ┆ [0m[90m[1h40m40s] [0m[90m|[0m time="2026-01-12T18:21:33Z" level=debug msg="cgroupv2 io stats: skipping over unmappable dbytes=0 entry"
[95m35  : [0m[90;2m┆ ┆ [0m[90m[1h40m40s] [0m[90m|[0m time="2026-01-12T18:21:33Z" level=debug msg="cgroupv2 io stats: skipping over unmappable dios=0 entry"
[95m35  : [0m[90;2m┆ ┆ [0m[90m[1h40m43s] [0m[90m|[0m time="2026-01-12T18:21:36Z" level=debug msg="Kube-router network policy controller metrics tick"
[95m35  : [0m[90;2m┆ ┆ [0m[90m[1h40m44s] [0m[90m|[0m time="2026-01-12T18:21:37Z" level=info msg="COMPACT compactRev=128 targetCompactRev=218 currentRev=1218"
[95m35  : [0m[90;2m┆ ┆ [0m[90m[1h40m44s] [0m[90m|[0m time="2026-01-12T18:21:37Z" level=info msg="COMPACT deleted 5 rows from 90 revisions in 1.45536ms - compacted to 218/1218"
[95m35  : [0m[90;2m┆ ┆ [0m[90m[1h40m44s] [0m[90m|[0m time="2026-01-12T18:21:37Z" level=info msg="COMPACT compacted from 128 to 218 in 1 transactions over 2ms"
[95m35  : [0m[90;2m┆ ┆ [0m[90m[1h40m44s] [0m[90m|[0m time="2026-01-12T18:21:38Z" level=debug msg="cgroupv2 io stats: skipping over unmappable dbytes=0 entry"
[95m35  : [0m[90;2m┆ ┆ [0m[90m[1h40m44s] [0m[90m|[0m time="2026-01-12T18:21:38Z" level=debug msg="cgroupv2 io stats: skipping over unmappable dios=0 entry"
[95m35  : [0m[90;2m┆ ┆ [0m[90m[1h40m46s] [0m[90m|[0m time="2026-01-12T18:21:39Z" level=debug msg="Kube-router network policy controller metrics tick"
[95m35  : [0m[90;2m┆ ┆ [0m[90m[1h40m46s] [0m[90m|[0m W0112 18:21:40.448189      14 info.go:53] Couldn't collect info from any of the files in "/etc/machine-id,/var/lib/dbus/machine-id"
[95m35  : [0m[90;2m┆ ┆ [0m[90m[1h40m49s] [0m[90m|[0m time="2026-01-12T18:21:42Z" level=debug msg="Kube-router network policy controller metrics tick"
[95m35  : [0m[90;2m┆ ┆ [0m[90m[1h40m50s] [0m[90m|[0m time="2026-01-12T18:21:43Z" level=debug msg="cgroupv2 io stats: skipping over unmappable dbytes=0 entry"
[95m35  : [0m[90;2m┆ ┆ [0m[90m[1h40m50s] [0m[90m|[0m time="2026-01-12T18:21:43Z" level=debug msg="cgroupv2 io stats: skipping over unmappable dios=0 entry"
[95m35  : [0m[90;2m┆ ┆ [0m[90m[1h40m52s] [0m[90m|[0m time="2026-01-12T18:21:45Z" level=debug msg="Kube-router network policy controller metrics tick"
[95m35  : [0m[90;2m┆ ┆ [0m[90m[1h40m55s] [0m[90m|[0m time="2026-01-12T18:21:48Z" level=debug msg="Kube-router network policy controller metrics tick"
[95m35  : [0m[90;2m┆ ┆ [0m[90m[1h40m58s] [0m[90m|[0m time="2026-01-12T18:21:51Z" level=debug msg="Kube-router network policy controller metrics tick"
[95m35  : [0m[90;2m┆ ┆ [0m[90m[1h40m60s] [0m[90m|[0m time="2026-01-12T18:21:53Z" level=debug msg="cgroupv2 io stats: skipping over unmappable dbytes=0 entry"
[95m35  : [0m[90;2m┆ ┆ [0m[90m[1h40m60s] [0m[90m|[0m time="2026-01-12T18:21:53Z" level=debug msg="cgroupv2 io stats: skipping over unmappable dios=0 entry"
[95m35  : [0m[90;2m┆ ┆ [0m[90m[1h41m1s] [0m[90m|[0m time="2026-01-12T18:21:54Z" level=debug msg="Kube-router network policy controller metrics tick"
[95m35  : [0m[90;2m┆ ┆ [0m[90m[1h41m2s] [0m[90m|[0m time="2026-01-12T18:21:56Z" level=debug msg="cgroupv2 io stats: skipping over unmappable dbytes=0 entry"
[95m35  : [0m[90;2m┆ ┆ [0m[90m[1h41m2s] [0m[90m|[0m time="2026-01-12T18:21:56Z" level=debug msg="cgroupv2 io stats: skipping over unmappable dios=0 entry"
[95m35  : [0m[90;2m┆ ┆ [0m[90m[1h41m4s] [0m[90m|[0m time="2026-01-12T18:21:57Z" level=debug msg="Kube-router network policy controller metrics tick"
[95m35  : [0m[90;2m┆ ┆ [0m[90m[1h41m7s] [0m[90m|[0m time="2026-01-12T18:22:00Z" level=debug msg="Kube-router network policy controller metrics tick"
[95m35  : [0m[90;2m┆ ┆ [0m[90m[1h41m10s] [0m[90m|[0m time="2026-01-12T18:22:03Z" level=debug msg="Kube-router network policy controller metrics tick"
[95m35  : [0m[90;2m┆ ┆ [0m[90m[1h41m10s] [0m[90m|[0m time="2026-01-12T18:22:03Z" level=debug msg="cgroupv2 io stats: skipping over unmappable dbytes=0 entry"
[95m35  : [0m[90;2m┆ ┆ [0m[90m[1h41m10s] [0m[90m|[0m time="2026-01-12T18:22:03Z" level=debug msg="cgroupv2 io stats: skipping over unmappable dios=0 entry"
[95m35  : [0m[90;2m┆ ┆ [0m[90m[1h41m13s] [0m[90m|[0m time="2026-01-12T18:22:06Z" level=debug msg="Kube-router network policy controller metrics tick"
[95m35  : [0m[90;2m┆ ┆ [0m[90m[1h41m16s] [0m[90m|[0m time="2026-01-12T18:22:09Z" level=debug msg="Kube-router network policy controller metrics tick"
[95m35  : [0m[90;2m┆ ┆ [0m[90m[1h41m19s] [0m[90m|[0m time="2026-01-12T18:22:12Z" level=debug msg="Kube-router network policy controller metrics tick"
[95m35  : [0m[90;2m┆ ┆ [0m[90m[1h41m20s] [0m[90m|[0m time="2026-01-12T18:22:13Z" level=debug msg="cgroupv2 io stats: skipping over unmappable dbytes=0 entry"
[95m35  : [0m[90;2m┆ ┆ [0m[90m[1h41m20s] [0m[90m|[0m time="2026-01-12T18:22:13Z" level=debug msg="cgroupv2 io stats: skipping over unmappable dios=0 entry"
[95m35  : [0m[90;2m┆ ┆ [0m[90m[1h41m20s] [0m[90m|[0m time="2026-01-12T18:22:13Z" level=debug msg="cgroupv2 io stats: skipping over unmappable dbytes=0 entry"
[95m35  : [0m[90;2m┆ ┆ [0m[90m[1h41m20s] [0m[90m|[0m time="2026-01-12T18:22:13Z" level=debug msg="cgroupv2 io stats: skipping over unmappable dios=0 entry"
[95m35  : [0m[90;2m┆ ┆ [0m[90m[1h41m22s] [0m[90m|[0m time="2026-01-12T18:22:15Z" level=debug msg="Kube-router network policy controller metrics tick"
[95m35  : [0m[90;2m┆ ┆ [0m[90m[1h41m25s] [0m[90m|[0m time="2026-01-12T18:22:18Z" level=debug msg="Kube-router network policy controller metrics tick"
[95m35  : [0m[90;2m┆ ┆ [0m[90m[1h41m28s] [0m[90m|[0m time="2026-01-12T18:22:21Z" level=debug msg="Kube-router network policy controller metrics tick"
[95m35  : [0m[90;2m┆ ┆ [0m[90m[1h41m30s] [0m[90m|[0m time="2026-01-12T18:22:23Z" level=debug msg="cgroupv2 io stats: skipping over unmappable dbytes=0 entry"
[95m35  : [0m[90;2m┆ ┆ [0m[90m[1h41m30s] [0m[90m|[0m time="2026-01-12T18:22:23Z" level=debug msg="cgroupv2 io stats: skipping over unmappable dios=0 entry"
[95m35  : [0m[90;2m┆ ┆ [0m[90m[1h41m31s] [0m[90m|[0m time="2026-01-12T18:22:24Z" level=debug msg="Kube-router network policy controller metrics tick"
[95m35  : [0m[90;2m┆ ┆ [0m[90m[1h41m33s] [0m[90m|[0m time="2026-01-12T18:22:27Z" level=debug msg="cgroupv2 io stats: skipping over unmappable dbytes=0 entry"
[95m35  : [0m[90;2m┆ ┆ [0m[90m[1h41m33s] [0m[90m|[0m time="2026-01-12T18:22:27Z" level=debug msg="cgroupv2 io stats: skipping over unmappable dios=0 entry"
[95m35  : [0m[90;2m┆ ┆ [0m[90m[1h41m34s] [0m[90m|[0m time="2026-01-12T18:22:27Z" level=debug msg="Kube-router network policy controller metrics tick"
[95m35  : [0m[90;2m┆ ┆ [0m[90m[1h41m37s] [0m[90m|[0m time="2026-01-12T18:22:30Z" level=debug msg="Kube-router network policy controller metrics tick"
[95m35  : [0m[90;2m┆ ┆ [0m[90m[1h41m40s] [0m[90m|[0m time="2026-01-12T18:22:33Z" level=debug msg="Kube-router network policy controller metrics tick"
[95m35  : [0m[90;2m┆ ┆ [0m[90m[1h41m40s] [0m[90m|[0m time="2026-01-12T18:22:33Z" level=debug msg="cgroupv2 io stats: skipping over unmappable dbytes=0 entry"
[95m35  : [0m[90;2m┆ ┆ [0m[90m[1h41m40s] [0m[90m|[0m time="2026-01-12T18:22:33Z" level=debug msg="cgroupv2 io stats: skipping over unmappable dios=0 entry"
[95m35  : [0m[90;2m┆ ┆ [0m[90m[1h41m43s] [0m[90m|[0m time="2026-01-12T18:22:36Z" level=debug msg="Kube-router network policy controller metrics tick"
[95m35  : [0m[90;2m┆ ┆ [0m[90m[1h41m44s] [0m[90m|[0m time="2026-01-12T18:22:37Z" level=debug msg="cgroupv2 io stats: skipping over unmappable dbytes=0 entry"
[95m35  : [0m[90;2m┆ ┆ [0m[90m[1h41m44s] [0m[90m|[0m time="2026-01-12T18:22:37Z" level=debug msg="cgroupv2 io stats: skipping over unmappable dios=0 entry"
[95m35  : [0m[90;2m┆ ┆ [0m[90m[1h41m46s] [0m[90m|[0m time="2026-01-12T18:22:39Z" level=debug msg="Kube-router network policy controller metrics tick"
[95m35  : [0m[90;2m┆ ┆ [0m[90m[1h41m49s] [0m[90m|[0m time="2026-01-12T18:22:42Z" level=debug msg="Kube-router network policy controller metrics tick"
[95m35  : [0m[90;2m┆ ┆ [0m[90m[1h41m50s] [0m[90m|[0m time="2026-01-12T18:22:43Z" level=debug msg="cgroupv2 io stats: skipping over unmappable dbytes=0 entry"
[95m35  : [0m[90;2m┆ ┆ [0m[90m[1h41m50s] [0m[90m|[0m time="2026-01-12T18:22:43Z" level=debug msg="cgroupv2 io stats: skipping over unmappable dios=0 entry"
[95m35  : [0m[90;2m┆ ┆ [0m[90m[1h41m52s] [0m[90m|[0m time="2026-01-12T18:22:45Z" level=debug msg="Kube-router network policy controller metrics tick"
[95m35  : [0m[90;2m┆ ┆ [0m[90m[1h41m55s] [0m[90m|[0m time="2026-01-12T18:22:48Z" level=debug msg="Kube-router network policy controller metrics tick"
[95m35  : [0m[90;2m┆ ┆ [0m[90m[1h41m58s] [0m[90m|[0m time="2026-01-12T18:22:51Z" level=debug msg="Kube-router network policy controller metrics tick"
[95m35  : [0m[90;2m┆ ┆ [0m[90m[1h42m0s] [0m[90m|[0m time="2026-01-12T18:22:53Z" level=debug msg="cgroupv2 io stats: skipping over unmappable dbytes=0 entry"
[95m35  : [0m[90;2m┆ ┆ [0m[90m[1h42m0s] [0m[90m|[0m time="2026-01-12T18:22:53Z" level=debug msg="cgroupv2 io stats: skipping over unmappable dios=0 entry"
[95m35  : [0m[90;2m┆ ┆ [0m[90m[1h42m1s] [0m[90m|[0m time="2026-01-12T18:22:54Z" level=debug msg="Kube-router network policy controller metrics tick"
[95m35  : [0m[90;2m┆ ┆ [0m[90m[1h42m3s] [0m[90m|[0m time="2026-01-12T18:22:57Z" level=debug msg="cgroupv2 io stats: skipping over unmappable dbytes=0 entry"
[95m35  : [0m[90;2m┆ ┆ [0m[90m[1h42m3s] [0m[90m|[0m time="2026-01-12T18:22:57Z" level=debug msg="cgroupv2 io stats: skipping over unmappable dios=0 entry"
[95m35  : [0m[90;2m┆ ┆ [0m[90m[1h42m4s] [0m[90m|[0m time="2026-01-12T18:22:57Z" level=debug msg="Kube-router network policy controller metrics tick"
[95m35  : [0m[90;2m┆ ┆ [0m[90m[1h42m7s] [0m[90m|[0m time="2026-01-12T18:23:00Z" level=debug msg="Kube-router network policy controller metrics tick"
[95m35  : [0m[90;2m┆ ┆ [0m[90m[1h42m10s] [0m[90m|[0m time="2026-01-12T18:23:03Z" level=debug msg="Kube-router network policy controller metrics tick"
[95m35  : [0m[90;2m┆ ┆ [0m[90m[1h42m10s] [0m[90m|[0m time="2026-01-12T18:23:04Z" level=debug msg="cgroupv2 io stats: skipping over unmappable dbytes=0 entry"
[95m35  : [0m[90;2m┆ ┆ [0m[90m[1h42m10s] [0m[90m|[0m time="2026-01-12T18:23:04Z" level=debug msg="cgroupv2 io stats: skipping over unmappable dios=0 entry"
[95m35  : [0m[90;2m┆ ┆ [0m[90m[1h42m13s] [0m[90m|[0m time="2026-01-12T18:23:06Z" level=debug msg="Kube-router network policy controller metrics tick"
[95m35  : [0m[90;2m┆ ┆ [0m[90m[1h42m16s] [0m[90m|[0m time="2026-01-12T18:23:09Z" level=debug msg="Kube-router network policy controller metrics tick"
[95m35  : [0m[90;2m┆ ┆ [0m[90m[1h42m19s] [0m[90m|[0m time="2026-01-12T18:23:12Z" level=debug msg="Kube-router network policy controller metrics tick"
[95m35  : [0m[90;2m┆ ┆ [0m[90m[1h42m20s] [0m[90m|[0m time="2026-01-12T18:23:14Z" level=debug msg="cgroupv2 io stats: skipping over unmappable dbytes=0 entry"
[95m35  : [0m[90;2m┆ ┆ [0m[90m[1h42m20s] [0m[90m|[0m time="2026-01-12T18:23:14Z" level=debug msg="cgroupv2 io stats: skipping over unmappable dios=0 entry"
[95m35  : [0m[90;2m┆ ┆ [0m[90m[1h42m21s] [0m[90m|[0m time="2026-01-12T18:23:14Z" level=debug msg="cgroupv2 io stats: skipping over unmappable dbytes=0 entry"
[95m35  : [0m[90;2m┆ ┆ [0m[90m[1h42m21s] [0m[90m|[0m time="2026-01-12T18:23:14Z" level=debug msg="cgroupv2 io stats: skipping over unmappable dios=0 entry"
[95m35  : [0m[90;2m┆ ┆ [0m[90m[1h42m22s] [0m[90m|[0m time="2026-01-12T18:23:15Z" level=debug msg="Kube-router network policy controller metrics tick"
[95m35  : [0m[90;2m┆ ┆ [0m[90m[1h42m25s] [0m[90m|[0m time="2026-01-12T18:23:18Z" level=debug msg="Kube-router network policy controller metrics tick"
[95m35  : [0m[90;2m┆ ┆ [0m[90m[1h42m28s] [0m[90m|[0m time="2026-01-12T18:23:21Z" level=debug msg="Kube-router network policy controller metrics tick"
[95m35  : [0m[90;2m┆ ┆ [0m[90m[1h42m30s] [0m[90m|[0m time="2026-01-12T18:23:24Z" level=debug msg="cgroupv2 io stats: skipping over unmappable dbytes=0 entry"
[95m35  : [0m[90;2m┆ ┆ [0m[90m[1h42m30s] [0m[90m|[0m time="2026-01-12T18:23:24Z" level=debug msg="cgroupv2 io stats: skipping over unmappable dios=0 entry"
[95m35  : [0m[90;2m┆ ┆ [0m[90m[1h42m31s] [0m[90m|[0m time="2026-01-12T18:23:24Z" level=debug msg="Kube-router network policy controller metrics tick"
[95m35  : [0m[90;2m┆ ┆ [0m[90m[1h42m34s] [0m[90m|[0m time="2026-01-12T18:23:27Z" level=debug msg="Kube-router network policy controller metrics tick"
[95m35  : [0m[90;2m┆ ┆ [0m[90m[1h42m34s] [0m[90m|[0m time="2026-01-12T18:23:28Z" level=debug msg="cgroupv2 io stats: skipping over unmappable dbytes=0 entry"
[95m35  : [0m[90;2m┆ ┆ [0m[90m[1h42m34s] [0m[90m|[0m time="2026-01-12T18:23:28Z" level=debug msg="cgroupv2 io stats: skipping over unmappable dios=0 entry"
[95m35  : [0m[90;2m┆ ┆ [0m[90m[1h42m37s] [0m[90m|[0m time="2026-01-12T18:23:30Z" level=debug msg="Kube-router network policy controller metrics tick"
[95m35  : [0m[90;2m┆ ┆ [0m[90m[1h42m40s] [0m[90m|[0m time="2026-01-12T18:23:33Z" level=debug msg="Kube-router network policy controller metrics tick"
[95m35  : [0m[90;2m┆ ┆ [0m[90m[1h42m40s] [0m[90m|[0m time="2026-01-12T18:23:34Z" level=debug msg="cgroupv2 io stats: skipping over unmappable dbytes=0 entry"
[95m35  : [0m[90;2m┆ ┆ [0m[90m[1h42m40s] [0m[90m|[0m time="2026-01-12T18:23:34Z" level=debug msg="cgroupv2 io stats: skipping over unmappable dios=0 entry"
[95m35  : [0m[90;2m┆ ┆ [0m[90m[1h42m43s] [0m[90m|[0m time="2026-01-12T18:23:36Z" level=debug msg="Kube-router network policy controller metrics tick"
[95m35  : [0m[90;2m┆ ┆ [0m[90m[1h42m46s] [0m[90m|[0m time="2026-01-12T18:23:39Z" level=debug msg="Kube-router network policy controller metrics tick"
[95m35  : [0m[90;2m┆ ┆ [0m[90m[1h42m49s] [0m[90m|[0m time="2026-01-12T18:23:42Z" level=debug msg="Kube-router network policy controller metrics tick"
[95m35  : [0m[90;2m┆ ┆ [0m[90m[1h42m50s] [0m[90m|[0m time="2026-01-12T18:23:44Z" level=debug msg="cgroupv2 io stats: skipping over unmappable dbytes=0 entry"
[95m35  : [0m[90;2m┆ ┆ [0m[90m[1h42m50s] [0m[90m|[0m time="2026-01-12T18:23:44Z" level=debug msg="cgroupv2 io stats: skipping over unmappable dios=0 entry"
[95m35  : [0m[90;2m┆ ┆ [0m[90m[1h42m51s] [0m[90m|[0m time="2026-01-12T18:23:44Z" level=debug msg="cgroupv2 io stats: skipping over unmappable dbytes=0 entry"
[95m35  : [0m[90;2m┆ ┆ [0m[90m[1h42m51s] [0m[90m|[0m time="2026-01-12T18:23:44Z" level=debug msg="cgroupv2 io stats: skipping over unmappable dios=0 entry"
[95m35  : [0m[90;2m┆ ┆ [0m[90m[1h42m52s] [0m[90m|[0m time="2026-01-12T18:23:45Z" level=debug msg="Kube-router network policy controller metrics tick"
[95m35  : [0m[90;2m┆ ┆ [0m[90m[1h42m55s] [0m[90m|[0m time="2026-01-12T18:23:48Z" level=debug msg="Kube-router network policy controller metrics tick"
[95m35  : [0m[90;2m┆ ┆ [0m[90m[1h42m58s] [0m[90m|[0m time="2026-01-12T18:23:51Z" level=debug msg="Kube-router network policy controller metrics tick"
[95m35  : [0m[90;2m┆ ┆ [0m[90m[1h43m0s] [0m[90m|[0m time="2026-01-12T18:23:54Z" level=debug msg="cgroupv2 io stats: skipping over unmappable dbytes=0 entry"
[95m35  : [0m[90;2m┆ ┆ [0m[90m[1h43m0s] [0m[90m|[0m time="2026-01-12T18:23:54Z" level=debug msg="cgroupv2 io stats: skipping over unmappable dios=0 entry"
[95m35  : [0m[90;2m┆ ┆ [0m[90m[1h43m1s] [0m[90m|[0m time="2026-01-12T18:23:54Z" level=debug msg="Kube-router network policy controller metrics tick"
[95m35  : [0m[90;2m┆ ┆ [0m[90m[1h43m2s] [0m[90m|[0m time="2026-01-12T18:23:55Z" level=debug msg="cgroupv2 io stats: skipping over unmappable dbytes=0 entry"
[95m35  : [0m[90;2m┆ ┆ [0m[90m[1h43m2s] [0m[90m|[0m time="2026-01-12T18:23:55Z" level=debug msg="cgroupv2 io stats: skipping over unmappable dios=0 entry"
[95m35  : [0m[90;2m┆ ┆ [0m[90m[1h43m4s] [0m[90m|[0m time="2026-01-12T18:23:57Z" level=debug msg="Kube-router network policy controller metrics tick"
[95m35  : [0m[90;2m┆ ┆ [0m[90m[1h43m7s] [0m[90m|[0m time="2026-01-12T18:24:00Z" level=debug msg="Kube-router network policy controller metrics tick"
[95m35  : [0m[90;2m┆ ┆ [0m[90m[1h43m10s] [0m[90m|[0m time="2026-01-12T18:24:03Z" level=debug msg="Kube-router network policy controller metrics tick"
[95m35  : [0m[90;2m┆ ┆ [0m[90m[1h43m10s] [0m[90m|[0m time="2026-01-12T18:24:04Z" level=debug msg="cgroupv2 io stats: skipping over unmappable dbytes=0 entry"
[95m35  : [0m[90;2m┆ ┆ [0m[90m[1h43m10s] [0m[90m|[0m time="2026-01-12T18:24:04Z" level=debug msg="cgroupv2 io stats: skipping over unmappable dios=0 entry"
[95m35  : [0m[90;2m┆ ┆ [0m[90m[1h43m13s] [0m[90m|[0m time="2026-01-12T18:24:06Z" level=debug msg="Kube-router network policy controller metrics tick"
[95m35  : [0m[90;2m┆ ┆ [0m[90m[1h43m16s] [0m[90m|[0m time="2026-01-12T18:24:09Z" level=debug msg="Kube-router network policy controller metrics tick"
[95m35  : [0m[90;2m┆ ┆ [0m[90m[1h43m18s] [0m[90m|[0m time="2026-01-12T18:24:11Z" level=debug msg="cgroupv2 io stats: skipping over unmappable dbytes=0 entry"
[95m35  : [0m[90;2m┆ ┆ [0m[90m[1h43m18s] [0m[90m|[0m time="2026-01-12T18:24:11Z" level=debug msg="cgroupv2 io stats: skipping over unmappable dios=0 entry"
[95m35  : [0m[90;2m┆ ┆ [0m[90m[1h43m19s] [0m[90m|[0m time="2026-01-12T18:24:12Z" level=debug msg="Kube-router network policy controller metrics tick"
[95m35  : [0m[90;2m┆ ┆ [0m[90m[1h43m20s] [0m[90m|[0m time="2026-01-12T18:24:14Z" level=debug msg="cgroupv2 io stats: skipping over unmappable dbytes=0 entry"
[95m35  : [0m[90;2m┆ ┆ [0m[90m[1h43m20s] [0m[90m|[0m time="2026-01-12T18:24:14Z" level=debug msg="cgroupv2 io stats: skipping over unmappable dios=0 entry"
[95m35  : [0m[90;2m┆ ┆ [0m[90m[1h43m22s] [0m[90m|[0m time="2026-01-12T18:24:15Z" level=debug msg="Kube-router network policy controller metrics tick"
[95m35  : [0m[90;2m┆ ┆ [0m[90m[1h43m25s] [0m[90m|[0m time="2026-01-12T18:24:18Z" level=debug msg="Kube-router network policy controller metrics tick"
[95m35  : [0m[90;2m┆ ┆ [0m[90m[1h43m28s] [0m[90m|[0m time="2026-01-12T18:24:21Z" level=debug msg="Kube-router network policy controller metrics tick"
[95m35  : [0m[90;2m┆ ┆ [0m[90m[1h43m30s] [0m[90m|[0m time="2026-01-12T18:24:24Z" level=debug msg="cgroupv2 io stats: skipping over unmappable dbytes=0 entry"
[95m35  : [0m[90;2m┆ ┆ [0m[90m[1h43m30s] [0m[90m|[0m time="2026-01-12T18:24:24Z" level=debug msg="cgroupv2 io stats: skipping over unmappable dios=0 entry"
[95m35  : [0m[90;2m┆ ┆ [0m[90m[1h43m31s] [0m[90m|[0m time="2026-01-12T18:24:24Z" level=debug msg="Kube-router network policy controller metrics tick"
[95m35  : [0m[90;2m┆ ┆ [0m[90m[1h43m31s] [0m[90m|[0m time="2026-01-12T18:24:25Z" level=debug msg="cgroupv2 io stats: skipping over unmappable dbytes=0 entry"
[95m35  : [0m[90;2m┆ ┆ [0m[90m[1h43m31s] [0m[90m|[0m time="2026-01-12T18:24:25Z" level=debug msg="cgroupv2 io stats: skipping over unmappable dios=0 entry"
[95m35  : [0m[90;2m┆ ┆ [0m[90m[1h43m34s] [0m[90m|[0m time="2026-01-12T18:24:27Z" level=debug msg="Kube-router network policy controller metrics tick"
[95m35  : [0m[90;2m┆ ┆ [0m[90m[1h43m37s] [0m[90m|[0m time="2026-01-12T18:24:30Z" level=debug msg="Kube-router network policy controller metrics tick"
[95m35  : [0m[90;2m┆ ┆ [0m[90m[1h43m40s] [0m[90m|[0m time="2026-01-12T18:24:33Z" level=debug msg="Kube-router network policy controller metrics tick"
[95m35  : [0m[90;2m┆ ┆ [0m[90m[1h43m40s] [0m[90m|[0m time="2026-01-12T18:24:34Z" level=debug msg="cgroupv2 io stats: skipping over unmappable dbytes=0 entry"
[95m35  : [0m[90;2m┆ ┆ [0m[90m[1h43m40s] [0m[90m|[0m time="2026-01-12T18:24:34Z" level=debug msg="cgroupv2 io stats: skipping over unmappable dios=0 entry"
[95m35  : [0m[90;2m┆ ┆ [0m[90m[1h43m43s] [0m[90m|[0m time="2026-01-12T18:24:36Z" level=debug msg="Kube-router network policy controller metrics tick"
[95m35  : [0m[90;2m┆ ┆ [0m[90m[1h43m44s] [0m[90m|[0m time="2026-01-12T18:24:37Z" level=debug msg="cgroupv2 io stats: skipping over unmappable dbytes=0 entry"
[95m35  : [0m[90;2m┆ ┆ [0m[90m[1h43m44s] [0m[90m|[0m time="2026-01-12T18:24:37Z" level=debug msg="cgroupv2 io stats: skipping over unmappable dios=0 entry"
[95m35  : [0m[90;2m┆ ┆ [0m[90m[1h43m46s] [0m[90m|[0m time="2026-01-12T18:24:39Z" level=debug msg="Kube-router network policy controller metrics tick"
[95m35  : [0m[90;2m┆ ┆ [0m[90m[1h43m49s] [0m[90m|[0m time="2026-01-12T18:24:42Z" level=debug msg="Kube-router network policy controller metrics tick"
[95m35  : [0m[90;2m┆ ┆ [0m[90m[1h43m50s] [0m[90m|[0m time="2026-01-12T18:24:44Z" level=debug msg="cgroupv2 io stats: skipping over unmappable dbytes=0 entry"
[95m35  : [0m[90;2m┆ ┆ [0m[90m[1h43m50s] [0m[90m|[0m time="2026-01-12T18:24:44Z" level=debug msg="cgroupv2 io stats: skipping over unmappable dios=0 entry"
[95m35  : [0m[90;2m┆ ┆ [0m[90m[1h43m52s] [0m[90m|[0m time="2026-01-12T18:24:45Z" level=debug msg="Kube-router network policy controller metrics tick"
[95m35  : [0m[90;2m┆ ┆ [0m[90m[1h43m55s] [0m[90m|[0m time="2026-01-12T18:24:48Z" level=debug msg="Kube-router network policy controller metrics tick"
[95m35  : [0m[90;2m┆ ┆ [0m[90m[1h43m58s] [0m[90m|[0m time="2026-01-12T18:24:51Z" level=debug msg="Kube-router network policy controller metrics tick"
[95m35  : [0m[90;2m┆ ┆ [0m[90m[1h43m59s] [0m[90m|[0m time="2026-01-12T18:24:53Z" level=debug msg="cgroupv2 io stats: skipping over unmappable dbytes=0 entry"
[95m35  : [0m[90;2m┆ ┆ [0m[90m[1h43m59s] [0m[90m|[0m time="2026-01-12T18:24:53Z" level=debug msg="cgroupv2 io stats: skipping over unmappable dios=0 entry"
[95m35  : [0m[90;2m┆ ┆ [0m[90m[1h44m0s] [0m[90m|[0m time="2026-01-12T18:24:54Z" level=debug msg="cgroupv2 io stats: skipping over unmappable dbytes=0 entry"
[95m35  : [0m[90;2m┆ ┆ [0m[90m[1h44m0s] [0m[90m|[0m time="2026-01-12T18:24:54Z" level=debug msg="cgroupv2 io stats: skipping over unmappable dios=0 entry"
[95m35  : [0m[90;2m┆ ┆ [0m[90m[1h44m1s] [0m[90m|[0m time="2026-01-12T18:24:54Z" level=debug msg="Kube-router network policy controller metrics tick"
[95m35  : [0m[90;2m┆ ┆ [0m[90m[1h44m4s] [0m[90m|[0m time="2026-01-12T18:24:57Z" level=debug msg="Kube-router network policy controller metrics tick"
[95m35  : [0m[90;2m┆ ┆ [0m[90m[1h44m7s] [0m[90m|[0m time="2026-01-12T18:25:00Z" level=debug msg="Kube-router network policy controller metrics tick"
[95m35  : [0m[90;2m┆ ┆ [0m[90m[1h44m10s] [0m[90m|[0m time="2026-01-12T18:25:03Z" level=debug msg="Kube-router network policy controller metrics tick"
[95m35  : [0m[90;2m┆ ┆ [0m[90m[1h44m10s] [0m[90m|[0m time="2026-01-12T18:25:04Z" level=debug msg="cgroupv2 io stats: skipping over unmappable dbytes=0 entry"
[95m35  : [0m[90;2m┆ ┆ [0m[90m[1h44m10s] [0m[90m|[0m time="2026-01-12T18:25:04Z" level=debug msg="cgroupv2 io stats: skipping over unmappable dios=0 entry"
[95m35  : [0m[90;2m┆ ┆ [0m[90m[1h44m10s] [0m[90m|[0m time="2026-01-12T18:25:04Z" level=debug msg="cgroupv2 io stats: skipping over unmappable dbytes=0 entry"
[95m35  : [0m[90;2m┆ ┆ [0m[90m[1h44m10s] [0m[90m|[0m time="2026-01-12T18:25:04Z" level=debug msg="cgroupv2 io stats: skipping over unmappable dios=0 entry"
[95m35  : [0m[90;2m┆ ┆ [0m[90m[1h44m13s] [0m[90m|[0m time="2026-01-12T18:25:06Z" level=debug msg="Kube-router network policy controller metrics tick"
[95m35  : [0m[90;2m┆ ┆ [0m[90m[1h44m16s] [0m[90m|[0m time="2026-01-12T18:25:09Z" level=debug msg="Kube-router network policy controller metrics tick"
[95m35  : [0m[90;2m┆ ┆ [0m[90m[1h44m19s] [0m[90m|[0m time="2026-01-12T18:25:12Z" level=debug msg="Kube-router network policy controller metrics tick"
[95m35  : [0m[90;2m┆ ┆ [0m[90m[1h44m20s] [0m[90m|[0m time="2026-01-12T18:25:14Z" level=debug msg="cgroupv2 io stats: skipping over unmappable dbytes=0 entry"
[95m35  : [0m[90;2m┆ ┆ [0m[90m[1h44m20s] [0m[90m|[0m time="2026-01-12T18:25:14Z" level=debug msg="cgroupv2 io stats: skipping over unmappable dios=0 entry"
[95m35  : [0m[90;2m┆ ┆ [0m[90m[1h44m22s] [0m[90m|[0m time="2026-01-12T18:25:15Z" level=debug msg="Kube-router network policy controller metrics tick"
[95m35  : [0m[90;2m┆ ┆ [0m[90m[1h44m25s] [0m[90m|[0m time="2026-01-12T18:25:18Z" level=debug msg="Kube-router network policy controller metrics tick"
[95m35  : [0m[90;2m┆ ┆ [0m[90m[1h44m27s] [0m[90m|[0m time="2026-01-12T18:25:20Z" level=debug msg="cgroupv2 io stats: skipping over unmappable dbytes=0 entry"
[95m35  : [0m[90;2m┆ ┆ [0m[90m[1h44m27s] [0m[90m|[0m time="2026-01-12T18:25:20Z" level=debug msg="cgroupv2 io stats: skipping over unmappable dios=0 entry"
[95m35  : [0m[90;2m┆ ┆ [0m[90m[1h44m28s] [0m[90m|[0m time="2026-01-12T18:25:21Z" level=debug msg="Kube-router network policy controller metrics tick"
[95m35  : [0m[90;2m┆ ┆ [0m[90m[1h44m30s] [0m[90m|[0m time="2026-01-12T18:25:24Z" level=debug msg="cgroupv2 io stats: skipping over unmappable dbytes=0 entry"
[95m35  : [0m[90;2m┆ ┆ [0m[90m[1h44m30s] [0m[90m|[0m time="2026-01-12T18:25:24Z" level=debug msg="cgroupv2 io stats: skipping over unmappable dios=0 entry"
[95m35  : [0m[90;2m┆ ┆ [0m[90m[1h44m31s] [0m[90m|[0m time="2026-01-12T18:25:24Z" level=debug msg="Kube-router network policy controller metrics tick"
[95m35  : [0m[90;2m┆ ┆ [0m[90m[1h44m34s] [0m[90m|[0m time="2026-01-12T18:25:27Z" level=debug msg="Kube-router network policy controller metrics tick"
[95m35  : [0m[90;2m┆ ┆ [0m[90m[1h44m37s] [0m[90m|[0m time="2026-01-12T18:25:30Z" level=debug msg="Kube-router network policy controller metrics tick"
[95m35  : [0m[90;2m┆ ┆ [0m[90m[1h44m40s] [0m[90m|[0m time="2026-01-12T18:25:33Z" level=debug msg="Kube-router network policy controller metrics tick"
[95m35  : [0m[90;2m┆ ┆ [0m[90m[1h44m40s] [0m[90m|[0m time="2026-01-12T18:25:34Z" level=debug msg="cgroupv2 io stats: skipping over unmappable dbytes=0 entry"
[95m35  : [0m[90;2m┆ ┆ [0m[90m[1h44m40s] [0m[90m|[0m time="2026-01-12T18:25:34Z" level=debug msg="cgroupv2 io stats: skipping over unmappable dios=0 entry"
[95m35  : [0m[90;2m┆ ┆ [0m[90m[1h44m42s] [0m[90m|[0m time="2026-01-12T18:25:35Z" level=debug msg="cgroupv2 io stats: skipping over unmappable dbytes=0 entry"
[95m35  : [0m[90;2m┆ ┆ [0m[90m[1h44m42s] [0m[90m|[0m time="2026-01-12T18:25:35Z" level=debug msg="cgroupv2 io stats: skipping over unmappable dios=0 entry"
[95m35  : [0m[90;2m┆ ┆ [0m[90m[1h44m43s] [0m[90m|[0m time="2026-01-12T18:25:36Z" level=debug msg="Kube-router network policy controller metrics tick"
[95m35  : [0m[90;2m┆ ┆ [0m[90m[1h44m46s] [0m[90m|[0m time="2026-01-12T18:25:39Z" level=debug msg="Kube-router network policy controller metrics tick"
[95m35  : [0m[90;2m┆ ┆ [0m[90m[1h44m49s] [0m[90m|[0m time="2026-01-12T18:25:42Z" level=debug msg="Kube-router network policy controller metrics tick"
[95m35  : [0m[90;2m┆ ┆ [0m[90m[1h44m50s] [0m[90m|[0m time="2026-01-12T18:25:44Z" level=debug msg="cgroupv2 io stats: skipping over unmappable dbytes=0 entry"
[95m35  : [0m[90;2m┆ ┆ [0m[90m[1h44m50s] [0m[90m|[0m time="2026-01-12T18:25:44Z" level=debug msg="cgroupv2 io stats: skipping over unmappable dios=0 entry"
[95m35  : [0m[90;2m┆ ┆ [0m[90m[1h44m52s] [0m[90m|[0m time="2026-01-12T18:25:45Z" level=debug msg="Kube-router network policy controller metrics tick"
[95m35  : [0m[90;2m┆ ┆ [0m[90m[1h44m55s] [0m[90m|[0m time="2026-01-12T18:25:48Z" level=debug msg="cgroupv2 io stats: skipping over unmappable dbytes=0 entry"
[95m35  : [0m[90;2m┆ ┆ [0m[90m[1h44m55s] [0m[90m|[0m time="2026-01-12T18:25:48Z" level=debug msg="cgroupv2 io stats: skipping over unmappable dios=0 entry"
[95m35  : [0m[90;2m┆ ┆ [0m[90m[1h44m55s] [0m[90m|[0m time="2026-01-12T18:25:48Z" level=debug msg="Kube-router network policy controller metrics tick"
[95m35  : [0m[90;2m┆ ┆ [0m[90m[1h44m58s] [0m[90m|[0m time="2026-01-12T18:25:51Z" level=debug msg="Kube-router network policy controller metrics tick"
[95m35  : [0m[90;2m┆ ┆ [0m[90m[1h45m0s] [0m[90m|[0m time="2026-01-12T18:25:54Z" level=debug msg="cgroupv2 io stats: skipping over unmappable dbytes=0 entry"
[95m35  : [0m[90;2m┆ ┆ [0m[90m[1h45m0s] [0m[90m|[0m time="2026-01-12T18:25:54Z" level=debug msg="cgroupv2 io stats: skipping over unmappable dios=0 entry"
[95m35  : [0m[90;2m┆ ┆ [0m[90m[1h45m1s] [0m[90m|[0m time="2026-01-12T18:25:54Z" level=debug msg="Kube-router network policy controller metrics tick"
[95m35  : [0m[90;2m┆ ┆ [0m[90m[1h45m4s] [0m[90m|[0m time="2026-01-12T18:25:57Z" level=debug msg="Kube-router network policy controller metrics tick"
[95m35  : [0m[90;2m┆ ┆ [0m[90m[1h45m5s] [0m[90m|[0m time="2026-01-12T18:25:59Z" level=debug msg="cgroupv2 io stats: skipping over unmappable dbytes=0 entry"
[95m35  : [0m[90;2m┆ ┆ [0m[90m[1h45m5s] [0m[90m|[0m time="2026-01-12T18:25:59Z" level=debug msg="cgroupv2 io stats: skipping over unmappable dios=0 entry"
[95m35  : [0m[90;2m┆ ┆ [0m[90m[1h45m7s] [0m[90m|[0m time="2026-01-12T18:26:00Z" level=debug msg="Kube-router network policy controller metrics tick"
[95m35  : [0m[90;2m┆ ┆ [0m[90m[1h45m10s] [0m[90m|[0m time="2026-01-12T18:26:03Z" level=debug msg="Kube-router network policy controller metrics tick"
[95m35  : [0m[90;2m┆ ┆ [0m[90m[1h45m10s] [0m[90m|[0m time="2026-01-12T18:26:04Z" level=debug msg="cgroupv2 io stats: skipping over unmappable dbytes=0 entry"
[95m35  : [0m[90;2m┆ ┆ [0m[90m[1h45m10s] [0m[90m|[0m time="2026-01-12T18:26:04Z" level=debug msg="cgroupv2 io stats: skipping over unmappable dios=0 entry"
[95m35  : [0m[90;2m┆ ┆ [0m[90m[1h45m13s] [0m[90m|[0m time="2026-01-12T18:26:06Z" level=debug msg="Kube-router network policy controller metrics tick"
[95m35  : [0m[90;2m┆ ┆ [0m[90m[1h45m16s] [0m[90m|[0m time="2026-01-12T18:26:09Z" level=debug msg="Kube-router network policy controller metrics tick"
[95m35  : [0m[90;2m┆ ┆ [0m[90m[1h45m19s] [0m[90m|[0m time="2026-01-12T18:26:12Z" level=debug msg="Kube-router network policy controller metrics tick"
[95m35  : [0m[90;2m┆ ┆ [0m[90m[1h45m20s] [0m[90m|[0m time="2026-01-12T18:26:14Z" level=debug msg="cgroupv2 io stats: skipping over unmappable dbytes=0 entry"
[95m35  : [0m[90;2m┆ ┆ [0m[90m[1h45m20s] [0m[90m|[0m time="2026-01-12T18:26:14Z" level=debug msg="cgroupv2 io stats: skipping over unmappable dios=0 entry"
[95m35  : [0m[90;2m┆ ┆ [0m[90m[1h45m21s] [0m[90m|[0m time="2026-01-12T18:26:14Z" level=debug msg="cgroupv2 io stats: skipping over unmappable dbytes=0 entry"
[95m35  : [0m[90;2m┆ ┆ [0m[90m[1h45m21s] [0m[90m|[0m time="2026-01-12T18:26:14Z" level=debug msg="cgroupv2 io stats: skipping over unmappable dios=0 entry"
[95m35  : [0m[90;2m┆ ┆ [0m[90m[1h45m22s] [0m[90m|[0m time="2026-01-12T18:26:15Z" level=debug msg="Kube-router network policy controller metrics tick"
[95m35  : [0m[90;2m┆ ┆ [0m[90m[1h45m25s] [0m[90m|[0m time="2026-01-12T18:26:18Z" level=debug msg="Kube-router network policy controller metrics tick"
[95m35  : [0m[90;2m┆ ┆ [0m[90m[1h45m28s] [0m[90m|[0m time="2026-01-12T18:26:21Z" level=debug msg="Kube-router network policy controller metrics tick"
[95m35  : [0m[90;2m┆ ┆ [0m[90m[1h45m30s] [0m[90m|[0m time="2026-01-12T18:26:24Z" level=debug msg="cgroupv2 io stats: skipping over unmappable dbytes=0 entry"
[95m35  : [0m[90;2m┆ ┆ [0m[90m[1h45m30s] [0m[90m|[0m time="2026-01-12T18:26:24Z" level=debug msg="cgroupv2 io stats: skipping over unmappable dios=0 entry"
[95m35  : [0m[90;2m┆ ┆ [0m[90m[1h45m31s] [0m[90m|[0m time="2026-01-12T18:26:24Z" level=debug msg="Kube-router network policy controller metrics tick"
[95m35  : [0m[90;2m┆ ┆ [0m[90m[1h45m33s] [0m[90m|[0m time="2026-01-12T18:26:27Z" level=debug msg="cgroupv2 io stats: skipping over unmappable dbytes=0 entry"
[95m35  : [0m[90;2m┆ ┆ [0m[90m[1h45m33s] [0m[90m|[0m time="2026-01-12T18:26:27Z" level=debug msg="cgroupv2 io stats: skipping over unmappable dios=0 entry"
[95m35  : [0m[90;2m┆ ┆ [0m[90m[1h45m34s] [0m[90m|[0m time="2026-01-12T18:26:27Z" level=debug msg="Kube-router network policy controller metrics tick"
[95m35  : [0m[90;2m┆ ┆ [0m[90m[1h45m37s] [0m[90m|[0m time="2026-01-12T18:26:30Z" level=debug msg="Kube-router network policy controller metrics tick"
[95m35  : [0m[90;2m┆ ┆ [0m[90m[1h45m40s] [0m[90m|[0m time="2026-01-12T18:26:33Z" level=debug msg="Kube-router network policy controller metrics tick"
[95m35  : [0m[90;2m┆ ┆ [0m[90m[1h45m40s] [0m[90m|[0m time="2026-01-12T18:26:34Z" level=debug msg="cgroupv2 io stats: skipping over unmappable dbytes=0 entry"
[95m35  : [0m[90;2m┆ ┆ [0m[90m[1h45m40s] [0m[90m|[0m time="2026-01-12T18:26:34Z" level=debug msg="cgroupv2 io stats: skipping over unmappable dios=0 entry"
[95m35  : [0m[90;2m┆ ┆ [0m[90m[1h45m43s] [0m[90m|[0m time="2026-01-12T18:26:36Z" level=debug msg="Kube-router network policy controller metrics tick"
[95m35  : [0m[90;2m┆ ┆ [0m[90m[1h45m44s] [0m[90m|[0m time="2026-01-12T18:26:37Z" level=info msg="COMPACT compactRev=218 targetCompactRev=309 currentRev=1309"
[95m35  : [0m[90;2m┆ ┆ [0m[90m[1h45m44s] [0m[90m|[0m time="2026-01-12T18:26:37Z" level=info msg="COMPACT deleted 17 rows from 91 revisions in 1.928555ms - compacted to 309/1309"
[95m35  : [0m[90;2m┆ ┆ [0m[90m[1h45m44s] [0m[90m|[0m time="2026-01-12T18:26:37Z" level=info msg="COMPACT compacted from 218 to 309 in 1 transactions over 2ms"
[95m35  : [0m[90;2m┆ ┆ [0m[90m[1h45m44s] [0m[90m|[0m I0112 18:26:37.757343      14 cidrallocator.go:277] updated ClusterIP allocator for Service CIDR 10.43.0.0/16
[95m35  : [0m[90;2m┆ ┆ [0m[90m[1h45m46s] [0m[90m|[0m time="2026-01-12T18:26:39Z" level=debug msg="Kube-router network policy controller metrics tick"
[95m35  : [0m[90;2m┆ ┆ [0m[90m[1h45m46s] [0m[90m|[0m W0112 18:26:40.450924      14 info.go:53] Couldn't collect info from any of the files in "/etc/machine-id,/var/lib/dbus/machine-id"
[95m35  : [0m[90;2m┆ ┆ [0m[90m[1h45m49s] [0m[90m|[0m time="2026-01-12T18:26:42Z" level=debug msg="Kube-router network policy controller metrics tick"
[95m35  : [0m[90;2m┆ ┆ [0m[90m[1h45m49s] [0m[90m|[0m time="2026-01-12T18:26:43Z" level=debug msg="cgroupv2 io stats: skipping over unmappable dbytes=0 entry"
[95m35  : [0m[90;2m┆ ┆ [0m[90m[1h45m49s] [0m[90m|[0m time="2026-01-12T18:26:43Z" level=debug msg="cgroupv2 io stats: skipping over unmappable dios=0 entry"
[95m35  : [0m[90;2m┆ ┆ [0m[90m[1h45m50s] [0m[90m|[0m time="2026-01-12T18:26:44Z" level=debug msg="cgroupv2 io stats: skipping over unmappable dbytes=0 entry"
[95m35  : [0m[90;2m┆ ┆ [0m[90m[1h45m50s] [0m[90m|[0m time="2026-01-12T18:26:44Z" level=debug msg="cgroupv2 io stats: skipping over unmappable dios=0 entry"
[95m35  : [0m[90;2m┆ ┆ [0m[90m[1h45m52s] [0m[90m|[0m time="2026-01-12T18:26:45Z" level=debug msg="Kube-router network policy controller metrics tick"
[95m35  : [0m[90;2m┆ ┆ [0m[90m[1h45m55s] [0m[90m|[0m time="2026-01-12T18:26:48Z" level=debug msg="Kube-router network policy controller metrics tick"
[95m35  : [0m[90;2m┆ ┆ [0m[90m[1h45m58s] [0m[90m|[0m time="2026-01-12T18:26:51Z" level=debug msg="Kube-router network policy controller metrics tick"
[95m35  : [0m[90;2m┆ ┆ [0m[90m[1h46m0s] [0m[90m|[0m time="2026-01-12T18:26:54Z" level=debug msg="cgroupv2 io stats: skipping over unmappable dbytes=0 entry"
[95m35  : [0m[90;2m┆ ┆ [0m[90m[1h46m0s] [0m[90m|[0m time="2026-01-12T18:26:54Z" level=debug msg="cgroupv2 io stats: skipping over unmappable dios=0 entry"
[95m35  : [0m[90;2m┆ ┆ [0m[90m[1h46m1s] [0m[90m|[0m time="2026-01-12T18:26:54Z" level=debug msg="Kube-router network policy controller metrics tick"
[95m35  : [0m[90;2m┆ ┆ [0m[90m[1h46m2s] [0m[90m|[0m time="2026-01-12T18:26:56Z" level=debug msg="cgroupv2 io stats: skipping over unmappable dbytes=0 entry"
[95m35  : [0m[90;2m┆ ┆ [0m[90m[1h46m2s] [0m[90m|[0m time="2026-01-12T18:26:56Z" level=debug msg="cgroupv2 io stats: skipping over unmappable dios=0 entry"
[95m35  : [0m[90;2m┆ ┆ [0m[90m[1h46m4s] [0m[90m|[0m time="2026-01-12T18:26:57Z" level=debug msg="Kube-router network policy controller metrics tick"
[95m35  : [0m[90;2m┆ ┆ [0m[90m[1h46m7s] [0m[90m|[0m time="2026-01-12T18:27:00Z" level=debug msg="Kube-router network policy controller metrics tick"
[95m35  : [0m[90;2m┆ ┆ [0m[90m[1h46m10s] [0m[90m|[0m time="2026-01-12T18:27:03Z" level=debug msg="Kube-router network policy controller metrics tick"
[95m35  : [0m[90;2m┆ ┆ [0m[90m[1h46m10s] [0m[90m|[0m time="2026-01-12T18:27:04Z" level=debug msg="cgroupv2 io stats: skipping over unmappable dbytes=0 entry"
[95m35  : [0m[90;2m┆ ┆ [0m[90m[1h46m10s] [0m[90m|[0m time="2026-01-12T18:27:04Z" level=debug msg="cgroupv2 io stats: skipping over unmappable dios=0 entry"
[95m35  : [0m[90;2m┆ ┆ [0m[90m[1h46m13s] [0m[90m|[0m time="2026-01-12T18:27:06Z" level=debug msg="Kube-router network policy controller metrics tick"
[95m35  : [0m[90;2m┆ ┆ [0m[90m[1h46m16s] [0m[90m|[0m time="2026-01-12T18:27:09Z" level=debug msg="Kube-router network policy controller metrics tick"
[95m35  : [0m[90;2m┆ ┆ [0m[90m[1h46m19s] [0m[90m|[0m time="2026-01-12T18:27:12Z" level=debug msg="Kube-router network policy controller metrics tick"
[95m35  : [0m[90;2m┆ ┆ [0m[90m[1h46m19s] [0m[90m|[0m time="2026-01-12T18:27:13Z" level=debug msg="cgroupv2 io stats: skipping over unmappable dbytes=0 entry"
[95m35  : [0m[90;2m┆ ┆ [0m[90m[1h46m19s] [0m[90m|[0m time="2026-01-12T18:27:13Z" level=debug msg="cgroupv2 io stats: skipping over unmappable dios=0 entry"
[95m35  : [0m[90;2m┆ ┆ [0m[90m[1h46m20s] [0m[90m|[0m time="2026-01-12T18:27:14Z" level=debug msg="cgroupv2 io stats: skipping over unmappable dbytes=0 entry"
[95m35  : [0m[90;2m┆ ┆ [0m[90m[1h46m20s] [0m[90m|[0m time="2026-01-12T18:27:14Z" level=debug msg="cgroupv2 io stats: skipping over unmappable dios=0 entry"
[95m35  : [0m[90;2m┆ ┆ [0m[90m[1h46m22s] [0m[90m|[0m time="2026-01-12T18:27:15Z" level=debug msg="Kube-router network policy controller metrics tick"
[95m35  : [0m[90;2m┆ ┆ [0m[90m[1h46m25s] [0m[90m|[0m time="2026-01-12T18:27:18Z" level=debug msg="Kube-router network policy controller metrics tick"
[95m35  : [0m[90;2m┆ ┆ [0m[90m[1h46m28s] [0m[90m|[0m time="2026-01-12T18:27:21Z" level=debug msg="Kube-router network policy controller metrics tick"
[95m35  : [0m[90;2m┆ ┆ [0m[90m[1h46m30s] [0m[90m|[0m time="2026-01-12T18:27:24Z" level=debug msg="cgroupv2 io stats: skipping over unmappable dbytes=0 entry"
[95m35  : [0m[90;2m┆ ┆ [0m[90m[1h46m30s] [0m[90m|[0m time="2026-01-12T18:27:24Z" level=debug msg="cgroupv2 io stats: skipping over unmappable dios=0 entry"
[95m35  : [0m[90;2m┆ ┆ [0m[90m[1h46m31s] [0m[90m|[0m time="2026-01-12T18:27:24Z" level=debug msg="cgroupv2 io stats: skipping over unmappable dbytes=0 entry"
[95m35  : [0m[90;2m┆ ┆ [0m[90m[1h46m31s] [0m[90m|[0m time="2026-01-12T18:27:24Z" level=debug msg="cgroupv2 io stats: skipping over unmappable dios=0 entry"
[95m35  : [0m[90;2m┆ ┆ [0m[90m[1h46m31s] [0m[90m|[0m time="2026-01-12T18:27:24Z" level=debug msg="Kube-router network policy controller metrics tick"
[95m35  : [0m[90;2m┆ ┆ [0m[90m[1h46m34s] [0m[90m|[0m time="2026-01-12T18:27:27Z" level=debug msg="Kube-router network policy controller metrics tick"
[95m35  : [0m[90;2m┆ ┆ [0m[90m[1h46m37s] [0m[90m|[0m time="2026-01-12T18:27:30Z" level=debug msg="Kube-router network policy controller metrics tick"
[95m35  : [0m[90;2m┆ ┆ [0m[90m[1h46m40s] [0m[90m|[0m time="2026-01-12T18:27:33Z" level=debug msg="Kube-router network policy controller metrics tick"
[95m35  : [0m[90;2m┆ ┆ [0m[90m[1h46m40s] [0m[90m|[0m time="2026-01-12T18:27:34Z" level=debug msg="cgroupv2 io stats: skipping over unmappable dbytes=0 entry"
[95m35  : [0m[90;2m┆ ┆ [0m[90m[1h46m40s] [0m[90m|[0m time="2026-01-12T18:27:34Z" level=debug msg="cgroupv2 io stats: skipping over unmappable dios=0 entry"
[95m35  : [0m[90;2m┆ ┆ [0m[90m[1h46m43s] [0m[90m|[0m time="2026-01-12T18:27:36Z" level=debug msg="Kube-router network policy controller metrics tick"
[95m35  : [0m[90;2m┆ ┆ [0m[90m[1h46m46s] [0m[90m|[0m time="2026-01-12T18:27:39Z" level=debug msg="Kube-router network policy controller metrics tick"
[95m35  : [0m[90;2m┆ ┆ [0m[90m[1h46m47s] [0m[90m|[0m time="2026-01-12T18:27:40Z" level=debug msg="cgroupv2 io stats: skipping over unmappable dbytes=0 entry"
[95m35  : [0m[90;2m┆ ┆ [0m[90m[1h46m47s] [0m[90m|[0m time="2026-01-12T18:27:40Z" level=debug msg="cgroupv2 io stats: skipping over unmappable dios=0 entry"
[95m35  : [0m[90;2m┆ ┆ [0m[90m[1h46m49s] [0m[90m|[0m time="2026-01-12T18:27:42Z" level=debug msg="Kube-router network policy controller metrics tick"
[95m35  : [0m[90;2m┆ ┆ [0m[90m[1h46m50s] [0m[90m|[0m time="2026-01-12T18:27:44Z" level=debug msg="cgroupv2 io stats: skipping over unmappable dbytes=0 entry"
[95m35  : [0m[90;2m┆ ┆ [0m[90m[1h46m50s] [0m[90m|[0m time="2026-01-12T18:27:44Z" level=debug msg="cgroupv2 io stats: skipping over unmappable dios=0 entry"
[95m35  : [0m[90;2m┆ ┆ [0m[90m[1h46m52s] [0m[90m|[0m time="2026-01-12T18:27:45Z" level=debug msg="Kube-router network policy controller metrics tick"
[95m35  : [0m[90;2m┆ ┆ [0m[90m[1h46m55s] [0m[90m|[0m time="2026-01-12T18:27:48Z" level=debug msg="Kube-router network policy controller metrics tick"
[95m35  : [0m[90;2m┆ ┆ [0m[90m[1h46m58s] [0m[90m|[0m time="2026-01-12T18:27:51Z" level=debug msg="Kube-router network policy controller metrics tick"
[95m35  : [0m[90;2m┆ ┆ [0m[90m[1h46m59s] [0m[90m|[0m time="2026-01-12T18:27:52Z" level=debug msg="cgroupv2 io stats: skipping over unmappable dbytes=0 entry"
[95m35  : [0m[90;2m┆ ┆ [0m[90m[1h46m59s] [0m[90m|[0m time="2026-01-12T18:27:52Z" level=debug msg="cgroupv2 io stats: skipping over unmappable dios=0 entry"
[95m35  : [0m[90;2m┆ ┆ [0m[90m[1h47m0s] [0m[90m|[0m time="2026-01-12T18:27:54Z" level=debug msg="cgroupv2 io stats: skipping over unmappable dbytes=0 entry"
[95m35  : [0m[90;2m┆ ┆ [0m[90m[1h47m0s] [0m[90m|[0m time="2026-01-12T18:27:54Z" level=debug msg="cgroupv2 io stats: skipping over unmappable dios=0 entry"
[95m35  : [0m[90;2m┆ ┆ [0m[90m[1h47m1s] [0m[90m|[0m time="2026-01-12T18:27:54Z" level=debug msg="Kube-router network policy controller metrics tick"
[95m35  : [0m[90;2m┆ ┆ [0m[90m[1h47m4s] [0m[90m|[0m time="2026-01-12T18:27:57Z" level=debug msg="Kube-router network policy controller metrics tick"
[95m35  : [0m[90;2m┆ ┆ [0m[90m[1h47m7s] [0m[90m|[0m time="2026-01-12T18:28:00Z" level=debug msg="Kube-router network policy controller metrics tick"
[95m35  : [0m[90;2m┆ ┆ [0m[90m[1h47m10s] [0m[90m|[0m time="2026-01-12T18:28:03Z" level=debug msg="Kube-router network policy controller metrics tick"
[95m35  : [0m[90;2m┆ ┆ [0m[90m[1h47m10s] [0m[90m|[0m time="2026-01-12T18:28:04Z" level=debug msg="cgroupv2 io stats: skipping over unmappable dbytes=0 entry"
[95m35  : [0m[90;2m┆ ┆ [0m[90m[1h47m10s] [0m[90m|[0m time="2026-01-12T18:28:04Z" level=debug msg="cgroupv2 io stats: skipping over unmappable dios=0 entry"
[95m35  : [0m[90;2m┆ ┆ [0m[90m[1h47m13s] [0m[90m|[0m time="2026-01-12T18:28:06Z" level=debug msg="cgroupv2 io stats: skipping over unmappable dbytes=0 entry"
[95m35  : [0m[90;2m┆ ┆ [0m[90m[1h47m13s] [0m[90m|[0m time="2026-01-12T18:28:06Z" level=debug msg="cgroupv2 io stats: skipping over unmappable dios=0 entry"
[95m35  : [0m[90;2m┆ ┆ [0m[90m[1h47m13s] [0m[90m|[0m time="2026-01-12T18:28:06Z" level=debug msg="Kube-router network policy controller metrics tick"
[95m35  : [0m[90;2m┆ ┆ [0m[90m[1h47m16s] [0m[90m|[0m time="2026-01-12T18:28:09Z" level=debug msg="Kube-router network policy controller metrics tick"
[95m35  : [0m[90;2m┆ ┆ [0m[90m[1h47m19s] [0m[90m|[0m time="2026-01-12T18:28:12Z" level=debug msg="Kube-router network policy controller metrics tick"
[95m35  : [0m[90;2m┆ ┆ [0m[90m[1h47m20s] [0m[90m|[0m time="2026-01-12T18:28:14Z" level=debug msg="cgroupv2 io stats: skipping over unmappable dbytes=0 entry"
[95m35  : [0m[90;2m┆ ┆ [0m[90m[1h47m20s] [0m[90m|[0m time="2026-01-12T18:28:14Z" level=debug msg="cgroupv2 io stats: skipping over unmappable dios=0 entry"
[95m35  : [0m[90;2m┆ ┆ [0m[90m[1h47m22s] [0m[90m|[0m time="2026-01-12T18:28:15Z" level=debug msg="Kube-router network policy controller metrics tick"
[95m35  : [0m[90;2m┆ ┆ [0m[90m[1h47m25s] [0m[90m|[0m time="2026-01-12T18:28:18Z" level=debug msg="Kube-router network policy controller metrics tick"
[95m35  : [0m[90;2m┆ ┆ [0m[90m[1h47m26s] [0m[90m|[0m time="2026-01-12T18:28:20Z" level=debug msg="cgroupv2 io stats: skipping over unmappable dbytes=0 entry"
[95m35  : [0m[90;2m┆ ┆ [0m[90m[1h47m26s] [0m[90m|[0m time="2026-01-12T18:28:20Z" level=debug msg="cgroupv2 io stats: skipping over unmappable dios=0 entry"
[95m35  : [0m[90;2m┆ ┆ [0m[90m[1h47m28s] [0m[90m|[0m time="2026-01-12T18:28:21Z" level=debug msg="Kube-router network policy controller metrics tick"
[95m35  : [0m[90;2m┆ ┆ [0m[90m[1h47m30s] [0m[90m|[0m time="2026-01-12T18:28:24Z" level=debug msg="cgroupv2 io stats: skipping over unmappable dbytes=0 entry"
[95m35  : [0m[90;2m┆ ┆ [0m[90m[1h47m30s] [0m[90m|[0m time="2026-01-12T18:28:24Z" level=debug msg="cgroupv2 io stats: skipping over unmappable dios=0 entry"
[95m35  : [0m[90;2m┆ ┆ [0m[90m[1h47m31s] [0m[90m|[0m time="2026-01-12T18:28:24Z" level=debug msg="Kube-router network policy controller metrics tick"
[95m35  : [0m[90;2m┆ ┆ [0m[90m[1h47m34s] [0m[90m|[0m time="2026-01-12T18:28:27Z" level=debug msg="Kube-router network policy controller metrics tick"
[95m35  : [0m[90;2m┆ ┆ [0m[90m[1h47m37s] [0m[90m|[0m time="2026-01-12T18:28:30Z" level=debug msg="Kube-router network policy controller metrics tick"
[95m35  : [0m[90;2m┆ ┆ [0m[90m[1h47m40s] [0m[90m|[0m time="2026-01-12T18:28:33Z" level=debug msg="Kube-router network policy controller metrics tick"
[95m35  : [0m[90;2m┆ ┆ [0m[90m[1h47m40s] [0m[90m|[0m time="2026-01-12T18:28:34Z" level=debug msg="cgroupv2 io stats: skipping over unmappable dbytes=0 entry"
[95m35  : [0m[90;2m┆ ┆ [0m[90m[1h47m40s] [0m[90m|[0m time="2026-01-12T18:28:34Z" level=debug msg="cgroupv2 io stats: skipping over unmappable dios=0 entry"
[95m35  : [0m[90;2m┆ ┆ [0m[90m[1h47m40s] [0m[90m|[0m time="2026-01-12T18:28:34Z" level=debug msg="cgroupv2 io stats: skipping over unmappable dbytes=0 entry"
[95m35  : [0m[90;2m┆ ┆ [0m[90m[1h47m40s] [0m[90m|[0m time="2026-01-12T18:28:34Z" level=debug msg="cgroupv2 io stats: skipping over unmappable dios=0 entry"
[95m35  : [0m[90;2m┆ ┆ [0m[90m[1h47m43s] [0m[90m|[0m time="2026-01-12T18:28:36Z" level=debug msg="Kube-router network policy controller metrics tick"
[95m35  : [0m[90;2m┆ ┆ [0m[90m[1h47m46s] [0m[90m|[0m time="2026-01-12T18:28:39Z" level=debug msg="Kube-router network policy controller metrics tick"
[95m35  : [0m[90;2m┆ ┆ [0m[90m[1h47m49s] [0m[90m|[0m time="2026-01-12T18:28:42Z" level=debug msg="Kube-router network policy controller metrics tick"
[95m35  : [0m[90;2m┆ ┆ [0m[90m[1h47m51s] [0m[90m|[0m time="2026-01-12T18:28:44Z" level=debug msg="cgroupv2 io stats: skipping over unmappable dbytes=0 entry"
[95m35  : [0m[90;2m┆ ┆ [0m[90m[1h47m51s] [0m[90m|[0m time="2026-01-12T18:28:44Z" level=debug msg="cgroupv2 io stats: skipping over unmappable dios=0 entry"
[95m35  : [0m[90;2m┆ ┆ [0m[90m[1h47m52s] [0m[90m|[0m time="2026-01-12T18:28:45Z" level=debug msg="Kube-router network policy controller metrics tick"
[95m35  : [0m[90;2m┆ ┆ [0m[90m[1h47m54s] [0m[90m|[0m time="2026-01-12T18:28:47Z" level=debug msg="cgroupv2 io stats: skipping over unmappable dbytes=0 entry"
[95m35  : [0m[90;2m┆ ┆ [0m[90m[1h47m54s] [0m[90m|[0m time="2026-01-12T18:28:47Z" level=debug msg="cgroupv2 io stats: skipping over unmappable dios=0 entry"
[95m35  : [0m[90;2m┆ ┆ [0m[90m[1h47m55s] [0m[90m|[0m time="2026-01-12T18:28:48Z" level=debug msg="Kube-router network policy controller metrics tick"
[95m35  : [0m[90;2m┆ ┆ [0m[90m[1h47m58s] [0m[90m|[0m time="2026-01-12T18:28:51Z" level=debug msg="Kube-router network policy controller metrics tick"
[95m35  : [0m[90;2m┆ ┆ [0m[90m[1h48m1s] [0m[90m|[0m time="2026-01-12T18:28:54Z" level=debug msg="cgroupv2 io stats: skipping over unmappable dbytes=0 entry"
[95m35  : [0m[90;2m┆ ┆ [0m[90m[1h48m1s] [0m[90m|[0m time="2026-01-12T18:28:54Z" level=debug msg="cgroupv2 io stats: skipping over unmappable dios=0 entry"
[95m35  : [0m[90;2m┆ ┆ [0m[90m[1h48m1s] [0m[90m|[0m time="2026-01-12T18:28:54Z" level=debug msg="Kube-router network policy controller metrics tick"
[95m35  : [0m[90;2m┆ ┆ [0m[90m[1h48m4s] [0m[90m|[0m time="2026-01-12T18:28:57Z" level=debug msg="Kube-router network policy controller metrics tick"
[95m35  : [0m[90;2m┆ ┆ [0m[90m[1h48m7s] [0m[90m|[0m time="2026-01-12T18:29:00Z" level=debug msg="Kube-router network policy controller metrics tick"
[95m35  : [0m[90;2m┆ ┆ [0m[90m[1h48m10s] [0m[90m|[0m time="2026-01-12T18:29:03Z" level=debug msg="Kube-router network policy controller metrics tick"
[95m35  : [0m[90;2m┆ ┆ [0m[90m[1h48m11s] [0m[90m|[0m time="2026-01-12T18:29:04Z" level=debug msg="cgroupv2 io stats: skipping over unmappable dbytes=0 entry"
[95m35  : [0m[90;2m┆ ┆ [0m[90m[1h48m11s] [0m[90m|[0m time="2026-01-12T18:29:04Z" level=debug msg="cgroupv2 io stats: skipping over unmappable dios=0 entry"
[95m35  : [0m[90;2m┆ ┆ [0m[90m[1h48m12s] [0m[90m|[0m time="2026-01-12T18:29:06Z" level=debug msg="cgroupv2 io stats: skipping over unmappable dbytes=0 entry"
[95m35  : [0m[90;2m┆ ┆ [0m[90m[1h48m12s] [0m[90m|[0m time="2026-01-12T18:29:06Z" level=debug msg="cgroupv2 io stats: skipping over unmappable dios=0 entry"
[95m35  : [0m[90;2m┆ ┆ [0m[90m[1h48m13s] [0m[90m|[0m time="2026-01-12T18:29:06Z" level=debug msg="Kube-router network policy controller metrics tick"
[95m35  : [0m[90;2m┆ ┆ [0m[90m[1h48m16s] [0m[90m|[0m time="2026-01-12T18:29:09Z" level=debug msg="Kube-router network policy controller metrics tick"
[95m35  : [0m[90;2m┆ ┆ [0m[90m[1h48m19s] [0m[90m|[0m time="2026-01-12T18:29:12Z" level=debug msg="Kube-router network policy controller metrics tick"
[95m35  : [0m[90;2m┆ ┆ [0m[90m[1h48m21s] [0m[90m|[0m time="2026-01-12T18:29:14Z" level=debug msg="cgroupv2 io stats: skipping over unmappable dbytes=0 entry"
[95m35  : [0m[90;2m┆ ┆ [0m[90m[1h48m21s] [0m[90m|[0m time="2026-01-12T18:29:14Z" level=debug msg="cgroupv2 io stats: skipping over unmappable dios=0 entry"
[95m35  : [0m[90;2m┆ ┆ [0m[90m[1h48m22s] [0m[90m|[0m time="2026-01-12T18:29:15Z" level=debug msg="Kube-router network policy controller metrics tick"
[95m35  : [0m[90;2m┆ ┆ [0m[90m[1h48m25s] [0m[90m|[0m time="2026-01-12T18:29:18Z" level=debug msg="cgroupv2 io stats: skipping over unmappable dbytes=0 entry"
[95m35  : [0m[90;2m┆ ┆ [0m[90m[1h48m25s] [0m[90m|[0m time="2026-01-12T18:29:18Z" level=debug msg="cgroupv2 io stats: skipping over unmappable dios=0 entry"
[95m35  : [0m[90;2m┆ ┆ [0m[90m[1h48m25s] [0m[90m|[0m time="2026-01-12T18:29:18Z" level=debug msg="Kube-router network policy controller metrics tick"
[95m35  : [0m[90;2m┆ ┆ [0m[90m[1h48m28s] [0m[90m|[0m time="2026-01-12T18:29:21Z" level=debug msg="Kube-router network policy controller metrics tick"
[95m35  : [0m[90;2m┆ ┆ [0m[90m[1h48m31s] [0m[90m|[0m time="2026-01-12T18:29:24Z" level=debug msg="cgroupv2 io stats: skipping over unmappable dbytes=0 entry"
[95m35  : [0m[90;2m┆ ┆ [0m[90m[1h48m31s] [0m[90m|[0m time="2026-01-12T18:29:24Z" level=debug msg="cgroupv2 io stats: skipping over unmappable dios=0 entry"
[95m35  : [0m[90;2m┆ ┆ [0m[90m[1h48m31s] [0m[90m|[0m time="2026-01-12T18:29:24Z" level=debug msg="Kube-router network policy controller metrics tick"
[95m35  : [0m[90;2m┆ ┆ [0m[90m[1h48m34s] [0m[90m|[0m time="2026-01-12T18:29:27Z" level=debug msg="Kube-router network policy controller metrics tick"
[95m35  : [0m[90;2m┆ ┆ [0m[90m[1h48m37s] [0m[90m|[0m time="2026-01-12T18:29:30Z" level=debug msg="Kube-router network policy controller metrics tick"
[95m35  : [0m[90;2m┆ ┆ [0m[90m[1h48m40s] [0m[90m|[0m time="2026-01-12T18:29:33Z" level=debug msg="Kube-router network policy controller metrics tick"
[95m35  : [0m[90;2m┆ ┆ [0m[90m[1h48m40s] [0m[90m|[0m time="2026-01-12T18:29:34Z" level=debug msg="cgroupv2 io stats: skipping over unmappable dbytes=0 entry"
[95m35  : [0m[90;2m┆ ┆ [0m[90m[1h48m40s] [0m[90m|[0m time="2026-01-12T18:29:34Z" level=debug msg="cgroupv2 io stats: skipping over unmappable dios=0 entry"
[95m35  : [0m[90;2m┆ ┆ [0m[90m[1h48m41s] [0m[90m|[0m time="2026-01-12T18:29:34Z" level=debug msg="cgroupv2 io stats: skipping over unmappable dbytes=0 entry"
[95m35  : [0m[90;2m┆ ┆ [0m[90m[1h48m41s] [0m[90m|[0m time="2026-01-12T18:29:34Z" level=debug msg="cgroupv2 io stats: skipping over unmappable dios=0 entry"
[95m35  : [0m[90;2m┆ ┆ [0m[90m[1h48m43s] [0m[90m|[0m time="2026-01-12T18:29:36Z" level=debug msg="Kube-router network policy controller metrics tick"
[95m35  : [0m[90;2m┆ ┆ [0m[90m[1h48m46s] [0m[90m|[0m time="2026-01-12T18:29:39Z" level=debug msg="Kube-router network policy controller metrics tick"
[95m35  : [0m[90;2m┆ ┆ [0m[90m[1h48m49s] [0m[90m|[0m time="2026-01-12T18:29:42Z" level=debug msg="Kube-router network policy controller metrics tick"
[95m35  : [0m[90;2m┆ ┆ [0m[90m[1h48m51s] [0m[90m|[0m time="2026-01-12T18:29:44Z" level=debug msg="cgroupv2 io stats: skipping over unmappable dbytes=0 entry"
[95m35  : [0m[90;2m┆ ┆ [0m[90m[1h48m51s] [0m[90m|[0m time="2026-01-12T18:29:44Z" level=debug msg="cgroupv2 io stats: skipping over unmappable dios=0 entry"
[95m35  : [0m[90;2m┆ ┆ [0m[90m[1h48m52s] [0m[90m|[0m time="2026-01-12T18:29:45Z" level=debug msg="Kube-router network policy controller metrics tick"
[95m35  : [0m[90;2m┆ ┆ [0m[90m[1h48m55s] [0m[90m|[0m time="2026-01-12T18:29:48Z" level=debug msg="Kube-router network policy controller metrics tick"
[95m35  : [0m[90;2m┆ ┆ [0m[90m[1h48m57s] [0m[90m|[0m time="2026-01-12T18:29:51Z" level=debug msg="cgroupv2 io stats: skipping over unmappable dbytes=0 entry"
[95m35  : [0m[90;2m┆ ┆ [0m[90m[1h48m57s] [0m[90m|[0m time="2026-01-12T18:29:51Z" level=debug msg="cgroupv2 io stats: skipping over unmappable dios=0 entry"
[95m35  : [0m[90;2m┆ ┆ [0m[90m[1h48m58s] [0m[90m|[0m time="2026-01-12T18:29:51Z" level=debug msg="Kube-router network policy controller metrics tick"
[95m35  : [0m[90;2m┆ ┆ [0m[90m[1h49m1s] [0m[90m|[0m time="2026-01-12T18:29:54Z" level=debug msg="cgroupv2 io stats: skipping over unmappable dbytes=0 entry"
[95m35  : [0m[90;2m┆ ┆ [0m[90m[1h49m1s] [0m[90m|[0m time="2026-01-12T18:29:54Z" level=debug msg="cgroupv2 io stats: skipping over unmappable dios=0 entry"
[95m35  : [0m[90;2m┆ ┆ [0m[90m[1h49m1s] [0m[90m|[0m time="2026-01-12T18:29:54Z" level=debug msg="Kube-router network policy controller metrics tick"
[95m35  : [0m[90;2m┆ ┆ [0m[90m[1h49m4s] [0m[90m|[0m time="2026-01-12T18:29:57Z" level=debug msg="Kube-router network policy controller metrics tick"
[95m35  : [0m[90;2m┆ ┆ [0m[90m[1h49m7s] [0m[90m|[0m time="2026-01-12T18:30:00Z" level=debug msg="Kube-router network policy controller metrics tick"
[95m35  : [0m[90;2m┆ ┆ [0m[90m[1h49m8s] [0m[90m|[0m time="2026-01-12T18:30:02Z" level=debug msg="cgroupv2 io stats: skipping over unmappable dbytes=0 entry"
[95m35  : [0m[90;2m┆ ┆ [0m[90m[1h49m8s] [0m[90m|[0m time="2026-01-12T18:30:02Z" level=debug msg="cgroupv2 io stats: skipping over unmappable dios=0 entry"
[95m35  : [0m[90;2m┆ ┆ [0m[90m[1h49m10s] [0m[90m|[0m time="2026-01-12T18:30:03Z" level=debug msg="Kube-router network policy controller metrics tick"
[95m35  : [0m[90;2m┆ ┆ [0m[90m[1h49m11s] [0m[90m|[0m time="2026-01-12T18:30:04Z" level=debug msg="cgroupv2 io stats: skipping over unmappable dbytes=0 entry"
[95m35  : [0m[90;2m┆ ┆ [0m[90m[1h49m11s] [0m[90m|[0m time="2026-01-12T18:30:04Z" level=debug msg="cgroupv2 io stats: skipping over unmappable dios=0 entry"
[95m35  : [0m[90;2m┆ ┆ [0m[90m[1h49m13s] [0m[90m|[0m time="2026-01-12T18:30:06Z" level=debug msg="Kube-router network policy controller metrics tick"
[95m35  : [0m[90;2m┆ ┆ [0m[90m[1h49m16s] [0m[90m|[0m time="2026-01-12T18:30:09Z" level=debug msg="Kube-router network policy controller metrics tick"
[95m35  : [0m[90;2m┆ ┆ [0m[90m[1h49m19s] [0m[90m|[0m time="2026-01-12T18:30:12Z" level=debug msg="Kube-router network policy controller metrics tick"
[95m35  : [0m[90;2m┆ ┆ [0m[90m[1h49m20s] [0m[90m|[0m time="2026-01-12T18:30:13Z" level=debug msg="cgroupv2 io stats: skipping over unmappable dbytes=0 entry"
[95m35  : [0m[90;2m┆ ┆ [0m[90m[1h49m20s] [0m[90m|[0m time="2026-01-12T18:30:13Z" level=debug msg="cgroupv2 io stats: skipping over unmappable dios=0 entry"
[95m35  : [0m[90;2m┆ ┆ [0m[90m[1h49m21s] [0m[90m|[0m time="2026-01-12T18:30:14Z" level=debug msg="cgroupv2 io stats: skipping over unmappable dbytes=0 entry"
[95m35  : [0m[90;2m┆ ┆ [0m[90m[1h49m21s] [0m[90m|[0m time="2026-01-12T18:30:14Z" level=debug msg="cgroupv2 io stats: skipping over unmappable dios=0 entry"
[95m35  : [0m[90;2m┆ ┆ [0m[90m[1h49m22s] [0m[90m|[0m time="2026-01-12T18:30:15Z" level=debug msg="Kube-router network policy controller metrics tick"
[95m35  : [0m[90;2m┆ ┆ [0m[90m[1h49m25s] [0m[90m|[0m time="2026-01-12T18:30:18Z" level=debug msg="Kube-router network policy controller metrics tick"
[95m35  : [0m[90;2m┆ ┆ [0m[90m[1h49m28s] [0m[90m|[0m time="2026-01-12T18:30:21Z" level=debug msg="Kube-router network policy controller metrics tick"
[95m35  : [0m[90;2m┆ ┆ [0m[90m[1h49m31s] [0m[90m|[0m time="2026-01-12T18:30:24Z" level=debug msg="cgroupv2 io stats: skipping over unmappable dbytes=0 entry"
[95m35  : [0m[90;2m┆ ┆ [0m[90m[1h49m31s] [0m[90m|[0m time="2026-01-12T18:30:24Z" level=debug msg="cgroupv2 io stats: skipping over unmappable dios=0 entry"
[95m35  : [0m[90;2m┆ ┆ [0m[90m[1h49m31s] [0m[90m|[0m time="2026-01-12T18:30:24Z" level=debug msg="Kube-router network policy controller metrics tick"
[95m35  : [0m[90;2m┆ ┆ [0m[90m[1h49m31s] [0m[90m|[0m time="2026-01-12T18:30:25Z" level=debug msg="cgroupv2 io stats: skipping over unmappable dbytes=0 entry"
[95m35  : [0m[90;2m┆ ┆ [0m[90m[1h49m31s] [0m[90m|[0m time="2026-01-12T18:30:25Z" level=debug msg="cgroupv2 io stats: skipping over unmappable dios=0 entry"
[95m35  : [0m[90;2m┆ ┆ [0m[90m[1h49m34s] [0m[90m|[0m time="2026-01-12T18:30:27Z" level=debug msg="Kube-router network policy controller metrics tick"
[95m35  : [0m[90;2m┆ ┆ [0m[90m[1h49m37s] [0m[90m|[0m time="2026-01-12T18:30:30Z" level=debug msg="Kube-router network policy controller metrics tick"
[95m35  : [0m[90;2m┆ ┆ [0m[90m[1h49m40s] [0m[90m|[0m time="2026-01-12T18:30:33Z" level=debug msg="Kube-router network policy controller metrics tick"
[95m35  : [0m[90;2m┆ ┆ [0m[90m[1h49m41s] [0m[90m|[0m time="2026-01-12T18:30:34Z" level=debug msg="cgroupv2 io stats: skipping over unmappable dbytes=0 entry"
[95m35  : [0m[90;2m┆ ┆ [0m[90m[1h49m41s] [0m[90m|[0m time="2026-01-12T18:30:34Z" level=debug msg="cgroupv2 io stats: skipping over unmappable dios=0 entry"
[95m35  : [0m[90;2m┆ ┆ [0m[90m[1h49m43s] [0m[90m|[0m time="2026-01-12T18:30:36Z" level=debug msg="cgroupv2 io stats: skipping over unmappable dbytes=0 entry"
[95m35  : [0m[90;2m┆ ┆ [0m[90m[1h49m43s] [0m[90m|[0m time="2026-01-12T18:30:36Z" level=debug msg="cgroupv2 io stats: skipping over unmappable dios=0 entry"
[95m35  : [0m[90;2m┆ ┆ [0m[90m[1h49m43s] [0m[90m|[0m time="2026-01-12T18:30:36Z" level=debug msg="Kube-router network policy controller metrics tick"
[95m35  : [0m[90;2m┆ ┆ [0m[90m[1h49m46s] [0m[90m|[0m time="2026-01-12T18:30:39Z" level=debug msg="Kube-router network policy controller metrics tick"
[95m35  : [0m[90;2m┆ ┆ [0m[90m[1h49m49s] [0m[90m|[0m time="2026-01-12T18:30:42Z" level=debug msg="Kube-router network policy controller metrics tick"
[95m35  : [0m[90;2m┆ ┆ [0m[90m[1h49m51s] [0m[90m|[0m time="2026-01-12T18:30:44Z" level=debug msg="cgroupv2 io stats: skipping over unmappable dbytes=0 entry"
[95m35  : [0m[90;2m┆ ┆ [0m[90m[1h49m51s] [0m[90m|[0m time="2026-01-12T18:30:44Z" level=debug msg="cgroupv2 io stats: skipping over unmappable dios=0 entry"
[95m35  : [0m[90;2m┆ ┆ [0m[90m[1h49m52s] [0m[90m|[0m time="2026-01-12T18:30:45Z" level=debug msg="Kube-router network policy controller metrics tick"
[95m35  : [0m[90;2m┆ ┆ [0m[90m[1h49m54s] [0m[90m|[0m time="2026-01-12T18:30:48Z" level=debug msg="cgroupv2 io stats: skipping over unmappable dbytes=0 entry"
[95m35  : [0m[90;2m┆ ┆ [0m[90m[1h49m54s] [0m[90m|[0m time="2026-01-12T18:30:48Z" level=debug msg="cgroupv2 io stats: skipping over unmappable dios=0 entry"
[95m35  : [0m[90;2m┆ ┆ [0m[90m[1h49m55s] [0m[90m|[0m time="2026-01-12T18:30:48Z" level=debug msg="Kube-router network policy controller metrics tick"
[95m35  : [0m[90;2m┆ ┆ [0m[90m[1h49m58s] [0m[90m|[0m time="2026-01-12T18:30:51Z" level=debug msg="Kube-router network policy controller metrics tick"
[95m35  : [0m[90;2m┆ ┆ [0m[90m[1h50m1s] [0m[90m|[0m time="2026-01-12T18:30:54Z" level=debug msg="cgroupv2 io stats: skipping over unmappable dbytes=0 entry"
[95m35  : [0m[90;2m┆ ┆ [0m[90m[1h50m1s] [0m[90m|[0m time="2026-01-12T18:30:54Z" level=debug msg="cgroupv2 io stats: skipping over unmappable dios=0 entry"
[95m35  : [0m[90;2m┆ ┆ [0m[90m[1h50m1s] [0m[90m|[0m time="2026-01-12T18:30:54Z" level=debug msg="Kube-router network policy controller metrics tick"
[95m35  : [0m[90;2m┆ ┆ [0m[90m[1h50m4s] [0m[90m|[0m time="2026-01-12T18:30:57Z" level=debug msg="Kube-router network policy controller metrics tick"
[95m35  : [0m[90;2m┆ ┆ [0m[90m[1h50m7s] [0m[90m|[0m time="2026-01-12T18:31:00Z" level=debug msg="Kube-router network policy controller metrics tick"
[95m35  : [0m[90;2m┆ ┆ [0m[90m[1h50m7s] [0m[90m|[0m time="2026-01-12T18:31:01Z" level=debug msg="cgroupv2 io stats: skipping over unmappable dbytes=0 entry"
[95m35  : [0m[90;2m┆ ┆ [0m[90m[1h50m7s] [0m[90m|[0m time="2026-01-12T18:31:01Z" level=debug msg="cgroupv2 io stats: skipping over unmappable dios=0 entry"
[95m35  : [0m[90;2m┆ ┆ [0m[90m[1h50m10s] [0m[90m|[0m time="2026-01-12T18:31:03Z" level=debug msg="Kube-router network policy controller metrics tick"
[95m35  : [0m[90;2m┆ ┆ [0m[90m[1h50m11s] [0m[90m|[0m time="2026-01-12T18:31:04Z" level=debug msg="cgroupv2 io stats: skipping over unmappable dbytes=0 entry"
[95m35  : [0m[90;2m┆ ┆ [0m[90m[1h50m11s] [0m[90m|[0m time="2026-01-12T18:31:04Z" level=debug msg="cgroupv2 io stats: skipping over unmappable dios=0 entry"
[95m35  : [0m[90;2m┆ ┆ [0m[90m[1h50m13s] [0m[90m|[0m time="2026-01-12T18:31:06Z" level=debug msg="Kube-router network policy controller metrics tick"
[95m35  : [0m[90;2m┆ ┆ [0m[90m[1h50m16s] [0m[90m|[0m time="2026-01-12T18:31:09Z" level=debug msg="Kube-router network policy controller metrics tick"
[95m35  : [0m[90;2m┆ ┆ [0m[90m[1h50m19s] [0m[90m|[0m time="2026-01-12T18:31:12Z" level=debug msg="Kube-router network policy controller metrics tick"
[95m35  : [0m[90;2m┆ ┆ [0m[90m[1h50m21s] [0m[90m|[0m time="2026-01-12T18:31:14Z" level=debug msg="cgroupv2 io stats: skipping over unmappable dbytes=0 entry"
[95m35  : [0m[90;2m┆ ┆ [0m[90m[1h50m21s] [0m[90m|[0m time="2026-01-12T18:31:14Z" level=debug msg="cgroupv2 io stats: skipping over unmappable dios=0 entry"
[95m35  : [0m[90;2m┆ ┆ [0m[90m[1h50m21s] [0m[90m|[0m time="2026-01-12T18:31:14Z" level=debug msg="cgroupv2 io stats: skipping over unmappable dbytes=0 entry"
[95m35  : [0m[90;2m┆ ┆ [0m[90m[1h50m21s] [0m[90m|[0m time="2026-01-12T18:31:14Z" level=debug msg="cgroupv2 io stats: skipping over unmappable dios=0 entry"
[95m35  : [0m[90;2m┆ ┆ [0m[90m[1h50m22s] [0m[90m|[0m time="2026-01-12T18:31:15Z" level=debug msg="Kube-router network policy controller metrics tick"
[95m35  : [0m[90;2m┆ ┆ [0m[90m[1h50m25s] [0m[90m|[0m time="2026-01-12T18:31:18Z" level=debug msg="Kube-router network policy controller metrics tick"
[95m35  : [0m[90;2m┆ ┆ [0m[90m[1h50m28s] [0m[90m|[0m time="2026-01-12T18:31:21Z" level=debug msg="Kube-router network policy controller metrics tick"
[95m35  : [0m[90;2m┆ ┆ [0m[90m[1h50m31s] [0m[90m|[0m time="2026-01-12T18:31:24Z" level=debug msg="cgroupv2 io stats: skipping over unmappable dbytes=0 entry"
[95m35  : [0m[90;2m┆ ┆ [0m[90m[1h50m31s] [0m[90m|[0m time="2026-01-12T18:31:24Z" level=debug msg="cgroupv2 io stats: skipping over unmappable dios=0 entry"
[95m35  : [0m[90;2m┆ ┆ [0m[90m[1h50m31s] [0m[90m|[0m time="2026-01-12T18:31:24Z" level=debug msg="Kube-router network policy controller metrics tick"
[95m35  : [0m[90;2m┆ ┆ [0m[90m[1h50m34s] [0m[90m|[0m time="2026-01-12T18:31:27Z" level=debug msg="Kube-router network policy controller metrics tick"
[95m35  : [0m[90;2m┆ ┆ [0m[90m[1h50m37s] [0m[90m|[0m time="2026-01-12T18:31:30Z" level=debug msg="cgroupv2 io stats: skipping over unmappable dbytes=0 entry"
[95m35  : [0m[90;2m┆ ┆ [0m[90m[1h50m37s] [0m[90m|[0m time="2026-01-12T18:31:30Z" level=debug msg="cgroupv2 io stats: skipping over unmappable dios=0 entry"
[95m35  : [0m[90;2m┆ ┆ [0m[90m[1h50m37s] [0m[90m|[0m time="2026-01-12T18:31:30Z" level=debug msg="Kube-router network policy controller metrics tick"
[95m35  : [0m[90;2m┆ ┆ [0m[90m[1h50m40s] [0m[90m|[0m time="2026-01-12T18:31:33Z" level=debug msg="Kube-router network policy controller metrics tick"
[95m35  : [0m[90;2m┆ ┆ [0m[90m[1h50m41s] [0m[90m|[0m time="2026-01-12T18:31:34Z" level=debug msg="cgroupv2 io stats: skipping over unmappable dbytes=0 entry"
[95m35  : [0m[90;2m┆ ┆ [0m[90m[1h50m41s] [0m[90m|[0m time="2026-01-12T18:31:34Z" level=debug msg="cgroupv2 io stats: skipping over unmappable dios=0 entry"
[95m35  : [0m[90;2m┆ ┆ [0m[90m[1h50m43s] [0m[90m|[0m time="2026-01-12T18:31:36Z" level=debug msg="Kube-router network policy controller metrics tick"
[95m35  : [0m[90;2m┆ ┆ [0m[90m[1h50m44s] [0m[90m|[0m time="2026-01-12T18:31:37Z" level=info msg="COMPACT compactRev=309 targetCompactRev=400 currentRev=1400"
[95m35  : [0m[90;2m┆ ┆ [0m[90m[1h50m44s] [0m[90m|[0m time="2026-01-12T18:31:37Z" level=info msg="COMPACT deleted 37 rows from 91 revisions in 3.520726ms - compacted to 400/1400"
[95m35  : [0m[90;2m┆ ┆ [0m[90m[1h50m44s] [0m[90m|[0m time="2026-01-12T18:31:37Z" level=info msg="COMPACT compacted from 309 to 400 in 1 transactions over 4ms"
[95m35  : [0m[90;2m┆ ┆ [0m[90m[1h50m46s] [0m[90m|[0m time="2026-01-12T18:31:39Z" level=debug msg="Kube-router network policy controller metrics tick"
[95m35  : [0m[90;2m┆ ┆ [0m[90m[1h50m46s] [0m[90m|[0m W0112 18:31:40.449767      14 info.go:53] Couldn't collect info from any of the files in "/etc/machine-id,/var/lib/dbus/machine-id"
[95m35  : [0m[90;2m┆ ┆ [0m[90m[1h50m49s] [0m[90m|[0m time="2026-01-12T18:31:42Z" level=debug msg="Kube-router network policy controller metrics tick"
[95m35  : [0m[90;2m┆ ┆ [0m[90m[1h50m51s] [0m[90m|[0m time="2026-01-12T18:31:44Z" level=debug msg="cgroupv2 io stats: skipping over unmappable dbytes=0 entry"
[95m35  : [0m[90;2m┆ ┆ [0m[90m[1h50m51s] [0m[90m|[0m time="2026-01-12T18:31:44Z" level=debug msg="cgroupv2 io stats: skipping over unmappable dios=0 entry"
[95m35  : [0m[90;2m┆ ┆ [0m[90m[1h50m52s] [0m[90m|[0m time="2026-01-12T18:31:45Z" level=debug msg="Kube-router network policy controller metrics tick"
[95m35  : [0m[90;2m┆ ┆ [0m[90m[1h50m52s] [0m[90m|[0m time="2026-01-12T18:31:45Z" level=debug msg="cgroupv2 io stats: skipping over unmappable dbytes=0 entry"
[95m35  : [0m[90;2m┆ ┆ [0m[90m[1h50m52s] [0m[90m|[0m time="2026-01-12T18:31:45Z" level=debug msg="cgroupv2 io stats: skipping over unmappable dios=0 entry"
[95m35  : [0m[90;2m┆ ┆ [0m[90m[1h50m55s] [0m[90m|[0m time="2026-01-12T18:31:48Z" level=debug msg="Kube-router network policy controller metrics tick"
[95m35  : [0m[90;2m┆ ┆ [0m[90m[1h50m58s] [0m[90m|[0m time="2026-01-12T18:31:51Z" level=debug msg="Kube-router network policy controller metrics tick"
[95m35  : [0m[90;2m┆ ┆ [0m[90m[1h51m1s] [0m[90m|[0m time="2026-01-12T18:31:54Z" level=debug msg="cgroupv2 io stats: skipping over unmappable dbytes=0 entry"
[95m35  : [0m[90;2m┆ ┆ [0m[90m[1h51m1s] [0m[90m|[0m time="2026-01-12T18:31:54Z" level=debug msg="cgroupv2 io stats: skipping over unmappable dios=0 entry"
[95m35  : [0m[90;2m┆ ┆ [0m[90m[1h51m1s] [0m[90m|[0m time="2026-01-12T18:31:54Z" level=debug msg="Kube-router network policy controller metrics tick"
[95m35  : [0m[90;2m┆ ┆ [0m[90m[1h51m4s] [0m[90m|[0m time="2026-01-12T18:31:57Z" level=debug msg="Kube-router network policy controller metrics tick"
[95m35  : [0m[90;2m┆ ┆ [0m[90m[1h51m7s] [0m[90m|[0m time="2026-01-12T18:32:00Z" level=debug msg="Kube-router network policy controller metrics tick"
[95m35  : [0m[90;2m┆ ┆ [0m[90m[1h51m10s] [0m[90m|[0m time="2026-01-12T18:32:03Z" level=debug msg="Kube-router network policy controller metrics tick"
[95m35  : [0m[90;2m┆ ┆ [0m[90m[1h51m10s] [0m[90m|[0m time="2026-01-12T18:32:03Z" level=debug msg="cgroupv2 io stats: skipping over unmappable dbytes=0 entry"
[95m35  : [0m[90;2m┆ ┆ [0m[90m[1h51m10s] [0m[90m|[0m time="2026-01-12T18:32:03Z" level=debug msg="cgroupv2 io stats: skipping over unmappable dios=0 entry"
[95m35  : [0m[90;2m┆ ┆ [0m[90m[1h51m11s] [0m[90m|[0m time="2026-01-12T18:32:04Z" level=debug msg="cgroupv2 io stats: skipping over unmappable dbytes=0 entry"
[95m35  : [0m[90;2m┆ ┆ [0m[90m[1h51m11s] [0m[90m|[0m time="2026-01-12T18:32:04Z" level=debug msg="cgroupv2 io stats: skipping over unmappable dios=0 entry"
[95m35  : [0m[90;2m┆ ┆ [0m[90m[1h51m13s] [0m[90m|[0m time="2026-01-12T18:32:06Z" level=debug msg="Kube-router network policy controller metrics tick"
[95m35  : [0m[90;2m┆ ┆ [0m[90m[1h51m16s] [0m[90m|[0m time="2026-01-12T18:32:09Z" level=debug msg="Kube-router network policy controller metrics tick"
[95m35  : [0m[90;2m┆ ┆ [0m[90m[1h51m19s] [0m[90m|[0m time="2026-01-12T18:32:12Z" level=debug msg="Kube-router network policy controller metrics tick"
[95m35  : [0m[90;2m┆ ┆ [0m[90m[1h51m21s] [0m[90m|[0m time="2026-01-12T18:32:14Z" level=debug msg="cgroupv2 io stats: skipping over unmappable dbytes=0 entry"
[95m35  : [0m[90;2m┆ ┆ [0m[90m[1h51m21s] [0m[90m|[0m time="2026-01-12T18:32:14Z" level=debug msg="cgroupv2 io stats: skipping over unmappable dios=0 entry"
[95m35  : [0m[90;2m┆ ┆ [0m[90m[1h51m22s] [0m[90m|[0m time="2026-01-12T18:32:15Z" level=debug msg="Kube-router network policy controller metrics tick"
[95m35  : [0m[90;2m┆ ┆ [0m[90m[1h51m25s] [0m[90m|[0m time="2026-01-12T18:32:18Z" level=debug msg="cgroupv2 io stats: skipping over unmappable dbytes=0 entry"
[95m35  : [0m[90;2m┆ ┆ [0m[90m[1h51m25s] [0m[90m|[0m time="2026-01-12T18:32:18Z" level=debug msg="cgroupv2 io stats: skipping over unmappable dios=0 entry"
[95m35  : [0m[90;2m┆ ┆ [0m[90m[1h51m25s] [0m[90m|[0m time="2026-01-12T18:32:18Z" level=debug msg="Kube-router network policy controller metrics tick"
[95m35  : [0m[90;2m┆ ┆ [0m[90m[1h51m28s] [0m[90m|[0m time="2026-01-12T18:32:21Z" level=debug msg="Kube-router network policy controller metrics tick"
[95m35  : [0m[90;2m┆ ┆ [0m[90m[1h51m31s] [0m[90m|[0m time="2026-01-12T18:32:24Z" level=debug msg="cgroupv2 io stats: skipping over unmappable dbytes=0 entry"
[95m35  : [0m[90;2m┆ ┆ [0m[90m[1h51m31s] [0m[90m|[0m time="2026-01-12T18:32:24Z" level=debug msg="cgroupv2 io stats: skipping over unmappable dios=0 entry"
[95m35  : [0m[90;2m┆ ┆ [0m[90m[1h51m31s] [0m[90m|[0m time="2026-01-12T18:32:24Z" level=debug msg="Kube-router network policy controller metrics tick"
[95m35  : [0m[90;2m┆ ┆ [0m[90m[1h51m34s] [0m[90m|[0m time="2026-01-12T18:32:27Z" level=debug msg="Kube-router network policy controller metrics tick"
[95m35  : [0m[90;2m┆ ┆ [0m[90m[1h51m37s] [0m[90m|[0m time="2026-01-12T18:32:30Z" level=debug msg="Kube-router network policy controller metrics tick"
[95m35  : [0m[90;2m┆ ┆ [0m[90m[1h51m39s] [0m[90m|[0m time="2026-01-12T18:32:32Z" level=debug msg="cgroupv2 io stats: skipping over unmappable dbytes=0 entry"
[95m35  : [0m[90;2m┆ ┆ [0m[90m[1h51m39s] [0m[90m|[0m time="2026-01-12T18:32:32Z" level=debug msg="cgroupv2 io stats: skipping over unmappable dios=0 entry"
[95m35  : [0m[90;2m┆ ┆ [0m[90m[1h51m40s] [0m[90m|[0m time="2026-01-12T18:32:33Z" level=debug msg="Kube-router network policy controller metrics tick"
[95m35  : [0m[90;2m┆ ┆ [0m[90m[1h51m41s] [0m[90m|[0m time="2026-01-12T18:32:34Z" level=debug msg="cgroupv2 io stats: skipping over unmappable dbytes=0 entry"
[95m35  : [0m[90;2m┆ ┆ [0m[90m[1h51m41s] [0m[90m|[0m time="2026-01-12T18:32:34Z" level=debug msg="cgroupv2 io stats: skipping over unmappable dios=0 entry"
[95m35  : [0m[90;2m┆ ┆ [0m[90m[1h51m43s] [0m[90m|[0m time="2026-01-12T18:32:36Z" level=debug msg="Kube-router network policy controller metrics tick"
[95m35  : [0m[90;2m┆ ┆ [0m[90m[1h51m46s] [0m[90m|[0m time="2026-01-12T18:32:39Z" level=debug msg="Kube-router network policy controller metrics tick"
[95m35  : [0m[90;2m┆ ┆ [0m[90m[1h51m49s] [0m[90m|[0m time="2026-01-12T18:32:42Z" level=debug msg="Kube-router network policy controller metrics tick"
[95m35  : [0m[90;2m┆ ┆ [0m[90m[1h51m50s] [0m[90m|[0m time="2026-01-12T18:32:44Z" level=debug msg="cgroupv2 io stats: skipping over unmappable dbytes=0 entry"
[95m35  : [0m[90;2m┆ ┆ [0m[90m[1h51m50s] [0m[90m|[0m time="2026-01-12T18:32:44Z" level=debug msg="cgroupv2 io stats: skipping over unmappable dios=0 entry"
[95m35  : [0m[90;2m┆ ┆ [0m[90m[1h51m51s] [0m[90m|[0m time="2026-01-12T18:32:44Z" level=debug msg="cgroupv2 io stats: skipping over unmappable dbytes=0 entry"
[95m35  : [0m[90;2m┆ ┆ [0m[90m[1h51m51s] [0m[90m|[0m time="2026-01-12T18:32:44Z" level=debug msg="cgroupv2 io stats: skipping over unmappable dios=0 entry"
[95m35  : [0m[90;2m┆ ┆ [0m[90m[1h51m52s] [0m[90m|[0m time="2026-01-12T18:32:45Z" level=debug msg="Kube-router network policy controller metrics tick"
[95m35  : [0m[90;2m┆ ┆ [0m[90m[1h51m55s] [0m[90m|[0m time="2026-01-12T18:32:48Z" level=debug msg="Kube-router network policy controller metrics tick"
[95m35  : [0m[90;2m┆ ┆ [0m[90m[1h51m58s] [0m[90m|[0m time="2026-01-12T18:32:51Z" level=debug msg="Kube-router network policy controller metrics tick"
[95m35  : [0m[90;2m┆ ┆ [0m[90m[1h52m1s] [0m[90m|[0m time="2026-01-12T18:32:54Z" level=debug msg="cgroupv2 io stats: skipping over unmappable dbytes=0 entry"
[95m35  : [0m[90;2m┆ ┆ [0m[90m[1h52m1s] [0m[90m|[0m time="2026-01-12T18:32:54Z" level=debug msg="cgroupv2 io stats: skipping over unmappable dios=0 entry"
[95m35  : [0m[90;2m┆ ┆ [0m[90m[1h52m1s] [0m[90m|[0m time="2026-01-12T18:32:54Z" level=debug msg="Kube-router network policy controller metrics tick"
[95m35  : [0m[90;2m┆ ┆ [0m[90m[1h52m4s] [0m[90m|[0m time="2026-01-12T18:32:57Z" level=debug msg="Kube-router network policy controller metrics tick"
[95m35  : [0m[90;2m┆ ┆ [0m[90m[1h52m6s] [0m[90m|[0m time="2026-01-12T18:33:00Z" level=debug msg="cgroupv2 io stats: skipping over unmappable dbytes=0 entry"
[95m35  : [0m[90;2m┆ ┆ [0m[90m[1h52m6s] [0m[90m|[0m time="2026-01-12T18:33:00Z" level=debug msg="cgroupv2 io stats: skipping over unmappable dios=0 entry"
[95m35  : [0m[90;2m┆ ┆ [0m[90m[1h52m7s] [0m[90m|[0m time="2026-01-12T18:33:00Z" level=debug msg="Kube-router network policy controller metrics tick"
[95m35  : [0m[90;2m┆ ┆ [0m[90m[1h52m10s] [0m[90m|[0m time="2026-01-12T18:33:03Z" level=debug msg="Kube-router network policy controller metrics tick"
[95m35  : [0m[90;2m┆ ┆ [0m[90m[1h52m11s] [0m[90m|[0m time="2026-01-12T18:33:04Z" level=debug msg="cgroupv2 io stats: skipping over unmappable dbytes=0 entry"
[95m35  : [0m[90;2m┆ ┆ [0m[90m[1h52m11s] [0m[90m|[0m time="2026-01-12T18:33:04Z" level=debug msg="cgroupv2 io stats: skipping over unmappable dios=0 entry"
[95m35  : [0m[90;2m┆ ┆ [0m[90m[1h52m13s] [0m[90m|[0m time="2026-01-12T18:33:06Z" level=debug msg="Kube-router network policy controller metrics tick"
[95m35  : [0m[90;2m┆ ┆ [0m[90m[1h52m16s] [0m[90m|[0m time="2026-01-12T18:33:09Z" level=debug msg="Kube-router network policy controller metrics tick"
[95m35  : [0m[90;2m┆ ┆ [0m[90m[1h52m19s] [0m[90m|[0m time="2026-01-12T18:33:12Z" level=debug msg="Kube-router network policy controller metrics tick"
[95m35  : [0m[90;2m┆ ┆ [0m[90m[1h52m21s] [0m[90m|[0m time="2026-01-12T18:33:14Z" level=debug msg="cgroupv2 io stats: skipping over unmappable dbytes=0 entry"
[95m35  : [0m[90;2m┆ ┆ [0m[90m[1h52m21s] [0m[90m|[0m time="2026-01-12T18:33:14Z" level=debug msg="cgroupv2 io stats: skipping over unmappable dios=0 entry"
[95m35  : [0m[90;2m┆ ┆ [0m[90m[1h52m22s] [0m[90m|[0m time="2026-01-12T18:33:15Z" level=debug msg="Kube-router network policy controller metrics tick"
[95m35  : [0m[90;2m┆ ┆ [0m[90m[1h52m23s] [0m[90m|[0m time="2026-01-12T18:33:16Z" level=debug msg="cgroupv2 io stats: skipping over unmappable dbytes=0 entry"
[95m35  : [0m[90;2m┆ ┆ [0m[90m[1h52m23s] [0m[90m|[0m time="2026-01-12T18:33:16Z" level=debug msg="cgroupv2 io stats: skipping over unmappable dios=0 entry"
[95m35  : [0m[90;2m┆ ┆ [0m[90m[1h52m25s] [0m[90m|[0m time="2026-01-12T18:33:18Z" level=debug msg="Kube-router network policy controller metrics tick"
[95m35  : [0m[90;2m┆ ┆ [0m[90m[1h52m28s] [0m[90m|[0m time="2026-01-12T18:33:21Z" level=debug msg="Kube-router network policy controller metrics tick"
[95m35  : [0m[90;2m┆ ┆ [0m[90m[1h52m31s] [0m[90m|[0m time="2026-01-12T18:33:24Z" level=debug msg="cgroupv2 io stats: skipping over unmappable dbytes=0 entry"
[95m35  : [0m[90;2m┆ ┆ [0m[90m[1h52m31s] [0m[90m|[0m time="2026-01-12T18:33:24Z" level=debug msg="cgroupv2 io stats: skipping over unmappable dios=0 entry"
[95m35  : [0m[90;2m┆ ┆ [0m[90m[1h52m31s] [0m[90m|[0m time="2026-01-12T18:33:24Z" level=debug msg="Kube-router network policy controller metrics tick"
[95m35  : [0m[90;2m┆ ┆ [0m[90m[1h52m34s] [0m[90m|[0m time="2026-01-12T18:33:27Z" level=debug msg="Kube-router network policy controller metrics tick"
[95m35  : [0m[90;2m┆ ┆ [0m[90m[1h52m36s] [0m[90m|[0m time="2026-01-12T18:33:30Z" level=debug msg="cgroupv2 io stats: skipping over unmappable dbytes=0 entry"
[95m35  : [0m[90;2m┆ ┆ [0m[90m[1h52m36s] [0m[90m|[0m time="2026-01-12T18:33:30Z" level=debug msg="cgroupv2 io stats: skipping over unmappable dios=0 entry"
[95m35  : [0m[90;2m┆ ┆ [0m[90m[1h52m37s] [0m[90m|[0m time="2026-01-12T18:33:30Z" level=debug msg="Kube-router network policy controller metrics tick"
[95m35  : [0m[90;2m┆ ┆ [0m[90m[1h52m40s] [0m[90m|[0m time="2026-01-12T18:33:33Z" level=debug msg="Kube-router network policy controller metrics tick"
[95m35  : [0m[90;2m┆ ┆ [0m[90m[1h52m41s] [0m[90m|[0m time="2026-01-12T18:33:34Z" level=debug msg="cgroupv2 io stats: skipping over unmappable dbytes=0 entry"
[95m35  : [0m[90;2m┆ ┆ [0m[90m[1h52m41s] [0m[90m|[0m time="2026-01-12T18:33:34Z" level=debug msg="cgroupv2 io stats: skipping over unmappable dios=0 entry"
[95m35  : [0m[90;2m┆ ┆ [0m[90m[1h52m43s] [0m[90m|[0m time="2026-01-12T18:33:36Z" level=debug msg="Kube-router network policy controller metrics tick"
[95m35  : [0m[90;2m┆ ┆ [0m[90m[1h52m46s] [0m[90m|[0m time="2026-01-12T18:33:39Z" level=debug msg="Kube-router network policy controller metrics tick"
[95m35  : [0m[90;2m┆ ┆ [0m[90m[1h52m47s] [0m[90m|[0m time="2026-01-12T18:33:40Z" level=debug msg="cgroupv2 io stats: skipping over unmappable dbytes=0 entry"
[95m35  : [0m[90;2m┆ ┆ [0m[90m[1h52m47s] [0m[90m|[0m time="2026-01-12T18:33:40Z" level=debug msg="cgroupv2 io stats: skipping over unmappable dios=0 entry"
[95m35  : [0m[90;2m┆ ┆ [0m[90m[1h52m49s] [0m[90m|[0m time="2026-01-12T18:33:42Z" level=debug msg="Kube-router network policy controller metrics tick"
[95m35  : [0m[90;2m┆ ┆ [0m[90m[1h52m51s] [0m[90m|[0m time="2026-01-12T18:33:44Z" level=debug msg="cgroupv2 io stats: skipping over unmappable dbytes=0 entry"
[95m35  : [0m[90;2m┆ ┆ [0m[90m[1h52m51s] [0m[90m|[0m time="2026-01-12T18:33:44Z" level=debug msg="cgroupv2 io stats: skipping over unmappable dios=0 entry"
[95m35  : [0m[90;2m┆ ┆ [0m[90m[1h52m52s] [0m[90m|[0m time="2026-01-12T18:33:45Z" level=debug msg="Kube-router network policy controller metrics tick"
[95m35  : [0m[90;2m┆ ┆ [0m[90m[1h52m55s] [0m[90m|[0m time="2026-01-12T18:33:48Z" level=debug msg="Kube-router network policy controller metrics tick"
[95m35  : [0m[90;2m┆ ┆ [0m[90m[1h52m58s] [0m[90m|[0m time="2026-01-12T18:33:51Z" level=debug msg="Kube-router network policy controller metrics tick"
[95m35  : [0m[90;2m┆ ┆ [0m[90m[1h53m1s] [0m[90m|[0m time="2026-01-12T18:33:54Z" level=debug msg="Kube-router network policy controller metrics tick"
[95m35  : [0m[90;2m┆ ┆ [0m[90m[1h53m1s] [0m[90m|[0m time="2026-01-12T18:33:54Z" level=debug msg="cgroupv2 io stats: skipping over unmappable dbytes=0 entry"
[95m35  : [0m[90;2m┆ ┆ [0m[90m[1h53m1s] [0m[90m|[0m time="2026-01-12T18:33:54Z" level=debug msg="cgroupv2 io stats: skipping over unmappable dios=0 entry"
[95m35  : [0m[90;2m┆ ┆ [0m[90m[1h53m4s] [0m[90m|[0m time="2026-01-12T18:33:57Z" level=debug msg="Kube-router network policy controller metrics tick"
[95m35  : [0m[90;2m┆ ┆ [0m[90m[1h53m5s] [0m[90m|[0m time="2026-01-12T18:33:58Z" level=debug msg="cgroupv2 io stats: skipping over unmappable dbytes=0 entry"
[95m35  : [0m[90;2m┆ ┆ [0m[90m[1h53m5s] [0m[90m|[0m time="2026-01-12T18:33:58Z" level=debug msg="cgroupv2 io stats: skipping over unmappable dios=0 entry"
[95m35  : [0m[90;2m┆ ┆ [0m[90m[1h53m7s] [0m[90m|[0m time="2026-01-12T18:34:00Z" level=debug msg="Kube-router network policy controller metrics tick"
[95m35  : [0m[90;2m┆ ┆ [0m[90m[1h53m10s] [0m[90m|[0m time="2026-01-12T18:34:03Z" level=debug msg="Kube-router network policy controller metrics tick"
[95m35  : [0m[90;2m┆ ┆ [0m[90m[1h53m11s] [0m[90m|[0m time="2026-01-12T18:34:04Z" level=debug msg="cgroupv2 io stats: skipping over unmappable dbytes=0 entry"
[95m35  : [0m[90;2m┆ ┆ [0m[90m[1h53m11s] [0m[90m|[0m time="2026-01-12T18:34:04Z" level=debug msg="cgroupv2 io stats: skipping over unmappable dios=0 entry"
[95m35  : [0m[90;2m┆ ┆ [0m[90m[1h53m13s] [0m[90m|[0m time="2026-01-12T18:34:06Z" level=debug msg="Kube-router network policy controller metrics tick"
[95m35  : [0m[90;2m┆ ┆ [0m[90m[1h53m16s] [0m[90m|[0m time="2026-01-12T18:34:09Z" level=debug msg="Kube-router network policy controller metrics tick"
[95m35  : [0m[90;2m┆ ┆ [0m[90m[1h53m18s] [0m[90m|[0m time="2026-01-12T18:34:11Z" level=debug msg="cgroupv2 io stats: skipping over unmappable dbytes=0 entry"
[95m35  : [0m[90;2m┆ ┆ [0m[90m[1h53m18s] [0m[90m|[0m time="2026-01-12T18:34:11Z" level=debug msg="cgroupv2 io stats: skipping over unmappable dios=0 entry"
[95m35  : [0m[90;2m┆ ┆ [0m[90m[1h53m19s] [0m[90m|[0m time="2026-01-12T18:34:12Z" level=debug msg="Kube-router network policy controller metrics tick"
[95m35  : [0m[90;2m┆ ┆ [0m[90m[1h53m21s] [0m[90m|[0m time="2026-01-12T18:34:14Z" level=debug msg="cgroupv2 io stats: skipping over unmappable dbytes=0 entry"
[95m35  : [0m[90;2m┆ ┆ [0m[90m[1h53m21s] [0m[90m|[0m time="2026-01-12T18:34:14Z" level=debug msg="cgroupv2 io stats: skipping over unmappable dios=0 entry"
[95m35  : [0m[90;2m┆ ┆ [0m[90m[1h53m22s] [0m[90m|[0m time="2026-01-12T18:34:15Z" level=debug msg="Kube-router network policy controller metrics tick"
[95m35  : [0m[90;2m┆ ┆ [0m[90m[1h53m25s] [0m[90m|[0m time="2026-01-12T18:34:18Z" level=debug msg="Kube-router network policy controller metrics tick"
[95m35  : [0m[90;2m┆ ┆ [0m[90m[1h53m28s] [0m[90m|[0m time="2026-01-12T18:34:21Z" level=debug msg="Kube-router network policy controller metrics tick"
[95m35  : [0m[90;2m┆ ┆ [0m[90m[1h53m31s] [0m[90m|[0m time="2026-01-12T18:34:24Z" level=debug msg="Kube-router network policy controller metrics tick"
[95m35  : [0m[90;2m┆ ┆ [0m[90m[1h53m31s] [0m[90m|[0m time="2026-01-12T18:34:24Z" level=debug msg="cgroupv2 io stats: skipping over unmappable dbytes=0 entry"
[95m35  : [0m[90;2m┆ ┆ [0m[90m[1h53m31s] [0m[90m|[0m time="2026-01-12T18:34:24Z" level=debug msg="cgroupv2 io stats: skipping over unmappable dios=0 entry"
[95m35  : [0m[90;2m┆ ┆ [0m[90m[1h53m32s] [0m[90m|[0m time="2026-01-12T18:34:26Z" level=debug msg="cgroupv2 io stats: skipping over unmappable dbytes=0 entry"
[95m35  : [0m[90;2m┆ ┆ [0m[90m[1h53m32s] [0m[90m|[0m time="2026-01-12T18:34:26Z" level=debug msg="cgroupv2 io stats: skipping over unmappable dios=0 entry"
[95m35  : [0m[90;2m┆ ┆ [0m[90m[1h53m34s] [0m[90m|[0m time="2026-01-12T18:34:27Z" level=debug msg="Kube-router network policy controller metrics tick"
[95m35  : [0m[90;2m┆ ┆ [0m[90m[1h53m37s] [0m[90m|[0m time="2026-01-12T18:34:30Z" level=debug msg="Kube-router network policy controller metrics tick"
[95m35  : [0m[90;2m┆ ┆ [0m[90m[1h53m40s] [0m[90m|[0m time="2026-01-12T18:34:33Z" level=debug msg="Kube-router network policy controller metrics tick"
[95m35  : [0m[90;2m┆ ┆ [0m[90m[1h53m41s] [0m[90m|[0m time="2026-01-12T18:34:34Z" level=debug msg="cgroupv2 io stats: skipping over unmappable dbytes=0 entry"
[95m35  : [0m[90;2m┆ ┆ [0m[90m[1h53m41s] [0m[90m|[0m time="2026-01-12T18:34:34Z" level=debug msg="cgroupv2 io stats: skipping over unmappable dios=0 entry"
[95m35  : [0m[90;2m┆ ┆ [0m[90m[1h53m43s] [0m[90m|[0m time="2026-01-12T18:34:36Z" level=debug msg="Kube-router network policy controller metrics tick"
[95m35  : [0m[90;2m┆ ┆ [0m[90m[1h53m46s] [0m[90m|[0m time="2026-01-12T18:34:39Z" level=debug msg="Kube-router network policy controller metrics tick"
[95m35  : [0m[90;2m┆ ┆ [0m[90m[1h53m49s] [0m[90m|[0m time="2026-01-12T18:34:42Z" level=debug msg="Kube-router network policy controller metrics tick"
[95m35  : [0m[90;2m┆ ┆ [0m[90m[1h53m51s] [0m[90m|[0m time="2026-01-12T18:34:44Z" level=debug msg="cgroupv2 io stats: skipping over unmappable dbytes=0 entry"
[95m35  : [0m[90;2m┆ ┆ [0m[90m[1h53m51s] [0m[90m|[0m time="2026-01-12T18:34:44Z" level=debug msg="cgroupv2 io stats: skipping over unmappable dios=0 entry"
[95m35  : [0m[90;2m┆ ┆ [0m[90m[1h53m51s] [0m[90m|[0m time="2026-01-12T18:34:44Z" level=debug msg="cgroupv2 io stats: skipping over unmappable dbytes=0 entry"
[95m35  : [0m[90;2m┆ ┆ [0m[90m[1h53m51s] [0m[90m|[0m time="2026-01-12T18:34:44Z" level=debug msg="cgroupv2 io stats: skipping over unmappable dios=0 entry"
[95m35  : [0m[90;2m┆ ┆ [0m[90m[1h53m52s] [0m[90m|[0m time="2026-01-12T18:34:45Z" level=debug msg="Kube-router network policy controller metrics tick"
[95m35  : [0m[90;2m┆ ┆ [0m[90m[1h53m55s] [0m[90m|[0m time="2026-01-12T18:34:48Z" level=debug msg="Kube-router network policy controller metrics tick"
[95m35  : [0m[90;2m┆ ┆ [0m[90m[1h53m58s] [0m[90m|[0m time="2026-01-12T18:34:51Z" level=debug msg="Kube-router network policy controller metrics tick"
[95m35  : [0m[90;2m┆ ┆ [0m[90m[1h54m1s] [0m[90m|[0m time="2026-01-12T18:34:54Z" level=debug msg="Kube-router network policy controller metrics tick"
[95m35  : [0m[90;2m┆ ┆ [0m[90m[1h54m1s] [0m[90m|[0m time="2026-01-12T18:34:54Z" level=debug msg="cgroupv2 io stats: skipping over unmappable dbytes=0 entry"
[95m35  : [0m[90;2m┆ ┆ [0m[90m[1h54m1s] [0m[90m|[0m time="2026-01-12T18:34:54Z" level=debug msg="cgroupv2 io stats: skipping over unmappable dios=0 entry"
[95m35  : [0m[90;2m┆ ┆ [0m[90m[1h54m4s] [0m[90m|[0m time="2026-01-12T18:34:57Z" level=debug msg="Kube-router network policy controller metrics tick"
[95m35  : [0m[90;2m┆ ┆ [0m[90m[1h54m7s] [0m[90m|[0m time="2026-01-12T18:35:00Z" level=debug msg="Kube-router network policy controller metrics tick"
[95m35  : [0m[90;2m┆ ┆ [0m[90m[1h54m7s] [0m[90m|[0m time="2026-01-12T18:35:01Z" level=debug msg="cgroupv2 io stats: skipping over unmappable dbytes=0 entry"
[95m35  : [0m[90;2m┆ ┆ [0m[90m[1h54m7s] [0m[90m|[0m time="2026-01-12T18:35:01Z" level=debug msg="cgroupv2 io stats: skipping over unmappable dios=0 entry"
[95m35  : [0m[90;2m┆ ┆ [0m[90m[1h54m10s] [0m[90m|[0m time="2026-01-12T18:35:03Z" level=debug msg="Kube-router network policy controller metrics tick"
[95m35  : [0m[90;2m┆ ┆ [0m[90m[1h54m11s] [0m[90m|[0m time="2026-01-12T18:35:04Z" level=debug msg="cgroupv2 io stats: skipping over unmappable dbytes=0 entry"
[95m35  : [0m[90;2m┆ ┆ [0m[90m[1h54m11s] [0m[90m|[0m time="2026-01-12T18:35:04Z" level=debug msg="cgroupv2 io stats: skipping over unmappable dios=0 entry"
[95m35  : [0m[90;2m┆ ┆ [0m[90m[1h54m13s] [0m[90m|[0m time="2026-01-12T18:35:06Z" level=debug msg="Kube-router network policy controller metrics tick"
[95m35  : [0m[90;2m┆ ┆ [0m[90m[1h54m16s] [0m[90m|[0m time="2026-01-12T18:35:09Z" level=debug msg="Kube-router network policy controller metrics tick"
[95m35  : [0m[90;2m┆ ┆ [0m[90m[1h54m19s] [0m[90m|[0m time="2026-01-12T18:35:12Z" level=debug msg="Kube-router network policy controller metrics tick"
[95m35  : [0m[90;2m┆ ┆ [0m[90m[1h54m21s] [0m[90m|[0m time="2026-01-12T18:35:14Z" level=debug msg="cgroupv2 io stats: skipping over unmappable dbytes=0 entry"
[95m35  : [0m[90;2m┆ ┆ [0m[90m[1h54m21s] [0m[90m|[0m time="2026-01-12T18:35:14Z" level=debug msg="cgroupv2 io stats: skipping over unmappable dios=0 entry"
[95m35  : [0m[90;2m┆ ┆ [0m[90m[1h54m22s] [0m[90m|[0m time="2026-01-12T18:35:15Z" level=debug msg="Kube-router network policy controller metrics tick"
[95m35  : [0m[90;2m┆ ┆ [0m[90m[1h54m25s] [0m[90m|[0m time="2026-01-12T18:35:18Z" level=debug msg="cgroupv2 io stats: skipping over unmappable dbytes=0 entry"
[95m35  : [0m[90;2m┆ ┆ [0m[90m[1h54m25s] [0m[90m|[0m time="2026-01-12T18:35:18Z" level=debug msg="cgroupv2 io stats: skipping over unmappable dios=0 entry"
[95m35  : [0m[90;2m┆ ┆ [0m[90m[1h54m25s] [0m[90m|[0m time="2026-01-12T18:35:18Z" level=debug msg="Kube-router network policy controller metrics tick"
[95m35  : [0m[90;2m┆ ┆ [0m[90m[1h54m28s] [0m[90m|[0m time="2026-01-12T18:35:21Z" level=debug msg="Kube-router network policy controller metrics tick"
[95m35  : [0m[90;2m┆ ┆ [0m[90m[1h54m31s] [0m[90m|[0m time="2026-01-12T18:35:24Z" level=debug msg="Kube-router network policy controller metrics tick"
[95m35  : [0m[90;2m┆ ┆ [0m[90m[1h54m31s] [0m[90m|[0m time="2026-01-12T18:35:25Z" level=debug msg="cgroupv2 io stats: skipping over unmappable dbytes=0 entry"
[95m35  : [0m[90;2m┆ ┆ [0m[90m[1h54m31s] [0m[90m|[0m time="2026-01-12T18:35:25Z" level=debug msg="cgroupv2 io stats: skipping over unmappable dios=0 entry"
[95m35  : [0m[90;2m┆ ┆ [0m[90m[1h54m34s] [0m[90m|[0m time="2026-01-12T18:35:27Z" level=debug msg="Kube-router network policy controller metrics tick"
[95m35  : [0m[90;2m┆ ┆ [0m[90m[1h54m35s] [0m[90m|[0m time="2026-01-12T18:35:28Z" level=debug msg="cgroupv2 io stats: skipping over unmappable dbytes=0 entry"
[95m35  : [0m[90;2m┆ ┆ [0m[90m[1h54m35s] [0m[90m|[0m time="2026-01-12T18:35:28Z" level=debug msg="cgroupv2 io stats: skipping over unmappable dios=0 entry"
[95m35  : [0m[90;2m┆ ┆ [0m[90m[1h54m37s] [0m[90m|[0m time="2026-01-12T18:35:30Z" level=debug msg="Kube-router network policy controller metrics tick"
[95m35  : [0m[90;2m┆ ┆ [0m[90m[1h54m40s] [0m[90m|[0m time="2026-01-12T18:35:33Z" level=debug msg="Kube-router network policy controller metrics tick"
[95m35  : [0m[90;2m┆ ┆ [0m[90m[1h54m41s] [0m[90m|[0m time="2026-01-12T18:35:35Z" level=debug msg="cgroupv2 io stats: skipping over unmappable dbytes=0 entry"
[95m35  : [0m[90;2m┆ ┆ [0m[90m[1h54m41s] [0m[90m|[0m time="2026-01-12T18:35:35Z" level=debug msg="cgroupv2 io stats: skipping over unmappable dios=0 entry"
[95m35  : [0m[90;2m┆ ┆ [0m[90m[1h54m43s] [0m[90m|[0m time="2026-01-12T18:35:36Z" level=debug msg="Kube-router network policy controller metrics tick"
[95m35  : [0m[90;2m┆ ┆ [0m[90m[1h54m46s] [0m[90m|[0m time="2026-01-12T18:35:39Z" level=debug msg="Kube-router network policy controller metrics tick"
[95m35  : [0m[90;2m┆ ┆ [0m[90m[1h54m46s] [0m[90m|[0m time="2026-01-12T18:35:40Z" level=debug msg="cgroupv2 io stats: skipping over unmappable dbytes=0 entry"
[95m35  : [0m[90;2m┆ ┆ [0m[90m[1h54m46s] [0m[90m|[0m time="2026-01-12T18:35:40Z" level=debug msg="cgroupv2 io stats: skipping over unmappable dios=0 entry"
[95m35  : [0m[90;2m┆ ┆ [0m[90m[1h54m49s] [0m[90m|[0m time="2026-01-12T18:35:42Z" level=debug msg="Kube-router network policy controller metrics tick"
[95m35  : [0m[90;2m┆ ┆ [0m[90m[1h54m51s] [0m[90m|[0m time="2026-01-12T18:35:45Z" level=debug msg="cgroupv2 io stats: skipping over unmappable dbytes=0 entry"
[95m35  : [0m[90;2m┆ ┆ [0m[90m[1h54m51s] [0m[90m|[0m time="2026-01-12T18:35:45Z" level=debug msg="cgroupv2 io stats: skipping over unmappable dios=0 entry"
[95m35  : [0m[90;2m┆ ┆ [0m[90m[1h54m52s] [0m[90m|[0m time="2026-01-12T18:35:45Z" level=debug msg="Kube-router network policy controller metrics tick"
[95m35  : [0m[90;2m┆ ┆ [0m[90m[1h54m55s] [0m[90m|[0m time="2026-01-12T18:35:48Z" level=debug msg="Kube-router network policy controller metrics tick"
[95m35  : [0m[90;2m┆ ┆ [0m[90m[1h54m58s] [0m[90m|[0m time="2026-01-12T18:35:51Z" level=debug msg="Kube-router network policy controller metrics tick"
[95m35  : [0m[90;2m┆ ┆ [0m[90m[1h55m1s] [0m[90m|[0m time="2026-01-12T18:35:54Z" level=debug msg="Kube-router network policy controller metrics tick"
[95m35  : [0m[90;2m┆ ┆ [0m[90m[1h55m1s] [0m[90m|[0m time="2026-01-12T18:35:55Z" level=debug msg="cgroupv2 io stats: skipping over unmappable dbytes=0 entry"
[95m35  : [0m[90;2m┆ ┆ [0m[90m[1h55m1s] [0m[90m|[0m time="2026-01-12T18:35:55Z" level=debug msg="cgroupv2 io stats: skipping over unmappable dios=0 entry"
[95m35  : [0m[90;2m┆ ┆ [0m[90m[1h55m4s] [0m[90m|[0m time="2026-01-12T18:35:57Z" level=debug msg="Kube-router network policy controller metrics tick"
[95m35  : [0m[90;2m┆ ┆ [0m[90m[1h55m4s] [0m[90m|[0m time="2026-01-12T18:35:57Z" level=debug msg="cgroupv2 io stats: skipping over unmappable dbytes=0 entry"
[95m35  : [0m[90;2m┆ ┆ [0m[90m[1h55m4s] [0m[90m|[0m time="2026-01-12T18:35:57Z" level=debug msg="cgroupv2 io stats: skipping over unmappable dios=0 entry"
[95m35  : [0m[90;2m┆ ┆ [0m[90m[1h55m7s] [0m[90m|[0m time="2026-01-12T18:36:00Z" level=debug msg="Kube-router network policy controller metrics tick"
[95m35  : [0m[90;2m┆ ┆ [0m[90m[1h55m10s] [0m[90m|[0m time="2026-01-12T18:36:03Z" level=debug msg="Kube-router network policy controller metrics tick"
[95m35  : [0m[90;2m┆ ┆ [0m[90m[1h55m11s] [0m[90m|[0m time="2026-01-12T18:36:05Z" level=debug msg="cgroupv2 io stats: skipping over unmappable dbytes=0 entry"
[95m35  : [0m[90;2m┆ ┆ [0m[90m[1h55m11s] [0m[90m|[0m time="2026-01-12T18:36:05Z" level=debug msg="cgroupv2 io stats: skipping over unmappable dios=0 entry"
[95m35  : [0m[90;2m┆ ┆ [0m[90m[1h55m13s] [0m[90m|[0m time="2026-01-12T18:36:06Z" level=debug msg="Kube-router network policy controller metrics tick"
[95m35  : [0m[90;2m┆ ┆ [0m[90m[1h55m16s] [0m[90m|[0m time="2026-01-12T18:36:09Z" level=debug msg="Kube-router network policy controller metrics tick"
[95m35  : [0m[90;2m┆ ┆ [0m[90m[1h55m19s] [0m[90m|[0m time="2026-01-12T18:36:12Z" level=debug msg="Kube-router network policy controller metrics tick"
[95m35  : [0m[90;2m┆ ┆ [0m[90m[1h55m21s] [0m[90m|[0m time="2026-01-12T18:36:15Z" level=debug msg="cgroupv2 io stats: skipping over unmappable dbytes=0 entry"
[95m35  : [0m[90;2m┆ ┆ [0m[90m[1h55m21s] [0m[90m|[0m time="2026-01-12T18:36:15Z" level=debug msg="cgroupv2 io stats: skipping over unmappable dios=0 entry"
[95m35  : [0m[90;2m┆ ┆ [0m[90m[1h55m22s] [0m[90m|[0m time="2026-01-12T18:36:15Z" level=debug msg="Kube-router network policy controller metrics tick"
[95m35  : [0m[90;2m┆ ┆ [0m[90m[1h55m22s] [0m[90m|[0m time="2026-01-12T18:36:16Z" level=debug msg="cgroupv2 io stats: skipping over unmappable dbytes=0 entry"
[95m35  : [0m[90;2m┆ ┆ [0m[90m[1h55m22s] [0m[90m|[0m time="2026-01-12T18:36:16Z" level=debug msg="cgroupv2 io stats: skipping over unmappable dios=0 entry"
[95m35  : [0m[90;2m┆ ┆ [0m[90m[1h55m25s] [0m[90m|[0m time="2026-01-12T18:36:18Z" level=debug msg="Kube-router network policy controller metrics tick"
[95m35  : [0m[90;2m┆ ┆ [0m[90m[1h55m28s] [0m[90m|[0m time="2026-01-12T18:36:21Z" level=debug msg="Kube-router network policy controller metrics tick"
[95m35  : [0m[90;2m┆ ┆ [0m[90m[1h55m31s] [0m[90m|[0m time="2026-01-12T18:36:24Z" level=debug msg="Kube-router network policy controller metrics tick"
[95m35  : [0m[90;2m┆ ┆ [0m[90m[1h55m31s] [0m[90m|[0m time="2026-01-12T18:36:25Z" level=debug msg="cgroupv2 io stats: skipping over unmappable dbytes=0 entry"
[95m35  : [0m[90;2m┆ ┆ [0m[90m[1h55m31s] [0m[90m|[0m time="2026-01-12T18:36:25Z" level=debug msg="cgroupv2 io stats: skipping over unmappable dios=0 entry"
[95m35  : [0m[90;2m┆ ┆ [0m[90m[1h55m34s] [0m[90m|[0m time="2026-01-12T18:36:27Z" level=debug msg="Kube-router network policy controller metrics tick"
[95m35  : [0m[90;2m┆ ┆ [0m[90m[1h55m36s] [0m[90m|[0m time="2026-01-12T18:36:29Z" level=debug msg="cgroupv2 io stats: skipping over unmappable dbytes=0 entry"
[95m35  : [0m[90;2m┆ ┆ [0m[90m[1h55m36s] [0m[90m|[0m time="2026-01-12T18:36:29Z" level=debug msg="cgroupv2 io stats: skipping over unmappable dios=0 entry"
[95m35  : [0m[90;2m┆ ┆ [0m[90m[1h55m37s] [0m[90m|[0m time="2026-01-12T18:36:30Z" level=debug msg="Kube-router network policy controller metrics tick"
[95m35  : [0m[90;2m┆ ┆ [0m[90m[1h55m40s] [0m[90m|[0m time="2026-01-12T18:36:33Z" level=debug msg="Kube-router network policy controller metrics tick"
[95m35  : [0m[90;2m┆ ┆ [0m[90m[1h55m41s] [0m[90m|[0m time="2026-01-12T18:36:35Z" level=debug msg="cgroupv2 io stats: skipping over unmappable dbytes=0 entry"
[95m35  : [0m[90;2m┆ ┆ [0m[90m[1h55m41s] [0m[90m|[0m time="2026-01-12T18:36:35Z" level=debug msg="cgroupv2 io stats: skipping over unmappable dios=0 entry"
[95m35  : [0m[90;2m┆ ┆ [0m[90m[1h55m43s] [0m[90m|[0m time="2026-01-12T18:36:36Z" level=debug msg="Kube-router network policy controller metrics tick"
[95m35  : [0m[90;2m┆ ┆ [0m[90m[1h55m44s] [0m[90m|[0m time="2026-01-12T18:36:37Z" level=info msg="COMPACT compactRev=400 targetCompactRev=490 currentRev=1490"
[95m35  : [0m[90;2m┆ ┆ [0m[90m[1h55m44s] [0m[90m|[0m time="2026-01-12T18:36:37Z" level=info msg="COMPACT deleted 90 rows from 90 revisions in 3.709949ms - compacted to 490/1490"
[95m35  : [0m[90;2m┆ ┆ [0m[90m[1h55m44s] [0m[90m|[0m time="2026-01-12T18:36:37Z" level=info msg="COMPACT compacted from 400 to 490 in 1 transactions over 4ms"
[95m35  : [0m[90;2m┆ ┆ [0m[90m[1h55m44s] [0m[90m|[0m I0112 18:36:37.758062      14 cidrallocator.go:277] updated ClusterIP allocator for Service CIDR 10.43.0.0/16
[95m35  : [0m[90;2m┆ ┆ [0m[90m[1h55m46s] [0m[90m|[0m time="2026-01-12T18:36:39Z" level=debug msg="Kube-router network policy controller metrics tick"
[95m35  : [0m[90;2m┆ ┆ [0m[90m[1h55m46s] [0m[90m|[0m time="2026-01-12T18:36:40Z" level=debug msg="Running k3s-cert-monitor certificate expiration check"
[95m35  : [0m[90;2m┆ ┆ [0m[90m[1h55m46s] [0m[90m|[0m W0112 18:36:40.450684      14 info.go:53] Couldn't collect info from any of the files in "/etc/machine-id,/var/lib/dbus/machine-id"
[95m35  : [0m[90;2m┆ ┆ [0m[90m[1h55m47s] [0m[90m|[0m time="2026-01-12T18:36:40Z" level=debug msg="cgroupv2 io stats: skipping over unmappable dbytes=0 entry"
[95m35  : [0m[90;2m┆ ┆ [0m[90m[1h55m47s] [0m[90m|[0m time="2026-01-12T18:36:40Z" level=debug msg="cgroupv2 io stats: skipping over unmappable dios=0 entry"
[95m35  : [0m[90;2m┆ ┆ [0m[90m[1h55m49s] [0m[90m|[0m time="2026-01-12T18:36:42Z" level=debug msg="Kube-router network policy controller metrics tick"
[95m35  : [0m[90;2m┆ ┆ [0m[90m[1h55m51s] [0m[90m|[0m time="2026-01-12T18:36:45Z" level=debug msg="cgroupv2 io stats: skipping over unmappable dbytes=0 entry"
[95m35  : [0m[90;2m┆ ┆ [0m[90m[1h55m51s] [0m[90m|[0m time="2026-01-12T18:36:45Z" level=debug msg="cgroupv2 io stats: skipping over unmappable dios=0 entry"
[95m35  : [0m[90;2m┆ ┆ [0m[90m[1h55m52s] [0m[90m|[0m time="2026-01-12T18:36:45Z" level=debug msg="Kube-router network policy controller metrics tick"
[95m35  : [0m[90;2m┆ ┆ [0m[90m[1h55m55s] [0m[90m|[0m time="2026-01-12T18:36:48Z" level=debug msg="Kube-router network policy controller metrics tick"
[95m35  : [0m[90;2m┆ ┆ [0m[90m[1h55m58s] [0m[90m|[0m time="2026-01-12T18:36:51Z" level=debug msg="Kube-router network policy controller metrics tick"
[95m35  : [0m[90;2m┆ ┆ [0m[90m[1h56m0s] [0m[90m|[0m time="2026-01-12T18:36:54Z" level=debug msg="cgroupv2 io stats: skipping over unmappable dbytes=0 entry"
[95m35  : [0m[90;2m┆ ┆ [0m[90m[1h56m0s] [0m[90m|[0m time="2026-01-12T18:36:54Z" level=debug msg="cgroupv2 io stats: skipping over unmappable dios=0 entry"
[95m35  : [0m[90;2m┆ ┆ [0m[90m[1h56m1s] [0m[90m|[0m time="2026-01-12T18:36:54Z" level=debug msg="Kube-router network policy controller metrics tick"
[95m35  : [0m[90;2m┆ ┆ [0m[90m[1h56m1s] [0m[90m|[0m time="2026-01-12T18:36:55Z" level=debug msg="cgroupv2 io stats: skipping over unmappable dbytes=0 entry"
[95m35  : [0m[90;2m┆ ┆ [0m[90m[1h56m1s] [0m[90m|[0m time="2026-01-12T18:36:55Z" level=debug msg="cgroupv2 io stats: skipping over unmappable dios=0 entry"
[95m35  : [0m[90;2m┆ ┆ [0m[90m[1h56m4s] [0m[90m|[0m time="2026-01-12T18:36:57Z" level=debug msg="Kube-router network policy controller metrics tick"
[95m35  : [0m[90;2m┆ ┆ [0m[90m[1h56m7s] [0m[90m|[0m time="2026-01-12T18:37:00Z" level=debug msg="Kube-router network policy controller metrics tick"
[95m35  : [0m[90;2m┆ ┆ [0m[90m[1h56m10s] [0m[90m|[0m time="2026-01-12T18:37:03Z" level=debug msg="Kube-router network policy controller metrics tick"
[95m35  : [0m[90;2m┆ ┆ [0m[90m[1h56m11s] [0m[90m|[0m time="2026-01-12T18:37:05Z" level=debug msg="cgroupv2 io stats: skipping over unmappable dbytes=0 entry"
[95m35  : [0m[90;2m┆ ┆ [0m[90m[1h56m11s] [0m[90m|[0m time="2026-01-12T18:37:05Z" level=debug msg="cgroupv2 io stats: skipping over unmappable dios=0 entry"
[95m35  : [0m[90;2m┆ ┆ [0m[90m[1h56m11s] [0m[90m|[0m time="2026-01-12T18:37:05Z" level=debug msg="cgroupv2 io stats: skipping over unmappable dbytes=0 entry"
[95m35  : [0m[90;2m┆ ┆ [0m[90m[1h56m11s] [0m[90m|[0m time="2026-01-12T18:37:05Z" level=debug msg="cgroupv2 io stats: skipping over unmappable dios=0 entry"
[95m35  : [0m[90;2m┆ ┆ [0m[90m[1h56m13s] [0m[90m|[0m time="2026-01-12T18:37:06Z" level=debug msg="Kube-router network policy controller metrics tick"
[95m35  : [0m[90;2m┆ ┆ [0m[90m[1h56m16s] [0m[90m|[0m time="2026-01-12T18:37:09Z" level=debug msg="Kube-router network policy controller metrics tick"
[95m35  : [0m[90;2m┆ ┆ [0m[90m[1h56m19s] [0m[90m|[0m time="2026-01-12T18:37:12Z" level=debug msg="Kube-router network policy controller metrics tick"
[95m35  : [0m[90;2m┆ ┆ [0m[90m[1h56m21s] [0m[90m|[0m time="2026-01-12T18:37:15Z" level=debug msg="cgroupv2 io stats: skipping over unmappable dbytes=0 entry"
[95m35  : [0m[90;2m┆ ┆ [0m[90m[1h56m21s] [0m[90m|[0m time="2026-01-12T18:37:15Z" level=debug msg="cgroupv2 io stats: skipping over unmappable dios=0 entry"
[95m35  : [0m[90;2m┆ ┆ [0m[90m[1h56m22s] [0m[90m|[0m time="2026-01-12T18:37:15Z" level=debug msg="Kube-router network policy controller metrics tick"
[95m35  : [0m[90;2m┆ ┆ [0m[90m[1h56m25s] [0m[90m|[0m time="2026-01-12T18:37:18Z" level=debug msg="Kube-router network policy controller metrics tick"
[95m35  : [0m[90;2m┆ ┆ [0m[90m[1h56m28s] [0m[90m|[0m time="2026-01-12T18:37:21Z" level=debug msg="cgroupv2 io stats: skipping over unmappable dbytes=0 entry"
[95m35  : [0m[90;2m┆ ┆ [0m[90m[1h56m28s] [0m[90m|[0m time="2026-01-12T18:37:21Z" level=debug msg="cgroupv2 io stats: skipping over unmappable dios=0 entry"
[95m35  : [0m[90;2m┆ ┆ [0m[90m[1h56m28s] [0m[90m|[0m time="2026-01-12T18:37:21Z" level=debug msg="Kube-router network policy controller metrics tick"
[95m35  : [0m[90;2m┆ ┆ [0m[90m[1h56m31s] [0m[90m|[0m time="2026-01-12T18:37:24Z" level=debug msg="Kube-router network policy controller metrics tick"
[95m35  : [0m[90;2m┆ ┆ [0m[90m[1h56m31s] [0m[90m|[0m time="2026-01-12T18:37:25Z" level=debug msg="cgroupv2 io stats: skipping over unmappable dbytes=0 entry"
[95m35  : [0m[90;2m┆ ┆ [0m[90m[1h56m31s] [0m[90m|[0m time="2026-01-12T18:37:25Z" level=debug msg="cgroupv2 io stats: skipping over unmappable dios=0 entry"
[95m35  : [0m[90;2m┆ ┆ [0m[90m[1h56m34s] [0m[90m|[0m time="2026-01-12T18:37:27Z" level=debug msg="Kube-router network policy controller metrics tick"
[95m35  : [0m[90;2m┆ ┆ [0m[90m[1h56m37s] [0m[90m|[0m time="2026-01-12T18:37:30Z" level=debug msg="Kube-router network policy controller metrics tick"
[95m35  : [0m[90;2m┆ ┆ [0m[90m[1h56m40s] [0m[90m|[0m time="2026-01-12T18:37:33Z" level=debug msg="Kube-router network policy controller metrics tick"
[95m35  : [0m[90;2m┆ ┆ [0m[90m[1h56m41s] [0m[90m|[0m time="2026-01-12T18:37:35Z" level=debug msg="cgroupv2 io stats: skipping over unmappable dbytes=0 entry"
[95m35  : [0m[90;2m┆ ┆ [0m[90m[1h56m41s] [0m[90m|[0m time="2026-01-12T18:37:35Z" level=debug msg="cgroupv2 io stats: skipping over unmappable dios=0 entry"
[95m35  : [0m[90;2m┆ ┆ [0m[90m[1h56m43s] [0m[90m|[0m time="2026-01-12T18:37:36Z" level=debug msg="Kube-router network policy controller metrics tick"
[95m35  : [0m[90;2m┆ ┆ [0m[90m[1h56m44s] [0m[90m|[0m time="2026-01-12T18:37:37Z" level=debug msg="cgroupv2 io stats: skipping over unmappable dbytes=0 entry"
[95m35  : [0m[90;2m┆ ┆ [0m[90m[1h56m44s] [0m[90m|[0m time="2026-01-12T18:37:37Z" level=debug msg="cgroupv2 io stats: skipping over unmappable dios=0 entry"
[95m35  : [0m[90;2m┆ ┆ [0m[90m[1h56m46s] [0m[90m|[0m time="2026-01-12T18:37:39Z" level=debug msg="Kube-router network policy controller metrics tick"
[95m35  : [0m[90;2m┆ ┆ [0m[90m[1h56m49s] [0m[90m|[0m time="2026-01-12T18:37:42Z" level=debug msg="Kube-router network policy controller metrics tick"
[95m35  : [0m[90;2m┆ ┆ [0m[90m[1h56m51s] [0m[90m|[0m time="2026-01-12T18:37:45Z" level=debug msg="cgroupv2 io stats: skipping over unmappable dbytes=0 entry"
[95m35  : [0m[90;2m┆ ┆ [0m[90m[1h56m51s] [0m[90m|[0m time="2026-01-12T18:37:45Z" level=debug msg="cgroupv2 io stats: skipping over unmappable dios=0 entry"
[95m35  : [0m[90;2m┆ ┆ [0m[90m[1h56m52s] [0m[90m|[0m time="2026-01-12T18:37:45Z" level=debug msg="Kube-router network policy controller metrics tick"
[95m35  : [0m[90;2m┆ ┆ [0m[90m[1h56m55s] [0m[90m|[0m time="2026-01-12T18:37:48Z" level=debug msg="Kube-router network policy controller metrics tick"
[95m35  : [0m[90;2m┆ ┆ [0m[90m[1h56m56s] [0m[90m|[0m time="2026-01-12T18:37:49Z" level=debug msg="cgroupv2 io stats: skipping over unmappable dbytes=0 entry"
[95m35  : [0m[90;2m┆ ┆ [0m[90m[1h56m56s] [0m[90m|[0m time="2026-01-12T18:37:49Z" level=debug msg="cgroupv2 io stats: skipping over unmappable dios=0 entry"
[95m35  : [0m[90;2m┆ ┆ [0m[90m[1h56m58s] [0m[90m|[0m time="2026-01-12T18:37:51Z" level=debug msg="Kube-router network policy controller metrics tick"
[95m35  : [0m[90;2m┆ ┆ [0m[90m[1h57m1s] [0m[90m|[0m time="2026-01-12T18:37:54Z" level=debug msg="Kube-router network policy controller metrics tick"
[95m35  : [0m[90;2m┆ ┆ [0m[90m[1h57m1s] [0m[90m|[0m time="2026-01-12T18:37:55Z" level=debug msg="cgroupv2 io stats: skipping over unmappable dbytes=0 entry"
[95m35  : [0m[90;2m┆ ┆ [0m[90m[1h57m1s] [0m[90m|[0m time="2026-01-12T18:37:55Z" level=debug msg="cgroupv2 io stats: skipping over unmappable dios=0 entry"
[95m35  : [0m[90;2m┆ ┆ [0m[90m[1h57m4s] [0m[90m|[0m time="2026-01-12T18:37:57Z" level=debug msg="Kube-router network policy controller metrics tick"
[95m35  : [0m[90;2m┆ ┆ [0m[90m[1h57m7s] [0m[90m|[0m time="2026-01-12T18:38:00Z" level=debug msg="Kube-router network policy controller metrics tick"
[95m35  : [0m[90;2m┆ ┆ [0m[90m[1h57m10s] [0m[90m|[0m time="2026-01-12T18:38:03Z" level=debug msg="Kube-router network policy controller metrics tick"
[95m35  : [0m[90;2m┆ ┆ [0m[90m[1h57m11s] [0m[90m|[0m time="2026-01-12T18:38:05Z" level=debug msg="cgroupv2 io stats: skipping over unmappable dbytes=0 entry"
[95m35  : [0m[90;2m┆ ┆ [0m[90m[1h57m11s] [0m[90m|[0m time="2026-01-12T18:38:05Z" level=debug msg="cgroupv2 io stats: skipping over unmappable dios=0 entry"
[95m35  : [0m[90;2m┆ ┆ [0m[90m[1h57m13s] [0m[90m|[0m time="2026-01-12T18:38:06Z" level=debug msg="Kube-router network policy controller metrics tick"
[95m35  : [0m[90;2m┆ ┆ [0m[90m[1h57m13s] [0m[90m|[0m time="2026-01-12T18:38:07Z" level=debug msg="cgroupv2 io stats: skipping over unmappable dbytes=0 entry"
[95m35  : [0m[90;2m┆ ┆ [0m[90m[1h57m13s] [0m[90m|[0m time="2026-01-12T18:38:07Z" level=debug msg="cgroupv2 io stats: skipping over unmappable dios=0 entry"
[95m35  : [0m[90;2m┆ ┆ [0m[90m[1h57m16s] [0m[90m|[0m time="2026-01-12T18:38:09Z" level=debug msg="Kube-router network policy controller metrics tick"
[95m35  : [0m[90;2m┆ ┆ [0m[90m[1h57m19s] [0m[90m|[0m time="2026-01-12T18:38:12Z" level=debug msg="Kube-router network policy controller metrics tick"
[95m35  : [0m[90;2m┆ ┆ [0m[90m[1h57m21s] [0m[90m|[0m time="2026-01-12T18:38:15Z" level=debug msg="cgroupv2 io stats: skipping over unmappable dbytes=0 entry"
[95m35  : [0m[90;2m┆ ┆ [0m[90m[1h57m21s] [0m[90m|[0m time="2026-01-12T18:38:15Z" level=debug msg="cgroupv2 io stats: skipping over unmappable dios=0 entry"
[95m35  : [0m[90;2m┆ ┆ [0m[90m[1h57m22s] [0m[90m|[0m time="2026-01-12T18:38:15Z" level=debug msg="Kube-router network policy controller metrics tick"
[95m35  : [0m[90;2m┆ ┆ [0m[90m[1h57m25s] [0m[90m|[0m time="2026-01-12T18:38:18Z" level=debug msg="Kube-router network policy controller metrics tick"
[95m35  : [0m[90;2m┆ ┆ [0m[90m[1h57m28s] [0m[90m|[0m time="2026-01-12T18:38:21Z" level=debug msg="Kube-router network policy controller metrics tick"
[95m35  : [0m[90;2m┆ ┆ [0m[90m[1h57m31s] [0m[90m|[0m time="2026-01-12T18:38:24Z" level=debug msg="Kube-router network policy controller metrics tick"
[95m35  : [0m[90;2m┆ ┆ [0m[90m[1h57m31s] [0m[90m|[0m time="2026-01-12T18:38:25Z" level=debug msg="cgroupv2 io stats: skipping over unmappable dbytes=0 entry"
[95m35  : [0m[90;2m┆ ┆ [0m[90m[1h57m31s] [0m[90m|[0m time="2026-01-12T18:38:25Z" level=debug msg="cgroupv2 io stats: skipping over unmappable dios=0 entry"
[95m35  : [0m[90;2m┆ ┆ [0m[90m[1h57m31s] [0m[90m|[0m time="2026-01-12T18:38:25Z" level=debug msg="cgroupv2 io stats: skipping over unmappable dbytes=0 entry"
[95m35  : [0m[90;2m┆ ┆ [0m[90m[1h57m31s] [0m[90m|[0m time="2026-01-12T18:38:25Z" level=debug msg="cgroupv2 io stats: skipping over unmappable dios=0 entry"
[95m35  : [0m[90;2m┆ ┆ [0m[90m[1h57m34s] [0m[90m|[0m time="2026-01-12T18:38:27Z" level=debug msg="Kube-router network policy controller metrics tick"
[95m35  : [0m[90;2m┆ ┆ [0m[90m[1h57m37s] [0m[90m|[0m time="2026-01-12T18:38:30Z" level=debug msg="Kube-router network policy controller metrics tick"
[95m35  : [0m[90;2m┆ ┆ [0m[90m[1h57m40s] [0m[90m|[0m time="2026-01-12T18:38:33Z" level=debug msg="Kube-router network policy controller metrics tick"
[95m35  : [0m[90;2m┆ ┆ [0m[90m[1h57m41s] [0m[90m|[0m time="2026-01-12T18:38:35Z" level=debug msg="cgroupv2 io stats: skipping over unmappable dbytes=0 entry"
[95m35  : [0m[90;2m┆ ┆ [0m[90m[1h57m41s] [0m[90m|[0m time="2026-01-12T18:38:35Z" level=debug msg="cgroupv2 io stats: skipping over unmappable dios=0 entry"
[95m35  : [0m[90;2m┆ ┆ [0m[90m[1h57m43s] [0m[90m|[0m time="2026-01-12T18:38:36Z" level=debug msg="Kube-router network policy controller metrics tick"
[95m35  : [0m[90;2m┆ ┆ [0m[90m[1h57m43s] [0m[90m|[0m time="2026-01-12T18:38:37Z" level=debug msg="cgroupv2 io stats: skipping over unmappable dbytes=0 entry"
[95m35  : [0m[90;2m┆ ┆ [0m[90m[1h57m43s] [0m[90m|[0m time="2026-01-12T18:38:37Z" level=debug msg="cgroupv2 io stats: skipping over unmappable dios=0 entry"
[95m35  : [0m[90;2m┆ ┆ [0m[90m[1h57m46s] [0m[90m|[0m time="2026-01-12T18:38:39Z" level=debug msg="Kube-router network policy controller metrics tick"
[95m35  : [0m[90;2m┆ ┆ [0m[90m[1h57m49s] [0m[90m|[0m time="2026-01-12T18:38:42Z" level=debug msg="Kube-router network policy controller metrics tick"
[95m35  : [0m[90;2m┆ ┆ [0m[90m[1h57m51s] [0m[90m|[0m time="2026-01-12T18:38:45Z" level=debug msg="cgroupv2 io stats: skipping over unmappable dbytes=0 entry"
[95m35  : [0m[90;2m┆ ┆ [0m[90m[1h57m51s] [0m[90m|[0m time="2026-01-12T18:38:45Z" level=debug msg="cgroupv2 io stats: skipping over unmappable dios=0 entry"
[95m35  : [0m[90;2m┆ ┆ [0m[90m[1h57m52s] [0m[90m|[0m time="2026-01-12T18:38:45Z" level=debug msg="Kube-router network policy controller metrics tick"
[95m35  : [0m[90;2m┆ ┆ [0m[90m[1h57m54s] [0m[90m|[0m time="2026-01-12T18:38:47Z" level=debug msg="cgroupv2 io stats: skipping over unmappable dbytes=0 entry"
[95m35  : [0m[90;2m┆ ┆ [0m[90m[1h57m54s] [0m[90m|[0m time="2026-01-12T18:38:47Z" level=debug msg="cgroupv2 io stats: skipping over unmappable dios=0 entry"
[95m35  : [0m[90;2m┆ ┆ [0m[90m[1h57m55s] [0m[90m|[0m time="2026-01-12T18:38:48Z" level=debug msg="Kube-router network policy controller metrics tick"
[95m35  : [0m[90;2m┆ ┆ [0m[90m[1h57m58s] [0m[90m|[0m time="2026-01-12T18:38:51Z" level=debug msg="Kube-router network policy controller metrics tick"
[95m35  : [0m[90;2m┆ ┆ [0m[90m[1h58m1s] [0m[90m|[0m time="2026-01-12T18:38:54Z" level=debug msg="Kube-router network policy controller metrics tick"
[95m35  : [0m[90;2m┆ ┆ [0m[90m[1h58m1s] [0m[90m|[0m time="2026-01-12T18:38:55Z" level=debug msg="cgroupv2 io stats: skipping over unmappable dbytes=0 entry"
[95m35  : [0m[90;2m┆ ┆ [0m[90m[1h58m1s] [0m[90m|[0m time="2026-01-12T18:38:55Z" level=debug msg="cgroupv2 io stats: skipping over unmappable dios=0 entry"
[95m35  : [0m[90;2m┆ ┆ [0m[90m[1h58m4s] [0m[90m|[0m time="2026-01-12T18:38:57Z" level=debug msg="Kube-router network policy controller metrics tick"
[95m35  : [0m[90;2m┆ ┆ [0m[90m[1h58m7s] [0m[90m|[0m time="2026-01-12T18:39:00Z" level=debug msg="Kube-router network policy controller metrics tick"
[95m35  : [0m[90;2m┆ ┆ [0m[90m[1h58m8s] [0m[90m|[0m time="2026-01-12T18:39:02Z" level=debug msg="cgroupv2 io stats: skipping over unmappable dbytes=0 entry"
[95m35  : [0m[90;2m┆ ┆ [0m[90m[1h58m8s] [0m[90m|[0m time="2026-01-12T18:39:02Z" level=debug msg="cgroupv2 io stats: skipping over unmappable dios=0 entry"
[95m35  : [0m[90;2m┆ ┆ [0m[90m[1h58m10s] [0m[90m|[0m time="2026-01-12T18:39:03Z" level=debug msg="Kube-router network policy controller metrics tick"
[95m35  : [0m[90;2m┆ ┆ [0m[90m[1h58m11s] [0m[90m|[0m time="2026-01-12T18:39:05Z" level=debug msg="cgroupv2 io stats: skipping over unmappable dbytes=0 entry"
[95m35  : [0m[90;2m┆ ┆ [0m[90m[1h58m11s] [0m[90m|[0m time="2026-01-12T18:39:05Z" level=debug msg="cgroupv2 io stats: skipping over unmappable dios=0 entry"
[95m35  : [0m[90;2m┆ ┆ [0m[90m[1h58m13s] [0m[90m|[0m time="2026-01-12T18:39:06Z" level=debug msg="Kube-router network policy controller metrics tick"
[95m35  : [0m[90;2m┆ ┆ [0m[90m[1h58m16s] [0m[90m|[0m time="2026-01-12T18:39:09Z" level=debug msg="Kube-router network policy controller metrics tick"
[95m35  : [0m[90;2m┆ ┆ [0m[90m[1h58m19s] [0m[90m|[0m time="2026-01-12T18:39:12Z" level=debug msg="Kube-router network policy controller metrics tick"
[95m35  : [0m[90;2m┆ ┆ [0m[90m[1h58m21s] [0m[90m|[0m time="2026-01-12T18:39:15Z" level=debug msg="cgroupv2 io stats: skipping over unmappable dbytes=0 entry"
[95m35  : [0m[90;2m┆ ┆ [0m[90m[1h58m21s] [0m[90m|[0m time="2026-01-12T18:39:15Z" level=debug msg="cgroupv2 io stats: skipping over unmappable dios=0 entry"
[95m35  : [0m[90;2m┆ ┆ [0m[90m[1h58m22s] [0m[90m|[0m time="2026-01-12T18:39:15Z" level=debug msg="Kube-router network policy controller metrics tick"
[95m35  : [0m[90;2m┆ ┆ [0m[90m[1h58m22s] [0m[90m|[0m time="2026-01-12T18:39:16Z" level=debug msg="cgroupv2 io stats: skipping over unmappable dbytes=0 entry"
[95m35  : [0m[90;2m┆ ┆ [0m[90m[1h58m22s] [0m[90m|[0m time="2026-01-12T18:39:16Z" level=debug msg="cgroupv2 io stats: skipping over unmappable dios=0 entry"
[95m35  : [0m[90;2m┆ ┆ [0m[90m[1h58m25s] [0m[90m|[0m time="2026-01-12T18:39:18Z" level=debug msg="Kube-router network policy controller metrics tick"
[95m35  : [0m[90;2m┆ ┆ [0m[90m[1h58m28s] [0m[90m|[0m time="2026-01-12T18:39:21Z" level=debug msg="Kube-router network policy controller metrics tick"
[95m35  : [0m[90;2m┆ ┆ [0m[90m[1h58m31s] [0m[90m|[0m time="2026-01-12T18:39:24Z" level=debug msg="Kube-router network policy controller metrics tick"
[95m35  : [0m[90;2m┆ ┆ [0m[90m[1h58m31s] [0m[90m|[0m time="2026-01-12T18:39:25Z" level=debug msg="cgroupv2 io stats: skipping over unmappable dbytes=0 entry"
[95m35  : [0m[90;2m┆ ┆ [0m[90m[1h58m31s] [0m[90m|[0m time="2026-01-12T18:39:25Z" level=debug msg="cgroupv2 io stats: skipping over unmappable dios=0 entry"
[95m35  : [0m[90;2m┆ ┆ [0m[90m[1h58m34s] [0m[90m|[0m time="2026-01-12T18:39:27Z" level=debug msg="Kube-router network policy controller metrics tick"
[95m35  : [0m[90;2m┆ ┆ [0m[90m[1h58m37s] [0m[90m|[0m time="2026-01-12T18:39:30Z" level=debug msg="Kube-router network policy controller metrics tick"
[95m35  : [0m[90;2m┆ ┆ [0m[90m[1h58m39s] [0m[90m|[0m time="2026-01-12T18:39:32Z" level=debug msg="cgroupv2 io stats: skipping over unmappable dbytes=0 entry"
[95m35  : [0m[90;2m┆ ┆ [0m[90m[1h58m39s] [0m[90m|[0m time="2026-01-12T18:39:32Z" level=debug msg="cgroupv2 io stats: skipping over unmappable dios=0 entry"
[95m35  : [0m[90;2m┆ ┆ [0m[90m[1h58m40s] [0m[90m|[0m time="2026-01-12T18:39:33Z" level=debug msg="Kube-router network policy controller metrics tick"
[95m35  : [0m[90;2m┆ ┆ [0m[90m[1h58m41s] [0m[90m|[0m time="2026-01-12T18:39:35Z" level=debug msg="cgroupv2 io stats: skipping over unmappable dbytes=0 entry"
[95m35  : [0m[90;2m┆ ┆ [0m[90m[1h58m41s] [0m[90m|[0m time="2026-01-12T18:39:35Z" level=debug msg="cgroupv2 io stats: skipping over unmappable dios=0 entry"
[95m35  : [0m[90;2m┆ ┆ [0m[90m[1h58m43s] [0m[90m|[0m time="2026-01-12T18:39:36Z" level=debug msg="Kube-router network policy controller metrics tick"
[95m35  : [0m[90;2m┆ ┆ [0m[90m[1h58m46s] [0m[90m|[0m time="2026-01-12T18:39:39Z" level=debug msg="Kube-router network policy controller metrics tick"
[95m35  : [0m[90;2m┆ ┆ [0m[90m[1h58m49s] [0m[90m|[0m time="2026-01-12T18:39:42Z" level=debug msg="Kube-router network policy controller metrics tick"
[95m35  : [0m[90;2m┆ ┆ [0m[90m[1h58m51s] [0m[90m|[0m time="2026-01-12T18:39:45Z" level=debug msg="cgroupv2 io stats: skipping over unmappable dbytes=0 entry"
[95m35  : [0m[90;2m┆ ┆ [0m[90m[1h58m51s] [0m[90m|[0m time="2026-01-12T18:39:45Z" level=debug msg="cgroupv2 io stats: skipping over unmappable dios=0 entry"
[95m35  : [0m[90;2m┆ ┆ [0m[90m[1h58m52s] [0m[90m|[0m time="2026-01-12T18:39:45Z" level=debug msg="Kube-router network policy controller metrics tick"
[95m35  : [0m[90;2m┆ ┆ [0m[90m[1h58m54s] [0m[90m|[0m time="2026-01-12T18:39:48Z" level=debug msg="cgroupv2 io stats: skipping over unmappable dbytes=0 entry"
[95m35  : [0m[90;2m┆ ┆ [0m[90m[1h58m54s] [0m[90m|[0m time="2026-01-12T18:39:48Z" level=debug msg="cgroupv2 io stats: skipping over unmappable dios=0 entry"
[95m35  : [0m[90;2m┆ ┆ [0m[90m[1h58m55s] [0m[90m|[0m time="2026-01-12T18:39:48Z" level=debug msg="Kube-router network policy controller metrics tick"
[95m35  : [0m[90;2m┆ ┆ [0m[90m[1h58m58s] [0m[90m|[0m time="2026-01-12T18:39:51Z" level=debug msg="Kube-router network policy controller metrics tick"
[95m35  : [0m[90;2m┆ ┆ [0m[90m[1h59m1s] [0m[90m|[0m time="2026-01-12T18:39:54Z" level=debug msg="Kube-router network policy controller metrics tick"
[95m35  : [0m[90;2m┆ ┆ [0m[90m[1h59m1s] [0m[90m|[0m time="2026-01-12T18:39:55Z" level=debug msg="cgroupv2 io stats: skipping over unmappable dbytes=0 entry"
[95m35  : [0m[90;2m┆ ┆ [0m[90m[1h59m1s] [0m[90m|[0m time="2026-01-12T18:39:55Z" level=debug msg="cgroupv2 io stats: skipping over unmappable dios=0 entry"
[95m35  : [0m[90;2m┆ ┆ [0m[90m[1h59m1s] [0m[90m|[0m time="2026-01-12T18:39:55Z" level=debug msg="cgroupv2 io stats: skipping over unmappable dbytes=0 entry"
[95m35  : [0m[90;2m┆ ┆ [0m[90m[1h59m1s] [0m[90m|[0m time="2026-01-12T18:39:55Z" level=debug msg="cgroupv2 io stats: skipping over unmappable dios=0 entry"
[95m35  : [0m[90;2m┆ ┆ [0m[90m[1h59m4s] [0m[90m|[0m time="2026-01-12T18:39:57Z" level=debug msg="Kube-router network policy controller metrics tick"
[95m35  : [0m[90;2m┆ ┆ [0m[90m[1h59m7s] [0m[90m|[0m time="2026-01-12T18:40:00Z" level=debug msg="Kube-router network policy controller metrics tick"
[95m35  : [0m[90;2m┆ ┆ [0m[90m[1h59m9s] [0m[90m|[0m time="2026-01-12T18:40:02Z" level=debug msg="cgroupv2 io stats: skipping over unmappable dbytes=0 entry"
[95m35  : [0m[90;2m┆ ┆ [0m[90m[1h59m9s] [0m[90m|[0m time="2026-01-12T18:40:02Z" level=debug msg="cgroupv2 io stats: skipping over unmappable dios=0 entry"
[95m35  : [0m[90;2m┆ ┆ [0m[90m[1h59m10s] [0m[90m|[0m time="2026-01-12T18:40:03Z" level=debug msg="Kube-router network policy controller metrics tick"
[95m35  : [0m[90;2m┆ ┆ [0m[90m[1h59m11s] [0m[90m|[0m time="2026-01-12T18:40:05Z" level=debug msg="cgroupv2 io stats: skipping over unmappable dbytes=0 entry"
[95m35  : [0m[90;2m┆ ┆ [0m[90m[1h59m11s] [0m[90m|[0m time="2026-01-12T18:40:05Z" level=debug msg="cgroupv2 io stats: skipping over unmappable dios=0 entry"
[95m35  : [0m[90;2m┆ ┆ [0m[90m[1h59m13s] [0m[90m|[0m time="2026-01-12T18:40:06Z" level=debug msg="Kube-router network policy controller metrics tick"
[95m35  : [0m[90;2m┆ ┆ [0m[90m[1h59m16s] [0m[90m|[0m time="2026-01-12T18:40:09Z" level=debug msg="Kube-router network policy controller metrics tick"
[95m35  : [0m[90;2m┆ ┆ [0m[90m[1h59m19s] [0m[90m|[0m time="2026-01-12T18:40:12Z" level=debug msg="Kube-router network policy controller metrics tick"
[95m35  : [0m[90;2m┆ ┆ [0m[90m[1h59m21s] [0m[90m|[0m time="2026-01-12T18:40:15Z" level=debug msg="cgroupv2 io stats: skipping over unmappable dbytes=0 entry"
[95m35  : [0m[90;2m┆ ┆ [0m[90m[1h59m21s] [0m[90m|[0m time="2026-01-12T18:40:15Z" level=debug msg="cgroupv2 io stats: skipping over unmappable dios=0 entry"
[95m35  : [0m[90;2m┆ ┆ [0m[90m[1h59m22s] [0m[90m|[0m time="2026-01-12T18:40:15Z" level=debug msg="Kube-router network policy controller metrics tick"
[95m35  : [0m[90;2m┆ ┆ [0m[90m[1h59m23s] [0m[90m|[0m time="2026-01-12T18:40:16Z" level=debug msg="cgroupv2 io stats: skipping over unmappable dbytes=0 entry"
[95m35  : [0m[90;2m┆ ┆ [0m[90m[1h59m23s] [0m[90m|[0m time="2026-01-12T18:40:16Z" level=debug msg="cgroupv2 io stats: skipping over unmappable dios=0 entry"
[95m35  : [0m[90;2m┆ ┆ [0m[90m[1h59m25s] [0m[90m|[0m time="2026-01-12T18:40:18Z" level=debug msg="Kube-router network policy controller metrics tick"
[95m35  : [0m[90;2m┆ ┆ [0m[90m[1h59m28s] [0m[90m|[0m time="2026-01-12T18:40:21Z" level=debug msg="Kube-router network policy controller metrics tick"
[95m35  : [0m[90;2m┆ ┆ [0m[90m[1h59m31s] [0m[90m|[0m time="2026-01-12T18:40:24Z" level=debug msg="Kube-router network policy controller metrics tick"
[95m35  : [0m[90;2m┆ ┆ [0m[90m[1h59m31s] [0m[90m|[0m time="2026-01-12T18:40:25Z" level=debug msg="cgroupv2 io stats: skipping over unmappable dbytes=0 entry"
[95m35  : [0m[90;2m┆ ┆ [0m[90m[1h59m31s] [0m[90m|[0m time="2026-01-12T18:40:25Z" level=debug msg="cgroupv2 io stats: skipping over unmappable dios=0 entry"
[95m35  : [0m[90;2m┆ ┆ [0m[90m[1h59m34s] [0m[90m|[0m time="2026-01-12T18:40:27Z" level=debug msg="Kube-router network policy controller metrics tick"
[95m35  : [0m[90;2m┆ ┆ [0m[90m[1h59m36s] [0m[90m|[0m time="2026-01-12T18:40:29Z" level=debug msg="cgroupv2 io stats: skipping over unmappable dbytes=0 entry"
[95m35  : [0m[90;2m┆ ┆ [0m[90m[1h59m36s] [0m[90m|[0m time="2026-01-12T18:40:29Z" level=debug msg="cgroupv2 io stats: skipping over unmappable dios=0 entry"
[95m35  : [0m[90;2m┆ ┆ [0m[90m[1h59m37s] [0m[90m|[0m time="2026-01-12T18:40:30Z" level=debug msg="Kube-router network policy controller metrics tick"
[95m35  : [0m[90;2m┆ ┆ [0m[90m[1h59m40s] [0m[90m|[0m time="2026-01-12T18:40:33Z" level=debug msg="Kube-router network policy controller metrics tick"
[95m35  : [0m[90;2m┆ ┆ [0m[90m[1h59m41s] [0m[90m|[0m time="2026-01-12T18:40:35Z" level=debug msg="cgroupv2 io stats: skipping over unmappable dbytes=0 entry"
[95m35  : [0m[90;2m┆ ┆ [0m[90m[1h59m41s] [0m[90m|[0m time="2026-01-12T18:40:35Z" level=debug msg="cgroupv2 io stats: skipping over unmappable dios=0 entry"
[95m35  : [0m[90;2m┆ ┆ [0m[90m[1h59m43s] [0m[90m|[0m time="2026-01-12T18:40:36Z" level=debug msg="Kube-router network policy controller metrics tick"
[95m35  : [0m[90;2m┆ ┆ [0m[90m[1h59m46s] [0m[90m|[0m time="2026-01-12T18:40:39Z" level=debug msg="Kube-router network policy controller metrics tick"
[95m35  : [0m[90;2m┆ ┆ [0m[90m[1h59m49s] [0m[90m|[0m time="2026-01-12T18:40:42Z" level=debug msg="Kube-router network policy controller metrics tick"
[95m35  : [0m[90;2m┆ ┆ [0m[90m[1h59m51s] [0m[90m|[0m time="2026-01-12T18:40:45Z" level=debug msg="cgroupv2 io stats: skipping over unmappable dbytes=0 entry"
[95m35  : [0m[90;2m┆ ┆ [0m[90m[1h59m51s] [0m[90m|[0m time="2026-01-12T18:40:45Z" level=debug msg="cgroupv2 io stats: skipping over unmappable dios=0 entry"
[95m35  : [0m[90;2m┆ ┆ [0m[90m[1h59m52s] [0m[90m|[0m time="2026-01-12T18:40:45Z" level=debug msg="Kube-router network policy controller metrics tick"
[95m35  : [0m[90;2m┆ ┆ [0m[90m[1h59m55s] [0m[90m|[0m time="2026-01-12T18:40:48Z" level=debug msg="Kube-router network policy controller metrics tick"
[95m35  : [0m[90;2m┆ ┆ [0m[90m[1h59m55s] [0m[90m|[0m time="2026-01-12T18:40:48Z" level=debug msg="cgroupv2 io stats: skipping over unmappable dbytes=0 entry"
[95m35  : [0m[90;2m┆ ┆ [0m[90m[1h59m55s] [0m[90m|[0m time="2026-01-12T18:40:48Z" level=debug msg="cgroupv2 io stats: skipping over unmappable dios=0 entry"
[95m35  : [0m[90;2m┆ ┆ [0m[90m[1h59m58s] [0m[90m|[0m time="2026-01-12T18:40:51Z" level=debug msg="Kube-router network policy controller metrics tick"
[95m35  : [0m[90;2m┆ ┆ [0m[90m[2h0m1s] [0m[90m|[0m time="2026-01-12T18:40:54Z" level=debug msg="Kube-router network policy controller metrics tick"
[95m35  : [0m[90;2m┆ ┆ [0m[90m[2h0m2s] [0m[90m|[0m time="2026-01-12T18:40:55Z" level=debug msg="cgroupv2 io stats: skipping over unmappable dbytes=0 entry"
[95m35  : [0m[90;2m┆ ┆ [0m[90m[2h0m2s] [0m[90m|[0m time="2026-01-12T18:40:55Z" level=debug msg="cgroupv2 io stats: skipping over unmappable dios=0 entry"
[95m35  : [0m[90;2m┆ ┆ [0m[90m[2h0m4s] [0m[90m|[0m time="2026-01-12T18:40:57Z" level=debug msg="Kube-router network policy controller metrics tick"
[95m35  : [0m[90;2m┆ ┆ [0m[90m[2h0m7s] [0m[90m|[0m time="2026-01-12T18:41:00Z" level=debug msg="Kube-router network policy controller metrics tick"
[95m35  : [0m[90;2m┆ ┆ [0m[90m[2h0m7s] [0m[90m|[0m time="2026-01-12T18:41:01Z" level=debug msg="cgroupv2 io stats: skipping over unmappable dbytes=0 entry"
[95m35  : [0m[90;2m┆ ┆ [0m[90m[2h0m7s] [0m[90m|[0m time="2026-01-12T18:41:01Z" level=debug msg="cgroupv2 io stats: skipping over unmappable dios=0 entry"
[95m35  : [0m[90;2m┆ ┆ [0m[90m[2h0m10s] [0m[90m|[0m time="2026-01-12T18:41:03Z" level=debug msg="Kube-router network policy controller metrics tick"
[95m35  : [0m[90;2m┆ ┆ [0m[90m[2h0m12s] [0m[90m|[0m time="2026-01-12T18:41:05Z" level=debug msg="cgroupv2 io stats: skipping over unmappable dbytes=0 entry"
[95m35  : [0m[90;2m┆ ┆ [0m[90m[2h0m12s] [0m[90m|[0m time="2026-01-12T18:41:05Z" level=debug msg="cgroupv2 io stats: skipping over unmappable dios=0 entry"
[95m35  : [0m[90;2m┆ ┆ [0m[90m[2h0m13s] [0m[90m|[0m time="2026-01-12T18:41:06Z" level=debug msg="Kube-router network policy controller metrics tick"
[95m35  : [0m[90;2m┆ ┆ [0m[90m[2h0m16s] [0m[90m|[0m time="2026-01-12T18:41:09Z" level=debug msg="Kube-router network policy controller metrics tick"
[95m35  : [0m[90;2m┆ ┆ [0m[90m[2h0m19s] [0m[90m|[0m time="2026-01-12T18:41:12Z" level=debug msg="Kube-router network policy controller metrics tick"
[95m35  : [0m[90;2m┆ ┆ [0m[90m[2h0m22s] [0m[90m|[0m time="2026-01-12T18:41:15Z" level=debug msg="cgroupv2 io stats: skipping over unmappable dbytes=0 entry"
[95m35  : [0m[90;2m┆ ┆ [0m[90m[2h0m22s] [0m[90m|[0m time="2026-01-12T18:41:15Z" level=debug msg="cgroupv2 io stats: skipping over unmappable dios=0 entry"
[95m35  : [0m[90;2m┆ ┆ [0m[90m[2h0m22s] [0m[90m|[0m time="2026-01-12T18:41:15Z" level=debug msg="Kube-router network policy controller metrics tick"
[95m35  : [0m[90;2m┆ ┆ [0m[90m[2h0m24s] [0m[90m|[0m time="2026-01-12T18:41:18Z" level=debug msg="cgroupv2 io stats: skipping over unmappable dbytes=0 entry"
[95m35  : [0m[90;2m┆ ┆ [0m[90m[2h0m24s] [0m[90m|[0m time="2026-01-12T18:41:18Z" level=debug msg="cgroupv2 io stats: skipping over unmappable dios=0 entry"
[95m35  : [0m[90;2m┆ ┆ [0m[90m[2h0m25s] [0m[90m|[0m time="2026-01-12T18:41:18Z" level=debug msg="Kube-router network policy controller metrics tick"
[95m35  : [0m[90;2m┆ ┆ [0m[90m[2h0m28s] [0m[90m|[0m time="2026-01-12T18:41:21Z" level=debug msg="Kube-router network policy controller metrics tick"
[95m35  : [0m[90;2m┆ ┆ [0m[90m[2h0m31s] [0m[90m|[0m time="2026-01-12T18:41:24Z" level=debug msg="Kube-router network policy controller metrics tick"
[95m35  : [0m[90;2m┆ ┆ [0m[90m[2h0m32s] [0m[90m|[0m time="2026-01-12T18:41:25Z" level=debug msg="cgroupv2 io stats: skipping over unmappable dbytes=0 entry"
[95m35  : [0m[90;2m┆ ┆ [0m[90m[2h0m32s] [0m[90m|[0m time="2026-01-12T18:41:25Z" level=debug msg="cgroupv2 io stats: skipping over unmappable dios=0 entry"
[95m35  : [0m[90;2m┆ ┆ [0m[90m[2h0m34s] [0m[90m|[0m time="2026-01-12T18:41:27Z" level=debug msg="Kube-router network policy controller metrics tick"
[95m35  : [0m[90;2m┆ ┆ [0m[90m[2h0m37s] [0m[90m|[0m time="2026-01-12T18:41:30Z" level=debug msg="Kube-router network policy controller metrics tick"
[95m35  : [0m[90;2m┆ ┆ [0m[90m[2h0m40s] [0m[90m|[0m time="2026-01-12T18:41:33Z" level=debug msg="Kube-router network policy controller metrics tick"
[95m35  : [0m[90;2m┆ ┆ [0m[90m[2h0m41s] [0m[90m|[0m time="2026-01-12T18:41:34Z" level=debug msg="cgroupv2 io stats: skipping over unmappable dbytes=0 entry"
[95m35  : [0m[90;2m┆ ┆ [0m[90m[2h0m41s] [0m[90m|[0m time="2026-01-12T18:41:34Z" level=debug msg="cgroupv2 io stats: skipping over unmappable dios=0 entry"
[95m35  : [0m[90;2m┆ ┆ [0m[90m[2h0m42s] [0m[90m|[0m time="2026-01-12T18:41:35Z" level=debug msg="cgroupv2 io stats: skipping over unmappable dbytes=0 entry"
[95m35  : [0m[90;2m┆ ┆ [0m[90m[2h0m42s] [0m[90m|[0m time="2026-01-12T18:41:35Z" level=debug msg="cgroupv2 io stats: skipping over unmappable dios=0 entry"
[95m35  : [0m[90;2m┆ ┆ [0m[90m[2h0m43s] [0m[90m|[0m time="2026-01-12T18:41:36Z" level=debug msg="Kube-router network policy controller metrics tick"
[95m35  : [0m[90;2m┆ ┆ [0m[90m[2h0m44s] [0m[90m|[0m time="2026-01-12T18:41:37Z" level=info msg="COMPACT compactRev=490 targetCompactRev=618 currentRev=1618"
[95m35  : [0m[90;2m┆ ┆ [0m[90m[2h0m44s] [0m[90m|[0m time="2026-01-12T18:41:37Z" level=info msg="COMPACT deleted 127 rows from 128 revisions in 3.79287ms - compacted to 618/1618"
[95m35  : [0m[90;2m┆ ┆ [0m[90m[2h0m44s] [0m[90m|[0m time="2026-01-12T18:41:37Z" level=info msg="COMPACT compacted from 490 to 618 in 1 transactions over 4ms"
[95m35  : [0m[90;2m┆ ┆ [0m[90m[2h0m46s] [0m[90m|[0m time="2026-01-12T18:41:39Z" level=debug msg="Kube-router network policy controller metrics tick"
[95m35  : [0m[90;2m┆ ┆ [0m[90m[2h0m46s] [0m[90m|[0m W0112 18:41:40.450755      14 info.go:53] Couldn't collect info from any of the files in "/etc/machine-id,/var/lib/dbus/machine-id"
[95m35  : [0m[90;2m┆ ┆ [0m[90m[2h0m49s] [0m[90m|[0m time="2026-01-12T18:41:42Z" level=debug msg="Kube-router network policy controller metrics tick"
[95m35  : [0m[90;2m┆ ┆ [0m[90m[2h0m52s] [0m[90m|[0m time="2026-01-12T18:41:45Z" level=debug msg="cgroupv2 io stats: skipping over unmappable dbytes=0 entry"
[95m35  : [0m[90;2m┆ ┆ [0m[90m[2h0m52s] [0m[90m|[0m time="2026-01-12T18:41:45Z" level=debug msg="cgroupv2 io stats: skipping over unmappable dios=0 entry"
[95m35  : [0m[90;2m┆ ┆ [0m[90m[2h0m52s] [0m[90m|[0m time="2026-01-12T18:41:45Z" level=debug msg="Kube-router network policy controller metrics tick"
[95m35  : [0m[90;2m┆ ┆ [0m[90m[2h0m55s] [0m[90m|[0m time="2026-01-12T18:41:48Z" level=debug msg="Kube-router network policy controller metrics tick"
[95m35  : [0m[90;2m┆ ┆ [0m[90m[2h0m58s] [0m[90m|[0m time="2026-01-12T18:41:51Z" level=debug msg="Kube-router network policy controller metrics tick"
[95m35  : [0m[90;2m┆ ┆ [0m[90m[2h1m0s] [0m[90m|[0m time="2026-01-12T18:41:54Z" level=debug msg="cgroupv2 io stats: skipping over unmappable dbytes=0 entry"
[95m35  : [0m[90;2m┆ ┆ [0m[90m[2h1m0s] [0m[90m|[0m time="2026-01-12T18:41:54Z" level=debug msg="cgroupv2 io stats: skipping over unmappable dios=0 entry"
[95m35  : [0m[90;2m┆ ┆ [0m[90m[2h1m1s] [0m[90m|[0m time="2026-01-12T18:41:54Z" level=debug msg="Kube-router network policy controller metrics tick"
[95m35  : [0m[90;2m┆ ┆ [0m[90m[2h1m2s] [0m[90m|[0m time="2026-01-12T18:41:55Z" level=debug msg="cgroupv2 io stats: skipping over unmappable dbytes=0 entry"
[95m35  : [0m[90;2m┆ ┆ [0m[90m[2h1m2s] [0m[90m|[0m time="2026-01-12T18:41:55Z" level=debug msg="cgroupv2 io stats: skipping over unmappable dios=0 entry"
[95m35  : [0m[90;2m┆ ┆ [0m[90m[2h1m4s] [0m[90m|[0m time="2026-01-12T18:41:57Z" level=debug msg="Kube-router network policy controller metrics tick"
[95m35  : [0m[90;2m┆ ┆ [0m[90m[2h1m7s] [0m[90m|[0m time="2026-01-12T18:42:00Z" level=debug msg="Kube-router network policy controller metrics tick"
[95m35  : [0m[90;2m┆ ┆ [0m[90m[2h1m10s] [0m[90m|[0m time="2026-01-12T18:42:03Z" level=debug msg="Kube-router network policy controller metrics tick"
[95m35  : [0m[90;2m┆ ┆ [0m[90m[2h1m11s] [0m[90m|[0m time="2026-01-12T18:42:05Z" level=debug msg="cgroupv2 io stats: skipping over unmappable dbytes=0 entry"
[95m35  : [0m[90;2m┆ ┆ [0m[90m[2h1m11s] [0m[90m|[0m time="2026-01-12T18:42:05Z" level=debug msg="cgroupv2 io stats: skipping over unmappable dios=0 entry"
[95m35  : [0m[90;2m┆ ┆ [0m[90m[2h1m12s] [0m[90m|[0m time="2026-01-12T18:42:05Z" level=debug msg="cgroupv2 io stats: skipping over unmappable dbytes=0 entry"
[95m35  : [0m[90;2m┆ ┆ [0m[90m[2h1m12s] [0m[90m|[0m time="2026-01-12T18:42:05Z" level=debug msg="cgroupv2 io stats: skipping over unmappable dios=0 entry"
[95m35  : [0m[90;2m┆ ┆ [0m[90m[2h1m13s] [0m[90m|[0m time="2026-01-12T18:42:06Z" level=debug msg="Kube-router network policy controller metrics tick"
[95m35  : [0m[90;2m┆ ┆ [0m[90m[2h1m16s] [0m[90m|[0m time="2026-01-12T18:42:09Z" level=debug msg="Kube-router network policy controller metrics tick"
[95m35  : [0m[90;2m┆ ┆ [0m[90m[2h1m19s] [0m[90m|[0m time="2026-01-12T18:42:12Z" level=debug msg="Kube-router network policy controller metrics tick"
[95m35  : [0m[90;2m┆ ┆ [0m[90m[2h1m22s] [0m[90m|[0m time="2026-01-12T18:42:15Z" level=debug msg="cgroupv2 io stats: skipping over unmappable dbytes=0 entry"
[95m35  : [0m[90;2m┆ ┆ [0m[90m[2h1m22s] [0m[90m|[0m time="2026-01-12T18:42:15Z" level=debug msg="cgroupv2 io stats: skipping over unmappable dios=0 entry"
[95m35  : [0m[90;2m┆ ┆ [0m[90m[2h1m22s] [0m[90m|[0m time="2026-01-12T18:42:15Z" level=debug msg="Kube-router network policy controller metrics tick"
[95m35  : [0m[90;2m┆ ┆ [0m[90m[2h1m25s] [0m[90m|[0m time="2026-01-12T18:42:18Z" level=debug msg="Kube-router network policy controller metrics tick"
[95m35  : [0m[90;2m┆ ┆ [0m[90m[2h1m28s] [0m[90m|[0m time="2026-01-12T18:42:21Z" level=debug msg="cgroupv2 io stats: skipping over unmappable dbytes=0 entry"
[95m35  : [0m[90;2m┆ ┆ [0m[90m[2h1m28s] [0m[90m|[0m time="2026-01-12T18:42:21Z" level=debug msg="cgroupv2 io stats: skipping over unmappable dios=0 entry"
[95m35  : [0m[90;2m┆ ┆ [0m[90m[2h1m28s] [0m[90m|[0m time="2026-01-12T18:42:21Z" level=debug msg="Kube-router network policy controller metrics tick"
[95m35  : [0m[90;2m┆ ┆ [0m[90m[2h1m31s] [0m[90m|[0m time="2026-01-12T18:42:24Z" level=debug msg="Kube-router network policy controller metrics tick"
[95m35  : [0m[90;2m┆ ┆ [0m[90m[2h1m32s] [0m[90m|[0m time="2026-01-12T18:42:25Z" level=debug msg="cgroupv2 io stats: skipping over unmappable dbytes=0 entry"
[95m35  : [0m[90;2m┆ ┆ [0m[90m[2h1m32s] [0m[90m|[0m time="2026-01-12T18:42:25Z" level=debug msg="cgroupv2 io stats: skipping over unmappable dios=0 entry"
[95m35  : [0m[90;2m┆ ┆ [0m[90m[2h1m34s] [0m[90m|[0m time="2026-01-12T18:42:27Z" level=debug msg="Kube-router network policy controller metrics tick"
[95m35  : [0m[90;2m┆ ┆ [0m[90m[2h1m37s] [0m[90m|[0m time="2026-01-12T18:42:30Z" level=debug msg="Kube-router network policy controller metrics tick"
[95m35  : [0m[90;2m┆ ┆ [0m[90m[2h1m38s] [0m[90m|[0m time="2026-01-12T18:42:31Z" level=debug msg="cgroupv2 io stats: skipping over unmappable dbytes=0 entry"
[95m35  : [0m[90;2m┆ ┆ [0m[90m[2h1m38s] [0m[90m|[0m time="2026-01-12T18:42:31Z" level=debug msg="cgroupv2 io stats: skipping over unmappable dios=0 entry"
[95m35  : [0m[90;2m┆ ┆ [0m[90m[2h1m40s] [0m[90m|[0m time="2026-01-12T18:42:33Z" level=debug msg="Kube-router network policy controller metrics tick"
[95m35  : [0m[90;2m┆ ┆ [0m[90m[2h1m42s] [0m[90m|[0m time="2026-01-12T18:42:35Z" level=debug msg="cgroupv2 io stats: skipping over unmappable dbytes=0 entry"
[95m35  : [0m[90;2m┆ ┆ [0m[90m[2h1m42s] [0m[90m|[0m time="2026-01-12T18:42:35Z" level=debug msg="cgroupv2 io stats: skipping over unmappable dios=0 entry"
[95m35  : [0m[90;2m┆ ┆ [0m[90m[2h1m43s] [0m[90m|[0m time="2026-01-12T18:42:36Z" level=debug msg="Kube-router network policy controller metrics tick"
[95m35  : [0m[90;2m┆ ┆ [0m[90m[2h1m46s] [0m[90m|[0m time="2026-01-12T18:42:39Z" level=debug msg="Kube-router network policy controller metrics tick"
[95m35  : [0m[90;2m┆ ┆ [0m[90m[2h1m48s] [0m[90m|[0m time="2026-01-12T18:42:42Z" level=debug msg="cgroupv2 io stats: skipping over unmappable dbytes=0 entry"
[95m35  : [0m[90;2m┆ ┆ [0m[90m[2h1m48s] [0m[90m|[0m time="2026-01-12T18:42:42Z" level=debug msg="cgroupv2 io stats: skipping over unmappable dios=0 entry"
[95m35  : [0m[90;2m┆ ┆ [0m[90m[2h1m49s] [0m[90m|[0m time="2026-01-12T18:42:42Z" level=debug msg="Kube-router network policy controller metrics tick"
[95m35  : [0m[90;2m┆ ┆ [0m[90m[2h1m52s] [0m[90m|[0m time="2026-01-12T18:42:45Z" level=debug msg="cgroupv2 io stats: skipping over unmappable dbytes=0 entry"
[95m35  : [0m[90;2m┆ ┆ [0m[90m[2h1m52s] [0m[90m|[0m time="2026-01-12T18:42:45Z" level=debug msg="cgroupv2 io stats: skipping over unmappable dios=0 entry"
[95m35  : [0m[90;2m┆ ┆ [0m[90m[2h1m52s] [0m[90m|[0m time="2026-01-12T18:42:45Z" level=debug msg="Kube-router network policy controller metrics tick"
[95m35  : [0m[90;2m┆ ┆ [0m[90m[2h1m55s] [0m[90m|[0m time="2026-01-12T18:42:48Z" level=debug msg="Kube-router network policy controller metrics tick"
[95m35  : [0m[90;2m┆ ┆ [0m[90m[2h1m58s] [0m[90m|[0m time="2026-01-12T18:42:51Z" level=debug msg="Kube-router network policy controller metrics tick"
[95m35  : [0m[90;2m┆ ┆ [0m[90m[2h2m1s] [0m[90m|[0m time="2026-01-12T18:42:54Z" level=debug msg="Kube-router network policy controller metrics tick"
[95m35  : [0m[90;2m┆ ┆ [0m[90m[2h2m2s] [0m[90m|[0m time="2026-01-12T18:42:55Z" level=debug msg="cgroupv2 io stats: skipping over unmappable dbytes=0 entry"
[95m35  : [0m[90;2m┆ ┆ [0m[90m[2h2m2s] [0m[90m|[0m time="2026-01-12T18:42:55Z" level=debug msg="cgroupv2 io stats: skipping over unmappable dios=0 entry"
[95m35  : [0m[90;2m┆ ┆ [0m[90m[2h2m4s] [0m[90m|[0m time="2026-01-12T18:42:57Z" level=debug msg="Kube-router network policy controller metrics tick"
[95m35  : [0m[90;2m┆ ┆ [0m[90m[2h2m4s] [0m[90m|[0m time="2026-01-12T18:42:58Z" level=debug msg="cgroupv2 io stats: skipping over unmappable dbytes=0 entry"
[95m35  : [0m[90;2m┆ ┆ [0m[90m[2h2m4s] [0m[90m|[0m time="2026-01-12T18:42:58Z" level=debug msg="cgroupv2 io stats: skipping over unmappable dios=0 entry"
[95m35  : [0m[90;2m┆ ┆ [0m[90m[2h2m7s] [0m[90m|[0m time="2026-01-12T18:43:00Z" level=debug msg="Kube-router network policy controller metrics tick"
[95m35  : [0m[90;2m┆ ┆ [0m[90m[2h2m10s] [0m[90m|[0m time="2026-01-12T18:43:03Z" level=debug msg="Kube-router network policy controller metrics tick"
[95m35  : [0m[90;2m┆ ┆ [0m[90m[2h2m12s] [0m[90m|[0m time="2026-01-12T18:43:05Z" level=debug msg="cgroupv2 io stats: skipping over unmappable dbytes=0 entry"
[95m35  : [0m[90;2m┆ ┆ [0m[90m[2h2m12s] [0m[90m|[0m time="2026-01-12T18:43:05Z" level=debug msg="cgroupv2 io stats: skipping over unmappable dios=0 entry"
[95m35  : [0m[90;2m┆ ┆ [0m[90m[2h2m13s] [0m[90m|[0m time="2026-01-12T18:43:06Z" level=debug msg="Kube-router network policy controller metrics tick"
[95m35  : [0m[90;2m┆ ┆ [0m[90m[2h2m16s] [0m[90m|[0m time="2026-01-12T18:43:09Z" level=debug msg="Kube-router network policy controller metrics tick"
[95m35  : [0m[90;2m┆ ┆ [0m[90m[2h2m19s] [0m[90m|[0m time="2026-01-12T18:43:12Z" level=debug msg="Kube-router network policy controller metrics tick"
[95m35  : [0m[90;2m┆ ┆ [0m[90m[2h2m22s] [0m[90m|[0m time="2026-01-12T18:43:15Z" level=debug msg="cgroupv2 io stats: skipping over unmappable dbytes=0 entry"
[95m35  : [0m[90;2m┆ ┆ [0m[90m[2h2m22s] [0m[90m|[0m time="2026-01-12T18:43:15Z" level=debug msg="cgroupv2 io stats: skipping over unmappable dios=0 entry"
[95m35  : [0m[90;2m┆ ┆ [0m[90m[2h2m22s] [0m[90m|[0m time="2026-01-12T18:43:15Z" level=debug msg="Kube-router network policy controller metrics tick"
[95m35  : [0m[90;2m┆ ┆ [0m[90m[2h2m23s] [0m[90m|[0m time="2026-01-12T18:43:17Z" level=debug msg="cgroupv2 io stats: skipping over unmappable dbytes=0 entry"
[95m35  : [0m[90;2m┆ ┆ [0m[90m[2h2m23s] [0m[90m|[0m time="2026-01-12T18:43:17Z" level=debug msg="cgroupv2 io stats: skipping over unmappable dios=0 entry"
[95m35  : [0m[90;2m┆ ┆ [0m[90m[2h2m25s] [0m[90m|[0m time="2026-01-12T18:43:18Z" level=debug msg="Kube-router network policy controller metrics tick"
[95m35  : [0m[90;2m┆ ┆ [0m[90m[2h2m28s] [0m[90m|[0m time="2026-01-12T18:43:21Z" level=debug msg="Kube-router network policy controller metrics tick"
[95m35  : [0m[90;2m┆ ┆ [0m[90m[2h2m31s] [0m[90m|[0m time="2026-01-12T18:43:24Z" level=debug msg="Kube-router network policy controller metrics tick"
[95m35  : [0m[90;2m┆ ┆ [0m[90m[2h2m32s] [0m[90m|[0m time="2026-01-12T18:43:25Z" level=debug msg="cgroupv2 io stats: skipping over unmappable dbytes=0 entry"
[95m35  : [0m[90;2m┆ ┆ [0m[90m[2h2m32s] [0m[90m|[0m time="2026-01-12T18:43:25Z" level=debug msg="cgroupv2 io stats: skipping over unmappable dios=0 entry"
[95m35  : [0m[90;2m┆ ┆ [0m[90m[2h2m34s] [0m[90m|[0m time="2026-01-12T18:43:27Z" level=debug msg="Kube-router network policy controller metrics tick"
[95m35  : [0m[90;2m┆ ┆ [0m[90m[2h2m37s] [0m[90m|[0m time="2026-01-12T18:43:30Z" level=debug msg="Kube-router network policy controller metrics tick"
[95m35  : [0m[90;2m┆ ┆ [0m[90m[2h2m38s] [0m[90m|[0m time="2026-01-12T18:43:32Z" level=debug msg="cgroupv2 io stats: skipping over unmappable dbytes=0 entry"
[95m35  : [0m[90;2m┆ ┆ [0m[90m[2h2m38s] [0m[90m|[0m time="2026-01-12T18:43:32Z" level=debug msg="cgroupv2 io stats: skipping over unmappable dios=0 entry"
[95m35  : [0m[90;2m┆ ┆ [0m[90m[2h2m40s] [0m[90m|[0m time="2026-01-12T18:43:33Z" level=debug msg="Kube-router network policy controller metrics tick"
[95m35  : [0m[90;2m┆ ┆ [0m[90m[2h2m42s] [0m[90m|[0m time="2026-01-12T18:43:35Z" level=debug msg="cgroupv2 io stats: skipping over unmappable dbytes=0 entry"
[95m35  : [0m[90;2m┆ ┆ [0m[90m[2h2m42s] [0m[90m|[0m time="2026-01-12T18:43:35Z" level=debug msg="cgroupv2 io stats: skipping over unmappable dios=0 entry"
[95m35  : [0m[90;2m┆ ┆ [0m[90m[2h2m43s] [0m[90m|[0m time="2026-01-12T18:43:36Z" level=debug msg="Kube-router network policy controller metrics tick"
[95m35  : [0m[90;2m┆ ┆ [0m[90m[2h2m46s] [0m[90m|[0m time="2026-01-12T18:43:39Z" level=debug msg="Kube-router network policy controller metrics tick"
[95m35  : [0m[90;2m┆ ┆ [0m[90m[2h2m49s] [0m[90m|[0m time="2026-01-12T18:43:42Z" level=debug msg="Kube-router network policy controller metrics tick"
[95m35  : [0m[90;2m┆ ┆ [0m[90m[2h2m52s] [0m[90m|[0m time="2026-01-12T18:43:45Z" level=debug msg="cgroupv2 io stats: skipping over unmappable dbytes=0 entry"
[95m35  : [0m[90;2m┆ ┆ [0m[90m[2h2m52s] [0m[90m|[0m time="2026-01-12T18:43:45Z" level=debug msg="cgroupv2 io stats: skipping over unmappable dios=0 entry"
[95m35  : [0m[90;2m┆ ┆ [0m[90m[2h2m52s] [0m[90m|[0m time="2026-01-12T18:43:45Z" level=debug msg="Kube-router network policy controller metrics tick"
[95m35  : [0m[90;2m┆ ┆ [0m[90m[2h2m55s] [0m[90m|[0m time="2026-01-12T18:43:48Z" level=debug msg="Kube-router network policy controller metrics tick"
[95m35  : [0m[90;2m┆ ┆ [0m[90m[2h2m57s] [0m[90m|[0m time="2026-01-12T18:43:50Z" level=debug msg="cgroupv2 io stats: skipping over unmappable dbytes=0 entry"
[95m35  : [0m[90;2m┆ ┆ [0m[90m[2h2m57s] [0m[90m|[0m time="2026-01-12T18:43:50Z" level=debug msg="cgroupv2 io stats: skipping over unmappable dios=0 entry"
[95m35  : [0m[90;2m┆ ┆ [0m[90m[2h2m58s] [0m[90m|[0m time="2026-01-12T18:43:51Z" level=debug msg="Kube-router network policy controller metrics tick"
[95m35  : [0m[90;2m┆ ┆ [0m[90m[2h3m1s] [0m[90m|[0m time="2026-01-12T18:43:54Z" level=debug msg="Kube-router network policy controller metrics tick"
[95m35  : [0m[90;2m┆ ┆ [0m[90m[2h3m2s] [0m[90m|[0m time="2026-01-12T18:43:55Z" level=debug msg="cgroupv2 io stats: skipping over unmappable dbytes=0 entry"
[95m35  : [0m[90;2m┆ ┆ [0m[90m[2h3m2s] [0m[90m|[0m time="2026-01-12T18:43:55Z" level=debug msg="cgroupv2 io stats: skipping over unmappable dios=0 entry"
[95m35  : [0m[90;2m┆ ┆ [0m[90m[2h3m4s] [0m[90m|[0m time="2026-01-12T18:43:57Z" level=debug msg="Kube-router network policy controller metrics tick"
[95m35  : [0m[90;2m┆ ┆ [0m[90m[2h3m7s] [0m[90m|[0m time="2026-01-12T18:44:00Z" level=debug msg="Kube-router network policy controller metrics tick"
[95m35  : [0m[90;2m┆ ┆ [0m[90m[2h3m10s] [0m[90m|[0m time="2026-01-12T18:44:03Z" level=debug msg="Kube-router network policy controller metrics tick"
[95m35  : [0m[90;2m┆ ┆ [0m[90m[2h3m12s] [0m[90m|[0m time="2026-01-12T18:44:05Z" level=debug msg="cgroupv2 io stats: skipping over unmappable dbytes=0 entry"
[95m35  : [0m[90;2m┆ ┆ [0m[90m[2h3m12s] [0m[90m|[0m time="2026-01-12T18:44:05Z" level=debug msg="cgroupv2 io stats: skipping over unmappable dios=0 entry"
[95m35  : [0m[90;2m┆ ┆ [0m[90m[2h3m13s] [0m[90m|[0m time="2026-01-12T18:44:06Z" level=debug msg="Kube-router network policy controller metrics tick"
[95m35  : [0m[90;2m┆ ┆ [0m[90m[2h3m14s] [0m[90m|[0m time="2026-01-12T18:44:07Z" level=debug msg="cgroupv2 io stats: skipping over unmappable dbytes=0 entry"
[95m35  : [0m[90;2m┆ ┆ [0m[90m[2h3m14s] [0m[90m|[0m time="2026-01-12T18:44:07Z" level=debug msg="cgroupv2 io stats: skipping over unmappable dios=0 entry"
[95m35  : [0m[90;2m┆ ┆ [0m[90m[2h3m16s] [0m[90m|[0m time="2026-01-12T18:44:09Z" level=debug msg="Kube-router network policy controller metrics tick"
[95m35  : [0m[90;2m┆ ┆ [0m[90m[2h3m19s] [0m[90m|[0m time="2026-01-12T18:44:12Z" level=debug msg="Kube-router network policy controller metrics tick"
[95m35  : [0m[90;2m┆ ┆ [0m[90m[2h3m22s] [0m[90m|[0m time="2026-01-12T18:44:15Z" level=debug msg="cgroupv2 io stats: skipping over unmappable dbytes=0 entry"
[95m35  : [0m[90;2m┆ ┆ [0m[90m[2h3m22s] [0m[90m|[0m time="2026-01-12T18:44:15Z" level=debug msg="cgroupv2 io stats: skipping over unmappable dios=0 entry"
[95m35  : [0m[90;2m┆ ┆ [0m[90m[2h3m22s] [0m[90m|[0m time="2026-01-12T18:44:15Z" level=debug msg="Kube-router network policy controller metrics tick"
[95m35  : [0m[90;2m┆ ┆ [0m[90m[2h3m24s] [0m[90m|[0m time="2026-01-12T18:44:18Z" level=debug msg="cgroupv2 io stats: skipping over unmappable dbytes=0 entry"
[95m35  : [0m[90;2m┆ ┆ [0m[90m[2h3m24s] [0m[90m|[0m time="2026-01-12T18:44:18Z" level=debug msg="cgroupv2 io stats: skipping over unmappable dios=0 entry"
[95m35  : [0m[90;2m┆ ┆ [0m[90m[2h3m25s] [0m[90m|[0m time="2026-01-12T18:44:18Z" level=debug msg="Kube-router network policy controller metrics tick"
[95m35  : [0m[90;2m┆ ┆ [0m[90m[2h3m28s] [0m[90m|[0m time="2026-01-12T18:44:21Z" level=debug msg="Kube-router network policy controller metrics tick"
[95m35  : [0m[90;2m┆ ┆ [0m[90m[2h3m31s] [0m[90m|[0m time="2026-01-12T18:44:24Z" level=debug msg="Kube-router network policy controller metrics tick"
[95m35  : [0m[90;2m┆ ┆ [0m[90m[2h3m32s] [0m[90m|[0m time="2026-01-12T18:44:25Z" level=debug msg="cgroupv2 io stats: skipping over unmappable dbytes=0 entry"
[95m35  : [0m[90;2m┆ ┆ [0m[90m[2h3m32s] [0m[90m|[0m time="2026-01-12T18:44:25Z" level=debug msg="cgroupv2 io stats: skipping over unmappable dios=0 entry"
[95m35  : [0m[90;2m┆ ┆ [0m[90m[2h3m34s] [0m[90m|[0m time="2026-01-12T18:44:27Z" level=debug msg="Kube-router network policy controller metrics tick"
[95m35  : [0m[90;2m┆ ┆ [0m[90m[2h3m37s] [0m[90m|[0m time="2026-01-12T18:44:30Z" level=debug msg="Kube-router network policy controller metrics tick"
[95m35  : [0m[90;2m┆ ┆ [0m[90m[2h3m40s] [0m[90m|[0m time="2026-01-12T18:44:33Z" level=debug msg="Kube-router network policy controller metrics tick"
[95m35  : [0m[90;2m┆ ┆ [0m[90m[2h3m42s] [0m[90m|[0m time="2026-01-12T18:44:35Z" level=debug msg="cgroupv2 io stats: skipping over unmappable dbytes=0 entry"
[95m35  : [0m[90;2m┆ ┆ [0m[90m[2h3m42s] [0m[90m|[0m time="2026-01-12T18:44:35Z" level=debug msg="cgroupv2 io stats: skipping over unmappable dios=0 entry"
[95m35  : [0m[90;2m┆ ┆ [0m[90m[2h3m43s] [0m[90m|[0m time="2026-01-12T18:44:36Z" level=debug msg="Kube-router network policy controller metrics tick"
[95m35  : [0m[90;2m┆ ┆ [0m[90m[2h3m43s] [0m[90m|[0m time="2026-01-12T18:44:37Z" level=debug msg="cgroupv2 io stats: skipping over unmappable dbytes=0 entry"
[95m35  : [0m[90;2m┆ ┆ [0m[90m[2h3m43s] [0m[90m|[0m time="2026-01-12T18:44:37Z" level=debug msg="cgroupv2 io stats: skipping over unmappable dios=0 entry"
[95m35  : [0m[90;2m┆ ┆ [0m[90m[2h3m46s] [0m[90m|[0m time="2026-01-12T18:44:39Z" level=debug msg="Kube-router network policy controller metrics tick"
[95m35  : [0m[90;2m┆ ┆ [0m[90m[2h3m49s] [0m[90m|[0m time="2026-01-12T18:44:42Z" level=debug msg="Kube-router network policy controller metrics tick"
[95m35  : [0m[90;2m┆ ┆ [0m[90m[2h3m52s] [0m[90m|[0m time="2026-01-12T18:44:45Z" level=debug msg="cgroupv2 io stats: skipping over unmappable dbytes=0 entry"
[95m35  : [0m[90;2m┆ ┆ [0m[90m[2h3m52s] [0m[90m|[0m time="2026-01-12T18:44:45Z" level=debug msg="cgroupv2 io stats: skipping over unmappable dios=0 entry"
[95m35  : [0m[90;2m┆ ┆ [0m[90m[2h3m52s] [0m[90m|[0m time="2026-01-12T18:44:45Z" level=debug msg="Kube-router network policy controller metrics tick"
[95m35  : [0m[90;2m┆ ┆ [0m[90m[2h3m55s] [0m[90m|[0m time="2026-01-12T18:44:48Z" level=debug msg="Kube-router network policy controller metrics tick"
[95m35  : [0m[90;2m┆ ┆ [0m[90m[2h3m58s] [0m[90m|[0m time="2026-01-12T18:44:51Z" level=debug msg="Kube-router network policy controller metrics tick"
[95m35  : [0m[90;2m┆ ┆ [0m[90m[2h4m1s] [0m[90m|[0m time="2026-01-12T18:44:54Z" level=debug msg="Kube-router network policy controller metrics tick"
[95m35  : [0m[90;2m┆ ┆ [0m[90m[2h4m2s] [0m[90m|[0m time="2026-01-12T18:44:55Z" level=debug msg="cgroupv2 io stats: skipping over unmappable dbytes=0 entry"
[95m35  : [0m[90;2m┆ ┆ [0m[90m[2h4m2s] [0m[90m|[0m time="2026-01-12T18:44:55Z" level=debug msg="cgroupv2 io stats: skipping over unmappable dios=0 entry"
[95m35  : [0m[90;2m┆ ┆ [0m[90m[2h4m2s] [0m[90m|[0m time="2026-01-12T18:44:55Z" level=debug msg="cgroupv2 io stats: skipping over unmappable dbytes=0 entry"
[95m35  : [0m[90;2m┆ ┆ [0m[90m[2h4m2s] [0m[90m|[0m time="2026-01-12T18:44:55Z" level=debug msg="cgroupv2 io stats: skipping over unmappable dios=0 entry"
[95m35  : [0m[90;2m┆ ┆ [0m[90m[2h4m4s] [0m[90m|[0m time="2026-01-12T18:44:57Z" level=debug msg="Kube-router network policy controller metrics tick"
[95m35  : [0m[90;2m┆ ┆ [0m[90m[2h4m7s] [0m[90m|[0m time="2026-01-12T18:45:00Z" level=debug msg="Kube-router network policy controller metrics tick"
[95m35  : [0m[90;2m┆ ┆ [0m[90m[2h4m10s] [0m[90m|[0m time="2026-01-12T18:45:03Z" level=debug msg="Kube-router network policy controller metrics tick"
[95m35  : [0m[90;2m┆ ┆ [0m[90m[2h4m12s] [0m[90m|[0m time="2026-01-12T18:45:05Z" level=debug msg="cgroupv2 io stats: skipping over unmappable dbytes=0 entry"
[95m35  : [0m[90;2m┆ ┆ [0m[90m[2h4m12s] [0m[90m|[0m time="2026-01-12T18:45:05Z" level=debug msg="cgroupv2 io stats: skipping over unmappable dios=0 entry"
[95m35  : [0m[90;2m┆ ┆ [0m[90m[2h4m13s] [0m[90m|[0m time="2026-01-12T18:45:06Z" level=debug msg="Kube-router network policy controller metrics tick"
[95m35  : [0m[90;2m┆ ┆ [0m[90m[2h4m16s] [0m[90m|[0m time="2026-01-12T18:45:09Z" level=debug msg="Kube-router network policy controller metrics tick"
[95m35  : [0m[90;2m┆ ┆ [0m[90m[2h4m18s] [0m[90m|[0m time="2026-01-12T18:45:11Z" level=debug msg="cgroupv2 io stats: skipping over unmappable dbytes=0 entry"
[95m35  : [0m[90;2m┆ ┆ [0m[90m[2h4m18s] [0m[90m|[0m time="2026-01-12T18:45:11Z" level=debug msg="cgroupv2 io stats: skipping over unmappable dios=0 entry"
[95m35  : [0m[90;2m┆ ┆ [0m[90m[2h4m19s] [0m[90m|[0m time="2026-01-12T18:45:12Z" level=debug msg="Kube-router network policy controller metrics tick"
[95m35  : [0m[90;2m┆ ┆ [0m[90m[2h4m22s] [0m[90m|[0m time="2026-01-12T18:45:15Z" level=debug msg="cgroupv2 io stats: skipping over unmappable dbytes=0 entry"
[95m35  : [0m[90;2m┆ ┆ [0m[90m[2h4m22s] [0m[90m|[0m time="2026-01-12T18:45:15Z" level=debug msg="cgroupv2 io stats: skipping over unmappable dios=0 entry"
[95m35  : [0m[90;2m┆ ┆ [0m[90m[2h4m22s] [0m[90m|[0m time="2026-01-12T18:45:15Z" level=debug msg="Kube-router network policy controller metrics tick"
[95m35  : [0m[90;2m┆ ┆ [0m[90m[2h4m25s] [0m[90m|[0m time="2026-01-12T18:45:18Z" level=debug msg="Kube-router network policy controller metrics tick"
[95m35  : [0m[90;2m┆ ┆ [0m[90m[2h4m28s] [0m[90m|[0m time="2026-01-12T18:45:21Z" level=debug msg="Kube-router network policy controller metrics tick"
[95m35  : [0m[90;2m┆ ┆ [0m[90m[2h4m31s] [0m[90m|[0m time="2026-01-12T18:45:24Z" level=debug msg="Kube-router network policy controller metrics tick"
[95m35  : [0m[90;2m┆ ┆ [0m[90m[2h4m32s] [0m[90m|[0m time="2026-01-12T18:45:25Z" level=debug msg="cgroupv2 io stats: skipping over unmappable dbytes=0 entry"
[95m35  : [0m[90;2m┆ ┆ [0m[90m[2h4m32s] [0m[90m|[0m time="2026-01-12T18:45:25Z" level=debug msg="cgroupv2 io stats: skipping over unmappable dios=0 entry"
[95m35  : [0m[90;2m┆ ┆ [0m[90m[2h4m32s] [0m[90m|[0m time="2026-01-12T18:45:25Z" level=debug msg="cgroupv2 io stats: skipping over unmappable dbytes=0 entry"
[95m35  : [0m[90;2m┆ ┆ [0m[90m[2h4m32s] [0m[90m|[0m time="2026-01-12T18:45:25Z" level=debug msg="cgroupv2 io stats: skipping over unmappable dios=0 entry"
[95m35  : [0m[90;2m┆ ┆ [0m[90m[2h4m34s] [0m[90m|[0m time="2026-01-12T18:45:27Z" level=debug msg="Kube-router network policy controller metrics tick"
[95m35  : [0m[90;2m┆ ┆ [0m[90m[2h4m37s] [0m[90m|[0m time="2026-01-12T18:45:30Z" level=debug msg="Kube-router network policy controller metrics tick"
[95m35  : [0m[90;2m┆ ┆ [0m[90m[2h4m40s] [0m[90m|[0m time="2026-01-12T18:45:33Z" level=debug msg="Kube-router network policy controller metrics tick"
[95m35  : [0m[90;2m┆ ┆ [0m[90m[2h4m42s] [0m[90m|[0m time="2026-01-12T18:45:35Z" level=debug msg="cgroupv2 io stats: skipping over unmappable dbytes=0 entry"
[95m35  : [0m[90;2m┆ ┆ [0m[90m[2h4m42s] [0m[90m|[0m time="2026-01-12T18:45:35Z" level=debug msg="cgroupv2 io stats: skipping over unmappable dios=0 entry"
[95m35  : [0m[90;2m┆ ┆ [0m[90m[2h4m42s] [0m[90m|[0m time="2026-01-12T18:45:36Z" level=debug msg="cgroupv2 io stats: skipping over unmappable dbytes=0 entry"
[95m35  : [0m[90;2m┆ ┆ [0m[90m[2h4m42s] [0m[90m|[0m time="2026-01-12T18:45:36Z" level=debug msg="cgroupv2 io stats: skipping over unmappable dios=0 entry"
[95m35  : [0m[90;2m┆ ┆ [0m[90m[2h4m43s] [0m[90m|[0m time="2026-01-12T18:45:36Z" level=debug msg="Kube-router network policy controller metrics tick"
[95m35  : [0m[90;2m┆ ┆ [0m[90m[2h4m46s] [0m[90m|[0m time="2026-01-12T18:45:39Z" level=debug msg="Kube-router network policy controller metrics tick"
[95m35  : [0m[90;2m┆ ┆ [0m[90m[2h4m49s] [0m[90m|[0m time="2026-01-12T18:45:42Z" level=debug msg="Kube-router network policy controller metrics tick"
[95m35  : [0m[90;2m┆ ┆ [0m[90m[2h4m52s] [0m[90m|[0m time="2026-01-12T18:45:45Z" level=debug msg="Kube-router network policy controller metrics tick"
[95m35  : [0m[90;2m┆ ┆ [0m[90m[2h4m52s] [0m[90m|[0m time="2026-01-12T18:45:45Z" level=debug msg="cgroupv2 io stats: skipping over unmappable dbytes=0 entry"
[95m35  : [0m[90;2m┆ ┆ [0m[90m[2h4m52s] [0m[90m|[0m time="2026-01-12T18:45:45Z" level=debug msg="cgroupv2 io stats: skipping over unmappable dios=0 entry"
[95m35  : [0m[90;2m┆ ┆ [0m[90m[2h4m55s] [0m[90m|[0m time="2026-01-12T18:45:48Z" level=debug msg="Kube-router network policy controller metrics tick"
[95m35  : [0m[90;2m┆ ┆ [0m[90m[2h4m58s] [0m[90m|[0m time="2026-01-12T18:45:51Z" level=debug msg="Kube-router network policy controller metrics tick"
[95m35  : [0m[90;2m┆ ┆ [0m[90m[2h5m0s] [0m[90m|[0m time="2026-01-12T18:45:54Z" level=debug msg="cgroupv2 io stats: skipping over unmappable dbytes=0 entry"
[95m35  : [0m[90;2m┆ ┆ [0m[90m[2h5m0s] [0m[90m|[0m time="2026-01-12T18:45:54Z" level=debug msg="cgroupv2 io stats: skipping over unmappable dios=0 entry"
[95m35  : [0m[90;2m┆ ┆ [0m[90m[2h5m1s] [0m[90m|[0m time="2026-01-12T18:45:54Z" level=debug msg="Kube-router network policy controller metrics tick"
[95m35  : [0m[90;2m┆ ┆ [0m[90m[2h5m2s] [0m[90m|[0m time="2026-01-12T18:45:55Z" level=debug msg="cgroupv2 io stats: skipping over unmappable dbytes=0 entry"
[95m35  : [0m[90;2m┆ ┆ [0m[90m[2h5m2s] [0m[90m|[0m time="2026-01-12T18:45:55Z" level=debug msg="cgroupv2 io stats: skipping over unmappable dios=0 entry"
[95m35  : [0m[90;2m┆ ┆ [0m[90m[2h5m4s] [0m[90m|[0m time="2026-01-12T18:45:57Z" level=debug msg="Kube-router network policy controller metrics tick"
[95m35  : [0m[90;2m┆ ┆ [0m[90m[2h5m7s] [0m[90m|[0m time="2026-01-12T18:46:00Z" level=debug msg="Kube-router network policy controller metrics tick"
[95m35  : [0m[90;2m┆ ┆ [0m[90m[2h5m10s] [0m[90m|[0m time="2026-01-12T18:46:03Z" level=debug msg="Kube-router network policy controller metrics tick"
[95m35  : [0m[90;2m┆ ┆ [0m[90m[2h5m12s] [0m[90m|[0m time="2026-01-12T18:46:05Z" level=debug msg="cgroupv2 io stats: skipping over unmappable dbytes=0 entry"
[95m35  : [0m[90;2m┆ ┆ [0m[90m[2h5m12s] [0m[90m|[0m time="2026-01-12T18:46:05Z" level=debug msg="cgroupv2 io stats: skipping over unmappable dios=0 entry"
[95m35  : [0m[90;2m┆ ┆ [0m[90m[2h5m13s] [0m[90m|[0m time="2026-01-12T18:46:06Z" level=debug msg="Kube-router network policy controller metrics tick"
[95m35  : [0m[90;2m┆ ┆ [0m[90m[2h5m16s] [0m[90m|[0m time="2026-01-12T18:46:09Z" level=debug msg="Kube-router network policy controller metrics tick"
[95m35  : [0m[90;2m┆ ┆ [0m[90m[2h5m17s] [0m[90m|[0m time="2026-01-12T18:46:10Z" level=debug msg="cgroupv2 io stats: skipping over unmappable dbytes=0 entry"
[95m35  : [0m[90;2m┆ ┆ [0m[90m[2h5m17s] [0m[90m|[0m time="2026-01-12T18:46:10Z" level=debug msg="cgroupv2 io stats: skipping over unmappable dios=0 entry"
[95m35  : [0m[90;2m┆ ┆ [0m[90m[2h5m19s] [0m[90m|[0m time="2026-01-12T18:46:12Z" level=debug msg="Kube-router network policy controller metrics tick"
[95m35  : [0m[90;2m┆ ┆ [0m[90m[2h5m22s] [0m[90m|[0m time="2026-01-12T18:46:15Z" level=debug msg="Kube-router network policy controller metrics tick"
[95m35  : [0m[90;2m┆ ┆ [0m[90m[2h5m22s] [0m[90m|[0m time="2026-01-12T18:46:15Z" level=debug msg="cgroupv2 io stats: skipping over unmappable dbytes=0 entry"
[95m35  : [0m[90;2m┆ ┆ [0m[90m[2h5m22s] [0m[90m|[0m time="2026-01-12T18:46:15Z" level=debug msg="cgroupv2 io stats: skipping over unmappable dios=0 entry"
[95m35  : [0m[90;2m┆ ┆ [0m[90m[2h5m25s] [0m[90m|[0m time="2026-01-12T18:46:18Z" level=debug msg="Kube-router network policy controller metrics tick"
[95m35  : [0m[90;2m┆ ┆ [0m[90m[2h5m28s] [0m[90m|[0m time="2026-01-12T18:46:21Z" level=debug msg="Kube-router network policy controller metrics tick"
[95m35  : [0m[90;2m┆ ┆ [0m[90m[2h5m29s] [0m[90m|[0m time="2026-01-12T18:46:23Z" level=debug msg="cgroupv2 io stats: skipping over unmappable dbytes=0 entry"
[95m35  : [0m[90;2m┆ ┆ [0m[90m[2h5m29s] [0m[90m|[0m time="2026-01-12T18:46:23Z" level=debug msg="cgroupv2 io stats: skipping over unmappable dios=0 entry"
[95m35  : [0m[90;2m┆ ┆ [0m[90m[2h5m31s] [0m[90m|[0m time="2026-01-12T18:46:24Z" level=debug msg="Kube-router network policy controller metrics tick"
[95m35  : [0m[90;2m┆ ┆ [0m[90m[2h5m32s] [0m[90m|[0m time="2026-01-12T18:46:25Z" level=debug msg="cgroupv2 io stats: skipping over unmappable dbytes=0 entry"
[95m35  : [0m[90;2m┆ ┆ [0m[90m[2h5m32s] [0m[90m|[0m time="2026-01-12T18:46:25Z" level=debug msg="cgroupv2 io stats: skipping over unmappable dios=0 entry"
[95m35  : [0m[90;2m┆ ┆ [0m[90m[2h5m34s] [0m[90m|[0m time="2026-01-12T18:46:27Z" level=debug msg="Kube-router network policy controller metrics tick"
[95m35  : [0m[90;2m┆ ┆ [0m[90m[2h5m37s] [0m[90m|[0m time="2026-01-12T18:46:30Z" level=debug msg="Kube-router network policy controller metrics tick"
[95m35  : [0m[90;2m┆ ┆ [0m[90m[2h5m40s] [0m[90m|[0m time="2026-01-12T18:46:33Z" level=debug msg="Kube-router network policy controller metrics tick"
[95m35  : [0m[90;2m┆ ┆ [0m[90m[2h5m41s] [0m[90m|[0m time="2026-01-12T18:46:34Z" level=debug msg="cgroupv2 io stats: skipping over unmappable dbytes=0 entry"
[95m35  : [0m[90;2m┆ ┆ [0m[90m[2h5m41s] [0m[90m|[0m time="2026-01-12T18:46:34Z" level=debug msg="cgroupv2 io stats: skipping over unmappable dios=0 entry"
[95m35  : [0m[90;2m┆ ┆ [0m[90m[2h5m42s] [0m[90m|[0m time="2026-01-12T18:46:35Z" level=debug msg="cgroupv2 io stats: skipping over unmappable dbytes=0 entry"
[95m35  : [0m[90;2m┆ ┆ [0m[90m[2h5m42s] [0m[90m|[0m time="2026-01-12T18:46:35Z" level=debug msg="cgroupv2 io stats: skipping over unmappable dios=0 entry"
[95m35  : [0m[90;2m┆ ┆ [0m[90m[2h5m43s] [0m[90m|[0m time="2026-01-12T18:46:36Z" level=debug msg="Kube-router network policy controller metrics tick"
[95m35  : [0m[90;2m┆ ┆ [0m[90m[2h5m44s] [0m[90m|[0m time="2026-01-12T18:46:37Z" level=info msg="COMPACT compactRev=618 targetCompactRev=709 currentRev=1709"
[95m35  : [0m[90;2m┆ ┆ [0m[90m[2h5m44s] [0m[90m|[0m time="2026-01-12T18:46:37Z" level=info msg="COMPACT deleted 91 rows from 91 revisions in 3.884676ms - compacted to 709/1709"
[95m35  : [0m[90;2m┆ ┆ [0m[90m[2h5m44s] [0m[90m|[0m time="2026-01-12T18:46:37Z" level=info msg="COMPACT compacted from 618 to 709 in 1 transactions over 4ms"
[95m35  : [0m[90;2m┆ ┆ [0m[90m[2h5m44s] [0m[90m|[0m I0112 18:46:37.759126      14 cidrallocator.go:277] updated ClusterIP allocator for Service CIDR 10.43.0.0/16
[95m35  : [0m[90;2m┆ ┆ [0m[90m[2h5m46s] [0m[90m|[0m time="2026-01-12T18:46:39Z" level=debug msg="Kube-router network policy controller metrics tick"
[95m35  : [0m[90;2m┆ ┆ [0m[90m[2h5m46s] [0m[90m|[0m W0112 18:46:40.450711      14 info.go:53] Couldn't collect info from any of the files in "/etc/machine-id,/var/lib/dbus/machine-id"
[95m35  : [0m[90;2m┆ ┆ [0m[90m[2h5m49s] [0m[90m|[0m time="2026-01-12T18:46:42Z" level=debug msg="Kube-router network policy controller metrics tick"
[95m35  : [0m[90;2m┆ ┆ [0m[90m[2h5m52s] [0m[90m|[0m time="2026-01-12T18:46:45Z" level=debug msg="Kube-router network policy controller metrics tick"
[95m35  : [0m[90;2m┆ ┆ [0m[90m[2h5m52s] [0m[90m|[0m time="2026-01-12T18:46:45Z" level=debug msg="cgroupv2 io stats: skipping over unmappable dbytes=0 entry"
[95m35  : [0m[90;2m┆ ┆ [0m[90m[2h5m52s] [0m[90m|[0m time="2026-01-12T18:46:45Z" level=debug msg="cgroupv2 io stats: skipping over unmappable dios=0 entry"
[95m35  : [0m[90;2m┆ ┆ [0m[90m[2h5m55s] [0m[90m|[0m time="2026-01-12T18:46:48Z" level=debug msg="cgroupv2 io stats: skipping over unmappable dbytes=0 entry"
[95m35  : [0m[90;2m┆ ┆ [0m[90m[2h5m55s] [0m[90m|[0m time="2026-01-12T18:46:48Z" level=debug msg="cgroupv2 io stats: skipping over unmappable dios=0 entry"
[95m35  : [0m[90;2m┆ ┆ [0m[90m[2h5m55s] [0m[90m|[0m time="2026-01-12T18:46:48Z" level=debug msg="Kube-router network policy controller metrics tick"
[95m35  : [0m[90;2m┆ ┆ [0m[90m[2h5m58s] [0m[90m|[0m time="2026-01-12T18:46:51Z" level=debug msg="Kube-router network policy controller metrics tick"
[95m35  : [0m[90;2m┆ ┆ [0m[90m[2h6m1s] [0m[90m|[0m time="2026-01-12T18:46:54Z" level=debug msg="Kube-router network policy controller metrics tick"
[95m35  : [0m[90;2m┆ ┆ [0m[90m[2h6m2s] [0m[90m|[0m time="2026-01-12T18:46:55Z" level=debug msg="cgroupv2 io stats: skipping over unmappable dbytes=0 entry"
[95m35  : [0m[90;2m┆ ┆ [0m[90m[2h6m2s] [0m[90m|[0m time="2026-01-12T18:46:55Z" level=debug msg="cgroupv2 io stats: skipping over unmappable dios=0 entry"
[95m35  : [0m[90;2m┆ ┆ [0m[90m[2h6m4s] [0m[90m|[0m time="2026-01-12T18:46:57Z" level=debug msg="Kube-router network policy controller metrics tick"
[95m35  : [0m[90;2m┆ ┆ [0m[90m[2h6m5s] [0m[90m|[0m time="2026-01-12T18:46:59Z" level=debug msg="cgroupv2 io stats: skipping over unmappable dbytes=0 entry"
[95m35  : [0m[90;2m┆ ┆ [0m[90m[2h6m5s] [0m[90m|[0m time="2026-01-12T18:46:59Z" level=debug msg="cgroupv2 io stats: skipping over unmappable dios=0 entry"
[95m35  : [0m[90;2m┆ ┆ [0m[90m[2h6m7s] [0m[90m|[0m time="2026-01-12T18:47:00Z" level=debug msg="Kube-router network policy controller metrics tick"
[95m35  : [0m[90;2m┆ ┆ [0m[90m[2h6m10s] [0m[90m|[0m time="2026-01-12T18:47:03Z" level=debug msg="Kube-router network policy controller metrics tick"
[95m35  : [0m[90;2m┆ ┆ [0m[90m[2h6m12s] [0m[90m|[0m time="2026-01-12T18:47:06Z" level=debug msg="cgroupv2 io stats: skipping over unmappable dbytes=0 entry"
[95m35  : [0m[90;2m┆ ┆ [0m[90m[2h6m12s] [0m[90m|[0m time="2026-01-12T18:47:06Z" level=debug msg="cgroupv2 io stats: skipping over unmappable dios=0 entry"
[95m35  : [0m[90;2m┆ ┆ [0m[90m[2h6m13s] [0m[90m|[0m time="2026-01-12T18:47:06Z" level=debug msg="Kube-router network policy controller metrics tick"
[95m35  : [0m[90;2m┆ ┆ [0m[90m[2h6m16s] [0m[90m|[0m time="2026-01-12T18:47:09Z" level=debug msg="Kube-router network policy controller metrics tick"
[95m35  : [0m[90;2m┆ ┆ [0m[90m[2h6m16s] [0m[90m|[0m time="2026-01-12T18:47:10Z" level=debug msg="cgroupv2 io stats: skipping over unmappable dbytes=0 entry"
[95m35  : [0m[90;2m┆ ┆ [0m[90m[2h6m16s] [0m[90m|[0m time="2026-01-12T18:47:10Z" level=debug msg="cgroupv2 io stats: skipping over unmappable dios=0 entry"
[95m35  : [0m[90;2m┆ ┆ [0m[90m[2h6m19s] [0m[90m|[0m time="2026-01-12T18:47:12Z" level=debug msg="Kube-router network policy controller metrics tick"
[95m35  : [0m[90;2m┆ ┆ [0m[90m[2h6m22s] [0m[90m|[0m time="2026-01-12T18:47:15Z" level=debug msg="Kube-router network policy controller metrics tick"
[95m35  : [0m[90;2m┆ ┆ [0m[90m[2h6m22s] [0m[90m|[0m time="2026-01-12T18:47:16Z" level=debug msg="cgroupv2 io stats: skipping over unmappable dbytes=0 entry"
[95m35  : [0m[90;2m┆ ┆ [0m[90m[2h6m22s] [0m[90m|[0m time="2026-01-12T18:47:16Z" level=debug msg="cgroupv2 io stats: skipping over unmappable dios=0 entry"
[95m35  : [0m[90;2m┆ ┆ [0m[90m[2h6m25s] [0m[90m|[0m time="2026-01-12T18:47:18Z" level=debug msg="Kube-router network policy controller metrics tick"
[95m35  : [0m[90;2m┆ ┆ [0m[90m[2h6m28s] [0m[90m|[0m time="2026-01-12T18:47:21Z" level=debug msg="Kube-router network policy controller metrics tick"
[95m35  : [0m[90;2m┆ ┆ [0m[90m[2h6m31s] [0m[90m|[0m time="2026-01-12T18:47:24Z" level=debug msg="Kube-router network policy controller metrics tick"
[95m35  : [0m[90;2m┆ ┆ [0m[90m[2h6m32s] [0m[90m|[0m time="2026-01-12T18:47:26Z" level=debug msg="cgroupv2 io stats: skipping over unmappable dbytes=0 entry"
[95m35  : [0m[90;2m┆ ┆ [0m[90m[2h6m32s] [0m[90m|[0m time="2026-01-12T18:47:26Z" level=debug msg="cgroupv2 io stats: skipping over unmappable dios=0 entry"
[95m35  : [0m[90;2m┆ ┆ [0m[90m[2h6m34s] [0m[90m|[0m time="2026-01-12T18:47:27Z" level=debug msg="cgroupv2 io stats: skipping over unmappable dbytes=0 entry"
[95m35  : [0m[90;2m┆ ┆ [0m[90m[2h6m34s] [0m[90m|[0m time="2026-01-12T18:47:27Z" level=debug msg="cgroupv2 io stats: skipping over unmappable dios=0 entry"
[95m35  : [0m[90;2m┆ ┆ [0m[90m[2h6m34s] [0m[90m|[0m time="2026-01-12T18:47:27Z" level=debug msg="Kube-router network policy controller metrics tick"
[95m35  : [0m[90;2m┆ ┆ [0m[90m[2h6m37s] [0m[90m|[0m time="2026-01-12T18:47:30Z" level=debug msg="Kube-router network policy controller metrics tick"
[95m35  : [0m[90;2m┆ ┆ [0m[90m[2h6m40s] [0m[90m|[0m time="2026-01-12T18:47:33Z" level=debug msg="Kube-router network policy controller metrics tick"
[95m35  : [0m[90;2m┆ ┆ [0m[90m[2h6m42s] [0m[90m|[0m time="2026-01-12T18:47:36Z" level=debug msg="cgroupv2 io stats: skipping over unmappable dbytes=0 entry"
[95m35  : [0m[90;2m┆ ┆ [0m[90m[2h6m42s] [0m[90m|[0m time="2026-01-12T18:47:36Z" level=debug msg="cgroupv2 io stats: skipping over unmappable dios=0 entry"
[95m35  : [0m[90;2m┆ ┆ [0m[90m[2h6m43s] [0m[90m|[0m time="2026-01-12T18:47:36Z" level=debug msg="Kube-router network policy controller metrics tick"
[95m35  : [0m[90;2m┆ ┆ [0m[90m[2h6m46s] [0m[90m|[0m time="2026-01-12T18:47:39Z" level=debug msg="Kube-router network policy controller metrics tick"
[95m35  : [0m[90;2m┆ ┆ [0m[90m[2h6m49s] [0m[90m|[0m time="2026-01-12T18:47:42Z" level=debug msg="Kube-router network policy controller metrics tick"
[95m35  : [0m[90;2m┆ ┆ [0m[90m[2h6m51s] [0m[90m|[0m time="2026-01-12T18:47:44Z" level=debug msg="cgroupv2 io stats: skipping over unmappable dbytes=0 entry"
[95m35  : [0m[90;2m┆ ┆ [0m[90m[2h6m51s] [0m[90m|[0m time="2026-01-12T18:47:44Z" level=debug msg="cgroupv2 io stats: skipping over unmappable dios=0 entry"
[95m35  : [0m[90;2m┆ ┆ [0m[90m[2h6m52s] [0m[90m|[0m time="2026-01-12T18:47:45Z" level=debug msg="Kube-router network policy controller metrics tick"
[95m35  : [0m[90;2m┆ ┆ [0m[90m[2h6m52s] [0m[90m|[0m time="2026-01-12T18:47:46Z" level=debug msg="cgroupv2 io stats: skipping over unmappable dbytes=0 entry"
[95m35  : [0m[90;2m┆ ┆ [0m[90m[2h6m52s] [0m[90m|[0m time="2026-01-12T18:47:46Z" level=debug msg="cgroupv2 io stats: skipping over unmappable dios=0 entry"
[95m35  : [0m[90;2m┆ ┆ [0m[90m[2h6m55s] [0m[90m|[0m time="2026-01-12T18:47:48Z" level=debug msg="Kube-router network policy controller metrics tick"
[95m35  : [0m[90;2m┆ ┆ [0m[90m[2h6m58s] [0m[90m|[0m time="2026-01-12T18:47:51Z" level=debug msg="Kube-router network policy controller metrics tick"
[95m35  : [0m[90;2m┆ ┆ [0m[90m[2h7m1s] [0m[90m|[0m time="2026-01-12T18:47:54Z" level=debug msg="Kube-router network policy controller metrics tick"
[95m35  : [0m[90;2m┆ ┆ [0m[90m[2h7m1s] [0m[90m|[0m time="2026-01-12T18:47:54Z" level=debug msg="cgroupv2 io stats: skipping over unmappable dbytes=0 entry"
[95m35  : [0m[90;2m┆ ┆ [0m[90m[2h7m1s] [0m[90m|[0m time="2026-01-12T18:47:54Z" level=debug msg="cgroupv2 io stats: skipping over unmappable dios=0 entry"
[95m35  : [0m[90;2m┆ ┆ [0m[90m[2h7m2s] [0m[90m|[0m time="2026-01-12T18:47:56Z" level=debug msg="cgroupv2 io stats: skipping over unmappable dbytes=0 entry"
[95m35  : [0m[90;2m┆ ┆ [0m[90m[2h7m2s] [0m[90m|[0m time="2026-01-12T18:47:56Z" level=debug msg="cgroupv2 io stats: skipping over unmappable dios=0 entry"
[95m35  : [0m[90;2m┆ ┆ [0m[90m[2h7m4s] [0m[90m|[0m time="2026-01-12T18:47:57Z" level=debug msg="Kube-router network policy controller metrics tick"
[95m35  : [0m[90;2m┆ ┆ [0m[90m[2h7m7s] [0m[90m|[0m time="2026-01-12T18:48:00Z" level=debug msg="Kube-router network policy controller metrics tick"
[95m35  : [0m[90;2m┆ ┆ [0m[90m[2h7m10s] [0m[90m|[0m time="2026-01-12T18:48:03Z" level=debug msg="Kube-router network policy controller metrics tick"
[95m35  : [0m[90;2m┆ ┆ [0m[90m[2h7m12s] [0m[90m|[0m time="2026-01-12T18:48:06Z" level=debug msg="cgroupv2 io stats: skipping over unmappable dbytes=0 entry"
[95m35  : [0m[90;2m┆ ┆ [0m[90m[2h7m12s] [0m[90m|[0m time="2026-01-12T18:48:06Z" level=debug msg="cgroupv2 io stats: skipping over unmappable dios=0 entry"
[95m35  : [0m[90;2m┆ ┆ [0m[90m[2h7m13s] [0m[90m|[0m time="2026-01-12T18:48:06Z" level=debug msg="Kube-router network policy controller metrics tick"
[95m35  : [0m[90;2m┆ ┆ [0m[90m[2h7m14s] [0m[90m|[0m time="2026-01-12T18:48:08Z" level=debug msg="cgroupv2 io stats: skipping over unmappable dbytes=0 entry"
[95m35  : [0m[90;2m┆ ┆ [0m[90m[2h7m14s] [0m[90m|[0m time="2026-01-12T18:48:08Z" level=debug msg="cgroupv2 io stats: skipping over unmappable dios=0 entry"
[95m35  : [0m[90;2m┆ ┆ [0m[90m[2h7m16s] [0m[90m|[0m time="2026-01-12T18:48:09Z" level=debug msg="Kube-router network policy controller metrics tick"
[95m35  : [0m[90;2m┆ ┆ [0m[90m[2h7m19s] [0m[90m|[0m time="2026-01-12T18:48:12Z" level=debug msg="Kube-router network policy controller metrics tick"
[95m35  : [0m[90;2m┆ ┆ [0m[90m[2h7m22s] [0m[90m|[0m time="2026-01-12T18:48:15Z" level=debug msg="Kube-router network policy controller metrics tick"
[95m35  : [0m[90;2m┆ ┆ [0m[90m[2h7m22s] [0m[90m|[0m time="2026-01-12T18:48:16Z" level=debug msg="cgroupv2 io stats: skipping over unmappable dbytes=0 entry"
[95m35  : [0m[90;2m┆ ┆ [0m[90m[2h7m22s] [0m[90m|[0m time="2026-01-12T18:48:16Z" level=debug msg="cgroupv2 io stats: skipping over unmappable dios=0 entry"
[95m35  : [0m[90;2m┆ ┆ [0m[90m[2h7m25s] [0m[90m|[0m time="2026-01-12T18:48:18Z" level=debug msg="Kube-router network policy controller metrics tick"
[95m35  : [0m[90;2m┆ ┆ [0m[90m[2h7m28s] [0m[90m|[0m time="2026-01-12T18:48:21Z" level=debug msg="Kube-router network policy controller metrics tick"
[95m35  : [0m[90;2m┆ ┆ [0m[90m[2h7m31s] [0m[90m|[0m time="2026-01-12T18:48:24Z" level=debug msg="Kube-router network policy controller metrics tick"
[95m35  : [0m[90;2m┆ ┆ [0m[90m[2h7m32s] [0m[90m|[0m time="2026-01-12T18:48:26Z" level=debug msg="cgroupv2 io stats: skipping over unmappable dbytes=0 entry"
[95m35  : [0m[90;2m┆ ┆ [0m[90m[2h7m32s] [0m[90m|[0m time="2026-01-12T18:48:26Z" level=debug msg="cgroupv2 io stats: skipping over unmappable dios=0 entry"
[95m35  : [0m[90;2m┆ ┆ [0m[90m[2h7m33s] [0m[90m|[0m time="2026-01-12T18:48:27Z" level=debug msg="cgroupv2 io stats: skipping over unmappable dbytes=0 entry"
[95m35  : [0m[90;2m┆ ┆ [0m[90m[2h7m33s] [0m[90m|[0m time="2026-01-12T18:48:27Z" level=debug msg="cgroupv2 io stats: skipping over unmappable dios=0 entry"
[95m35  : [0m[90;2m┆ ┆ [0m[90m[2h7m34s] [0m[90m|[0m time="2026-01-12T18:48:27Z" level=debug msg="Kube-router network policy controller metrics tick"
[95m35  : [0m[90;2m┆ ┆ [0m[90m[2h7m37s] [0m[90m|[0m time="2026-01-12T18:48:30Z" level=debug msg="Kube-router network policy controller metrics tick"
[95m35  : [0m[90;2m┆ ┆ [0m[90m[2h7m40s] [0m[90m|[0m time="2026-01-12T18:48:33Z" level=debug msg="Kube-router network policy controller metrics tick"
[95m35  : [0m[90;2m┆ ┆ [0m[90m[2h7m42s] [0m[90m|[0m time="2026-01-12T18:48:36Z" level=debug msg="cgroupv2 io stats: skipping over unmappable dbytes=0 entry"
[95m35  : [0m[90;2m┆ ┆ [0m[90m[2h7m42s] [0m[90m|[0m time="2026-01-12T18:48:36Z" level=debug msg="cgroupv2 io stats: skipping over unmappable dios=0 entry"
[95m35  : [0m[90;2m┆ ┆ [0m[90m[2h7m43s] [0m[90m|[0m time="2026-01-12T18:48:36Z" level=debug msg="Kube-router network policy controller metrics tick"
[95m35  : [0m[90;2m┆ ┆ [0m[90m[2h7m46s] [0m[90m|[0m time="2026-01-12T18:48:39Z" level=debug msg="Kube-router network policy controller metrics tick"
[95m35  : [0m[90;2m┆ ┆ [0m[90m[2h7m49s] [0m[90m|[0m time="2026-01-12T18:48:42Z" level=debug msg="Kube-router network policy controller metrics tick"
[95m35  : [0m[90;2m┆ ┆ [0m[90m[2h7m51s] [0m[90m|[0m time="2026-01-12T18:48:45Z" level=debug msg="cgroupv2 io stats: skipping over unmappable dbytes=0 entry"
[95m35  : [0m[90;2m┆ ┆ [0m[90m[2h7m51s] [0m[90m|[0m time="2026-01-12T18:48:45Z" level=debug msg="cgroupv2 io stats: skipping over unmappable dios=0 entry"
[95m35  : [0m[90;2m┆ ┆ [0m[90m[2h7m52s] [0m[90m|[0m time="2026-01-12T18:48:45Z" level=debug msg="Kube-router network policy controller metrics tick"
[95m35  : [0m[90;2m┆ ┆ [0m[90m[2h7m52s] [0m[90m|[0m time="2026-01-12T18:48:46Z" level=debug msg="cgroupv2 io stats: skipping over unmappable dbytes=0 entry"
[95m35  : [0m[90;2m┆ ┆ [0m[90m[2h7m52s] [0m[90m|[0m time="2026-01-12T18:48:46Z" level=debug msg="cgroupv2 io stats: skipping over unmappable dios=0 entry"
[95m35  : [0m[90;2m┆ ┆ [0m[90m[2h7m55s] [0m[90m|[0m time="2026-01-12T18:48:48Z" level=debug msg="Kube-router network policy controller metrics tick"
[95m35  : [0m[90;2m┆ ┆ [0m[90m[2h7m58s] [0m[90m|[0m time="2026-01-12T18:48:51Z" level=debug msg="Kube-router network policy controller metrics tick"
[95m35  : [0m[90;2m┆ ┆ [0m[90m[2h8m1s] [0m[90m|[0m time="2026-01-12T18:48:54Z" level=debug msg="Kube-router network policy controller metrics tick"
[95m35  : [0m[90;2m┆ ┆ [0m[90m[2h8m2s] [0m[90m|[0m time="2026-01-12T18:48:56Z" level=debug msg="cgroupv2 io stats: skipping over unmappable dbytes=0 entry"
[95m35  : [0m[90;2m┆ ┆ [0m[90m[2h8m2s] [0m[90m|[0m time="2026-01-12T18:48:56Z" level=debug msg="cgroupv2 io stats: skipping over unmappable dios=0 entry"
[95m35  : [0m[90;2m┆ ┆ [0m[90m[2h8m4s] [0m[90m|[0m time="2026-01-12T18:48:57Z" level=debug msg="Kube-router network policy controller metrics tick"
[95m35  : [0m[90;2m┆ ┆ [0m[90m[2h8m6s] [0m[90m|[0m time="2026-01-12T18:48:59Z" level=debug msg="cgroupv2 io stats: skipping over unmappable dbytes=0 entry"
[95m35  : [0m[90;2m┆ ┆ [0m[90m[2h8m6s] [0m[90m|[0m time="2026-01-12T18:48:59Z" level=debug msg="cgroupv2 io stats: skipping over unmappable dios=0 entry"
[95m35  : [0m[90;2m┆ ┆ [0m[90m[2h8m7s] [0m[90m|[0m time="2026-01-12T18:49:00Z" level=debug msg="Kube-router network policy controller metrics tick"
[95m35  : [0m[90;2m┆ ┆ [0m[90m[2h8m10s] [0m[90m|[0m time="2026-01-12T18:49:03Z" level=debug msg="Kube-router network policy controller metrics tick"
[95m35  : [0m[90;2m┆ ┆ [0m[90m[2h8m12s] [0m[90m|[0m time="2026-01-12T18:49:06Z" level=debug msg="cgroupv2 io stats: skipping over unmappable dbytes=0 entry"
[95m35  : [0m[90;2m┆ ┆ [0m[90m[2h8m12s] [0m[90m|[0m time="2026-01-12T18:49:06Z" level=debug msg="cgroupv2 io stats: skipping over unmappable dios=0 entry"
[95m35  : [0m[90;2m┆ ┆ [0m[90m[2h8m13s] [0m[90m|[0m time="2026-01-12T18:49:06Z" level=debug msg="Kube-router network policy controller metrics tick"
[95m35  : [0m[90;2m┆ ┆ [0m[90m[2h8m16s] [0m[90m|[0m time="2026-01-12T18:49:09Z" level=debug msg="Kube-router network policy controller metrics tick"
[95m35  : [0m[90;2m┆ ┆ [0m[90m[2h8m18s] [0m[90m|[0m time="2026-01-12T18:49:11Z" level=debug msg="cgroupv2 io stats: skipping over unmappable dbytes=0 entry"
[95m35  : [0m[90;2m┆ ┆ [0m[90m[2h8m18s] [0m[90m|[0m time="2026-01-12T18:49:11Z" level=debug msg="cgroupv2 io stats: skipping over unmappable dios=0 entry"
[95m35  : [0m[90;2m┆ ┆ [0m[90m[2h8m19s] [0m[90m|[0m time="2026-01-12T18:49:12Z" level=debug msg="Kube-router network policy controller metrics tick"
[95m35  : [0m[90;2m┆ ┆ [0m[90m[2h8m22s] [0m[90m|[0m time="2026-01-12T18:49:15Z" level=debug msg="Kube-router network policy controller metrics tick"
[95m35  : [0m[90;2m┆ ┆ [0m[90m[2h8m22s] [0m[90m|[0m time="2026-01-12T18:49:16Z" level=debug msg="cgroupv2 io stats: skipping over unmappable dbytes=0 entry"
[95m35  : [0m[90;2m┆ ┆ [0m[90m[2h8m22s] [0m[90m|[0m time="2026-01-12T18:49:16Z" level=debug msg="cgroupv2 io stats: skipping over unmappable dios=0 entry"
[95m35  : [0m[90;2m┆ ┆ [0m[90m[2h8m25s] [0m[90m|[0m time="2026-01-12T18:49:18Z" level=debug msg="Kube-router network policy controller metrics tick"
[95m35  : [0m[90;2m┆ ┆ [0m[90m[2h8m28s] [0m[90m|[0m time="2026-01-12T18:49:21Z" level=debug msg="Kube-router network policy controller metrics tick"
[95m35  : [0m[90;2m┆ ┆ [0m[90m[2h8m31s] [0m[90m|[0m time="2026-01-12T18:49:24Z" level=debug msg="Kube-router network policy controller metrics tick"
[95m35  : [0m[90;2m┆ ┆ [0m[90m[2h8m32s] [0m[90m|[0m time="2026-01-12T18:49:26Z" level=debug msg="cgroupv2 io stats: skipping over unmappable dbytes=0 entry"
[95m35  : [0m[90;2m┆ ┆ [0m[90m[2h8m32s] [0m[90m|[0m time="2026-01-12T18:49:26Z" level=debug msg="cgroupv2 io stats: skipping over unmappable dios=0 entry"
[95m35  : [0m[90;2m┆ ┆ [0m[90m[2h8m34s] [0m[90m|[0m time="2026-01-12T18:49:27Z" level=debug msg="Kube-router network policy controller metrics tick"
[95m35  : [0m[90;2m┆ ┆ [0m[90m[2h8m34s] [0m[90m|[0m time="2026-01-12T18:49:28Z" level=debug msg="cgroupv2 io stats: skipping over unmappable dbytes=0 entry"
[95m35  : [0m[90;2m┆ ┆ [0m[90m[2h8m34s] [0m[90m|[0m time="2026-01-12T18:49:28Z" level=debug msg="cgroupv2 io stats: skipping over unmappable dios=0 entry"
[95m35  : [0m[90;2m┆ ┆ [0m[90m[2h8m37s] [0m[90m|[0m time="2026-01-12T18:49:30Z" level=debug msg="Kube-router network policy controller metrics tick"
[95m35  : [0m[90;2m┆ ┆ [0m[90m[2h8m40s] [0m[90m|[0m time="2026-01-12T18:49:33Z" level=debug msg="Kube-router network policy controller metrics tick"
[95m35  : [0m[90;2m┆ ┆ [0m[90m[2h8m42s] [0m[90m|[0m time="2026-01-12T18:49:36Z" level=debug msg="cgroupv2 io stats: skipping over unmappable dbytes=0 entry"
[95m35  : [0m[90;2m┆ ┆ [0m[90m[2h8m42s] [0m[90m|[0m time="2026-01-12T18:49:36Z" level=debug msg="cgroupv2 io stats: skipping over unmappable dios=0 entry"
[95m35  : [0m[90;2m┆ ┆ [0m[90m[2h8m43s] [0m[90m|[0m time="2026-01-12T18:49:36Z" level=debug msg="Kube-router network policy controller metrics tick"
[95m35  : [0m[90;2m┆ ┆ [0m[90m[2h8m46s] [0m[90m|[0m time="2026-01-12T18:49:39Z" level=debug msg="Kube-router network policy controller metrics tick"
[95m35  : [0m[90;2m┆ ┆ [0m[90m[2h8m49s] [0m[90m|[0m time="2026-01-12T18:49:42Z" level=debug msg="Kube-router network policy controller metrics tick"
[95m35  : [0m[90;2m┆ ┆ [0m[90m[2h8m52s] [0m[90m|[0m time="2026-01-12T18:49:45Z" level=debug msg="Kube-router network policy controller metrics tick"
[95m35  : [0m[90;2m┆ ┆ [0m[90m[2h8m52s] [0m[90m|[0m time="2026-01-12T18:49:46Z" level=debug msg="cgroupv2 io stats: skipping over unmappable dbytes=0 entry"
[95m35  : [0m[90;2m┆ ┆ [0m[90m[2h8m52s] [0m[90m|[0m time="2026-01-12T18:49:46Z" level=debug msg="cgroupv2 io stats: skipping over unmappable dios=0 entry"
[95m35  : [0m[90;2m┆ ┆ [0m[90m[2h8m53s] [0m[90m|[0m time="2026-01-12T18:49:47Z" level=debug msg="cgroupv2 io stats: skipping over unmappable dbytes=0 entry"
[95m35  : [0m[90;2m┆ ┆ [0m[90m[2h8m53s] [0m[90m|[0m time="2026-01-12T18:49:47Z" level=debug msg="cgroupv2 io stats: skipping over unmappable dios=0 entry"
[95m35  : [0m[90;2m┆ ┆ [0m[90m[2h8m55s] [0m[90m|[0m time="2026-01-12T18:49:48Z" level=debug msg="Kube-router network policy controller metrics tick"
[95m35  : [0m[90;2m┆ ┆ [0m[90m[2h8m58s] [0m[90m|[0m time="2026-01-12T18:49:51Z" level=debug msg="Kube-router network policy controller metrics tick"
[95m35  : [0m[90;2m┆ ┆ [0m[90m[2h9m1s] [0m[90m|[0m time="2026-01-12T18:49:54Z" level=debug msg="Kube-router network policy controller metrics tick"
[95m35  : [0m[90;2m┆ ┆ [0m[90m[2h9m2s] [0m[90m|[0m time="2026-01-12T18:49:56Z" level=debug msg="cgroupv2 io stats: skipping over unmappable dbytes=0 entry"
[95m35  : [0m[90;2m┆ ┆ [0m[90m[2h9m2s] [0m[90m|[0m time="2026-01-12T18:49:56Z" level=debug msg="cgroupv2 io stats: skipping over unmappable dios=0 entry"
[95m35  : [0m[90;2m┆ ┆ [0m[90m[2h9m4s] [0m[90m|[0m time="2026-01-12T18:49:57Z" level=debug msg="Kube-router network policy controller metrics tick"
[95m35  : [0m[90;2m┆ ┆ [0m[90m[2h9m5s] [0m[90m|[0m time="2026-01-12T18:49:58Z" level=debug msg="cgroupv2 io stats: skipping over unmappable dbytes=0 entry"
[95m35  : [0m[90;2m┆ ┆ [0m[90m[2h9m5s] [0m[90m|[0m time="2026-01-12T18:49:58Z" level=debug msg="cgroupv2 io stats: skipping over unmappable dios=0 entry"
[95m35  : [0m[90;2m┆ ┆ [0m[90m[2h9m7s] [0m[90m|[0m time="2026-01-12T18:50:00Z" level=debug msg="Kube-router network policy controller metrics tick"
[95m35  : [0m[90;2m┆ ┆ [0m[90m[2h9m10s] [0m[90m|[0m time="2026-01-12T18:50:03Z" level=debug msg="Kube-router network policy controller metrics tick"
[95m35  : [0m[90;2m┆ ┆ [0m[90m[2h9m12s] [0m[90m|[0m time="2026-01-12T18:50:06Z" level=debug msg="cgroupv2 io stats: skipping over unmappable dbytes=0 entry"
[95m35  : [0m[90;2m┆ ┆ [0m[90m[2h9m12s] [0m[90m|[0m time="2026-01-12T18:50:06Z" level=debug msg="cgroupv2 io stats: skipping over unmappable dios=0 entry"
[95m35  : [0m[90;2m┆ ┆ [0m[90m[2h9m13s] [0m[90m|[0m time="2026-01-12T18:50:06Z" level=debug msg="Kube-router network policy controller metrics tick"
[95m35  : [0m[90;2m┆ ┆ [0m[90m[2h9m15s] [0m[90m|[0m time="2026-01-12T18:50:08Z" level=debug msg="cgroupv2 io stats: skipping over unmappable dbytes=0 entry"
[95m35  : [0m[90;2m┆ ┆ [0m[90m[2h9m15s] [0m[90m|[0m time="2026-01-12T18:50:08Z" level=debug msg="cgroupv2 io stats: skipping over unmappable dios=0 entry"
[95m35  : [0m[90;2m┆ ┆ [0m[90m[2h9m16s] [0m[90m|[0m time="2026-01-12T18:50:09Z" level=debug msg="Kube-router network policy controller metrics tick"
[95m35  : [0m[90;2m┆ ┆ [0m[90m[2h9m19s] [0m[90m|[0m time="2026-01-12T18:50:12Z" level=debug msg="Kube-router network policy controller metrics tick"
[95m35  : [0m[90;2m┆ ┆ [0m[90m[2h9m22s] [0m[90m|[0m time="2026-01-12T18:50:15Z" level=debug msg="Kube-router network policy controller metrics tick"
[95m35  : [0m[90;2m┆ ┆ [0m[90m[2h9m22s] [0m[90m|[0m time="2026-01-12T18:50:16Z" level=debug msg="cgroupv2 io stats: skipping over unmappable dbytes=0 entry"
[95m35  : [0m[90;2m┆ ┆ [0m[90m[2h9m22s] [0m[90m|[0m time="2026-01-12T18:50:16Z" level=debug msg="cgroupv2 io stats: skipping over unmappable dios=0 entry"
[95m35  : [0m[90;2m┆ ┆ [0m[90m[2h9m25s] [0m[90m|[0m time="2026-01-12T18:50:18Z" level=debug msg="Kube-router network policy controller metrics tick"
[95m35  : [0m[90;2m┆ ┆ [0m[90m[2h9m28s] [0m[90m|[0m time="2026-01-12T18:50:21Z" level=debug msg="Kube-router network policy controller metrics tick"
[95m35  : [0m[90;2m┆ ┆ [0m[90m[2h9m29s] [0m[90m|[0m time="2026-01-12T18:50:22Z" level=debug msg="cgroupv2 io stats: skipping over unmappable dbytes=0 entry"
[95m35  : [0m[90;2m┆ ┆ [0m[90m[2h9m29s] [0m[90m|[0m time="2026-01-12T18:50:22Z" level=debug msg="cgroupv2 io stats: skipping over unmappable dios=0 entry"
[95m35  : [0m[90;2m┆ ┆ [0m[90m[2h9m31s] [0m[90m|[0m time="2026-01-12T18:50:24Z" level=debug msg="Kube-router network policy controller metrics tick"
[95m35  : [0m[90;2m┆ ┆ [0m[90m[2h9m32s] [0m[90m|[0m time="2026-01-12T18:50:26Z" level=debug msg="cgroupv2 io stats: skipping over unmappable dbytes=0 entry"
[95m35  : [0m[90;2m┆ ┆ [0m[90m[2h9m32s] [0m[90m|[0m time="2026-01-12T18:50:26Z" level=debug msg="cgroupv2 io stats: skipping over unmappable dios=0 entry"
[95m35  : [0m[90;2m┆ ┆ [0m[90m[2h9m34s] [0m[90m|[0m time="2026-01-12T18:50:27Z" level=debug msg="Kube-router network policy controller metrics tick"
[95m35  : [0m[90;2m┆ ┆ [0m[90m[2h9m37s] [0m[90m|[0m time="2026-01-12T18:50:30Z" level=debug msg="Kube-router network policy controller metrics tick"
[95m35  : [0m[90;2m┆ ┆ [0m[90m[2h9m40s] [0m[90m|[0m time="2026-01-12T18:50:33Z" level=debug msg="Kube-router network policy controller metrics tick"
[95m35  : [0m[90;2m┆ ┆ [0m[90m[2h9m42s] [0m[90m|[0m time="2026-01-12T18:50:36Z" level=debug msg="cgroupv2 io stats: skipping over unmappable dbytes=0 entry"
[95m35  : [0m[90;2m┆ ┆ [0m[90m[2h9m42s] [0m[90m|[0m time="2026-01-12T18:50:36Z" level=debug msg="cgroupv2 io stats: skipping over unmappable dios=0 entry"
[95m35  : [0m[90;2m┆ ┆ [0m[90m[2h9m43s] [0m[90m|[0m time="2026-01-12T18:50:36Z" level=debug msg="Kube-router network policy controller metrics tick"
[95m35  : [0m[90;2m┆ ┆ [0m[90m[2h9m44s] [0m[90m|[0m time="2026-01-12T18:50:37Z" level=debug msg="cgroupv2 io stats: skipping over unmappable dbytes=0 entry"
[95m35  : [0m[90;2m┆ ┆ [0m[90m[2h9m44s] [0m[90m|[0m time="2026-01-12T18:50:37Z" level=debug msg="cgroupv2 io stats: skipping over unmappable dios=0 entry"
[95m35  : [0m[90;2m┆ ┆ [0m[90m[2h9m46s] [0m[90m|[0m time="2026-01-12T18:50:39Z" level=debug msg="Kube-router network policy controller metrics tick"
[95m35  : [0m[90;2m┆ ┆ [0m[90m[2h9m49s] [0m[90m|[0m time="2026-01-12T18:50:42Z" level=debug msg="Kube-router network policy controller metrics tick"
[95m35  : [0m[90;2m┆ ┆ [0m[90m[2h9m52s] [0m[90m|[0m time="2026-01-12T18:50:45Z" level=debug msg="Kube-router network policy controller metrics tick"
[95m35  : [0m[90;2m┆ ┆ [0m[90m[2h9m52s] [0m[90m|[0m time="2026-01-12T18:50:46Z" level=debug msg="cgroupv2 io stats: skipping over unmappable dbytes=0 entry"
[95m35  : [0m[90;2m┆ ┆ [0m[90m[2h9m52s] [0m[90m|[0m time="2026-01-12T18:50:46Z" level=debug msg="cgroupv2 io stats: skipping over unmappable dios=0 entry"
[95m35  : [0m[90;2m┆ ┆ [0m[90m[2h9m55s] [0m[90m|[0m time="2026-01-12T18:50:48Z" level=debug msg="Kube-router network policy controller metrics tick"
[95m35  : [0m[90;2m┆ ┆ [0m[90m[2h9m58s] [0m[90m|[0m time="2026-01-12T18:50:51Z" level=debug msg="Kube-router network policy controller metrics tick"
[95m35  : [0m[90;2m┆ ┆ [0m[90m[2h9m60s] [0m[90m|[0m time="2026-01-12T18:50:53Z" level=debug msg="cgroupv2 io stats: skipping over unmappable dbytes=0 entry"
[95m35  : [0m[90;2m┆ ┆ [0m[90m[2h9m60s] [0m[90m|[0m time="2026-01-12T18:50:53Z" level=debug msg="cgroupv2 io stats: skipping over unmappable dios=0 entry"
[95m35  : [0m[90;2m┆ ┆ [0m[90m[2h10m1s] [0m[90m|[0m time="2026-01-12T18:50:54Z" level=debug msg="Kube-router network policy controller metrics tick"
[95m35  : [0m[90;2m┆ ┆ [0m[90m[2h10m2s] [0m[90m|[0m time="2026-01-12T18:50:56Z" level=debug msg="cgroupv2 io stats: skipping over unmappable dbytes=0 entry"
[95m35  : [0m[90;2m┆ ┆ [0m[90m[2h10m2s] [0m[90m|[0m time="2026-01-12T18:50:56Z" level=debug msg="cgroupv2 io stats: skipping over unmappable dios=0 entry"
[95m35  : [0m[90;2m┆ ┆ [0m[90m[2h10m4s] [0m[90m|[0m time="2026-01-12T18:50:57Z" level=debug msg="Kube-router network policy controller metrics tick"
[95m35  : [0m[90;2m┆ ┆ [0m[90m[2h10m7s] [0m[90m|[0m time="2026-01-12T18:51:00Z" level=debug msg="Kube-router network policy controller metrics tick"
[95m35  : [0m[90;2m┆ ┆ [0m[90m[2h10m10s] [0m[90m|[0m time="2026-01-12T18:51:03Z" level=debug msg="Kube-router network policy controller metrics tick"
[95m35  : [0m[90;2m┆ ┆ [0m[90m[2h10m12s] [0m[90m|[0m time="2026-01-12T18:51:06Z" level=debug msg="cgroupv2 io stats: skipping over unmappable dbytes=0 entry"
[95m35  : [0m[90;2m┆ ┆ [0m[90m[2h10m12s] [0m[90m|[0m time="2026-01-12T18:51:06Z" level=debug msg="cgroupv2 io stats: skipping over unmappable dios=0 entry"
[95m35  : [0m[90;2m┆ ┆ [0m[90m[2h10m13s] [0m[90m|[0m time="2026-01-12T18:51:06Z" level=debug msg="Kube-router network policy controller metrics tick"
[95m35  : [0m[90;2m┆ ┆ [0m[90m[2h10m16s] [0m[90m|[0m time="2026-01-12T18:51:09Z" level=debug msg="Kube-router network policy controller metrics tick"
[95m35  : [0m[90;2m┆ ┆ [0m[90m[2h10m18s] [0m[90m|[0m time="2026-01-12T18:51:12Z" level=debug msg="cgroupv2 io stats: skipping over unmappable dbytes=0 entry"
[95m35  : [0m[90;2m┆ ┆ [0m[90m[2h10m18s] [0m[90m|[0m time="2026-01-12T18:51:12Z" level=debug msg="cgroupv2 io stats: skipping over unmappable dios=0 entry"
[95m35  : [0m[90;2m┆ ┆ [0m[90m[2h10m19s] [0m[90m|[0m time="2026-01-12T18:51:12Z" level=debug msg="Kube-router network policy controller metrics tick"
[95m35  : [0m[90;2m┆ ┆ [0m[90m[2h10m22s] [0m[90m|[0m time="2026-01-12T18:51:15Z" level=debug msg="Kube-router network policy controller metrics tick"
[95m35  : [0m[90;2m┆ ┆ [0m[90m[2h10m22s] [0m[90m|[0m time="2026-01-12T18:51:16Z" level=debug msg="cgroupv2 io stats: skipping over unmappable dbytes=0 entry"
[95m35  : [0m[90;2m┆ ┆ [0m[90m[2h10m22s] [0m[90m|[0m time="2026-01-12T18:51:16Z" level=debug msg="cgroupv2 io stats: skipping over unmappable dios=0 entry"
[95m35  : [0m[90;2m┆ ┆ [0m[90m[2h10m25s] [0m[90m|[0m time="2026-01-12T18:51:18Z" level=debug msg="Kube-router network policy controller metrics tick"
[95m35  : [0m[90;2m┆ ┆ [0m[90m[2h10m28s] [0m[90m|[0m time="2026-01-12T18:51:21Z" level=debug msg="Kube-router network policy controller metrics tick"
[95m35  : [0m[90;2m┆ ┆ [0m[90m[2h10m31s] [0m[90m|[0m time="2026-01-12T18:51:24Z" level=debug msg="Kube-router network policy controller metrics tick"
[95m35  : [0m[90;2m┆ ┆ [0m[90m[2h10m32s] [0m[90m|[0m time="2026-01-12T18:51:26Z" level=debug msg="cgroupv2 io stats: skipping over unmappable dbytes=0 entry"
[95m35  : [0m[90;2m┆ ┆ [0m[90m[2h10m32s] [0m[90m|[0m time="2026-01-12T18:51:26Z" level=debug msg="cgroupv2 io stats: skipping over unmappable dios=0 entry"
[95m35  : [0m[90;2m┆ ┆ [0m[90m[2h10m33s] [0m[90m|[0m time="2026-01-12T18:51:26Z" level=debug msg="cgroupv2 io stats: skipping over unmappable dbytes=0 entry"
[95m35  : [0m[90;2m┆ ┆ [0m[90m[2h10m33s] [0m[90m|[0m time="2026-01-12T18:51:26Z" level=debug msg="cgroupv2 io stats: skipping over unmappable dios=0 entry"
[95m35  : [0m[90;2m┆ ┆ [0m[90m[2h10m34s] [0m[90m|[0m time="2026-01-12T18:51:27Z" level=debug msg="Kube-router network policy controller metrics tick"
[95m35  : [0m[90;2m┆ ┆ [0m[90m[2h10m37s] [0m[90m|[0m time="2026-01-12T18:51:30Z" level=debug msg="Kube-router network policy controller metrics tick"
[95m35  : [0m[90;2m┆ ┆ [0m[90m[2h10m40s] [0m[90m|[0m time="2026-01-12T18:51:33Z" level=debug msg="Kube-router network policy controller metrics tick"
[95m35  : [0m[90;2m┆ ┆ [0m[90m[2h10m42s] [0m[90m|[0m time="2026-01-12T18:51:36Z" level=debug msg="cgroupv2 io stats: skipping over unmappable dbytes=0 entry"
[95m35  : [0m[90;2m┆ ┆ [0m[90m[2h10m42s] [0m[90m|[0m time="2026-01-12T18:51:36Z" level=debug msg="cgroupv2 io stats: skipping over unmappable dios=0 entry"
[95m35  : [0m[90;2m┆ ┆ [0m[90m[2h10m43s] [0m[90m|[0m time="2026-01-12T18:51:36Z" level=debug msg="Kube-router network policy controller metrics tick"
[95m35  : [0m[90;2m┆ ┆ [0m[90m[2h10m44s] [0m[90m|[0m time="2026-01-12T18:51:37Z" level=info msg="COMPACT compactRev=709 targetCompactRev=799 currentRev=1799"
[95m35  : [0m[90;2m┆ ┆ [0m[90m[2h10m44s] [0m[90m|[0m time="2026-01-12T18:51:37Z" level=info msg="COMPACT deleted 90 rows from 90 revisions in 3.378672ms - compacted to 799/1799"
[95m35  : [0m[90;2m┆ ┆ [0m[90m[2h10m44s] [0m[90m|[0m time="2026-01-12T18:51:37Z" level=info msg="COMPACT compacted from 709 to 799 in 1 transactions over 4ms"
[95m35  : [0m[90;2m┆ ┆ [0m[90m[2h10m44s] [0m[90m|[0m time="2026-01-12T18:51:38Z" level=debug msg="cgroupv2 io stats: skipping over unmappable dbytes=0 entry"
[95m35  : [0m[90;2m┆ ┆ [0m[90m[2h10m44s] [0m[90m|[0m time="2026-01-12T18:51:38Z" level=debug msg="cgroupv2 io stats: skipping over unmappable dios=0 entry"
[95m35  : [0m[90;2m┆ ┆ [0m[90m[2h10m46s] [0m[90m|[0m time="2026-01-12T18:51:39Z" level=debug msg="Kube-router network policy controller metrics tick"
[95m35  : [0m[90;2m┆ ┆ [0m[90m[2h10m46s] [0m[90m|[0m W0112 18:51:40.448263      14 info.go:53] Couldn't collect info from any of the files in "/etc/machine-id,/var/lib/dbus/machine-id"
[95m35  : [0m[90;2m┆ ┆ [0m[90m[2h10m49s] [0m[90m|[0m time="2026-01-12T18:51:42Z" level=debug msg="Kube-router network policy controller metrics tick"
[95m35  : [0m[90;2m┆ ┆ [0m[90m[2h10m52s] [0m[90m|[0m time="2026-01-12T18:51:45Z" level=debug msg="Kube-router network policy controller metrics tick"
[95m35  : [0m[90;2m┆ ┆ [0m[90m[2h10m52s] [0m[90m|[0m time="2026-01-12T18:51:46Z" level=debug msg="cgroupv2 io stats: skipping over unmappable dbytes=0 entry"
[95m35  : [0m[90;2m┆ ┆ [0m[90m[2h10m52s] [0m[90m|[0m time="2026-01-12T18:51:46Z" level=debug msg="cgroupv2 io stats: skipping over unmappable dios=0 entry"
[95m35  : [0m[90;2m┆ ┆ [0m[90m[2h10m55s] [0m[90m|[0m time="2026-01-12T18:51:48Z" level=debug msg="Kube-router network policy controller metrics tick"
[95m35  : [0m[90;2m┆ ┆ [0m[90m[2h10m56s] [0m[90m|[0m time="2026-01-12T18:51:49Z" level=debug msg="cgroupv2 io stats: skipping over unmappable dbytes=0 entry"
[95m35  : [0m[90;2m┆ ┆ [0m[90m[2h10m56s] [0m[90m|[0m time="2026-01-12T18:51:49Z" level=debug msg="cgroupv2 io stats: skipping over unmappable dios=0 entry"
[95m35  : [0m[90;2m┆ ┆ [0m[90m[2h10m58s] [0m[90m|[0m time="2026-01-12T18:51:51Z" level=debug msg="Kube-router network policy controller metrics tick"
[95m35  : [0m[90;2m┆ ┆ [0m[90m[2h11m1s] [0m[90m|[0m time="2026-01-12T18:51:54Z" level=debug msg="Kube-router network policy controller metrics tick"
[95m35  : [0m[90;2m┆ ┆ [0m[90m[2h11m2s] [0m[90m|[0m time="2026-01-12T18:51:56Z" level=debug msg="cgroupv2 io stats: skipping over unmappable dbytes=0 entry"
[95m35  : [0m[90;2m┆ ┆ [0m[90m[2h11m2s] [0m[90m|[0m time="2026-01-12T18:51:56Z" level=debug msg="cgroupv2 io stats: skipping over unmappable dios=0 entry"
[95m35  : [0m[90;2m┆ ┆ [0m[90m[2h11m4s] [0m[90m|[0m time="2026-01-12T18:51:57Z" level=debug msg="Kube-router network policy controller metrics tick"
[95m35  : [0m[90;2m┆ ┆ [0m[90m[2h11m7s] [0m[90m|[0m time="2026-01-12T18:52:00Z" level=debug msg="cgroupv2 io stats: skipping over unmappable dbytes=0 entry"
[95m35  : [0m[90;2m┆ ┆ [0m[90m[2h11m7s] [0m[90m|[0m time="2026-01-12T18:52:00Z" level=debug msg="cgroupv2 io stats: skipping over unmappable dios=0 entry"
[95m35  : [0m[90;2m┆ ┆ [0m[90m[2h11m7s] [0m[90m|[0m time="2026-01-12T18:52:00Z" level=debug msg="Kube-router network policy controller metrics tick"
[95m35  : [0m[90;2m┆ ┆ [0m[90m[2h11m10s] [0m[90m|[0m time="2026-01-12T18:52:03Z" level=debug msg="Kube-router network policy controller metrics tick"
[95m35  : [0m[90;2m┆ ┆ [0m[90m[2h11m12s] [0m[90m|[0m time="2026-01-12T18:52:06Z" level=debug msg="cgroupv2 io stats: skipping over unmappable dbytes=0 entry"
[95m35  : [0m[90;2m┆ ┆ [0m[90m[2h11m12s] [0m[90m|[0m time="2026-01-12T18:52:06Z" level=debug msg="cgroupv2 io stats: skipping over unmappable dios=0 entry"
[95m35  : [0m[90;2m┆ ┆ [0m[90m[2h11m13s] [0m[90m|[0m time="2026-01-12T18:52:06Z" level=debug msg="Kube-router network policy controller metrics tick"
[95m35  : [0m[90;2m┆ ┆ [0m[90m[2h11m16s] [0m[90m|[0m time="2026-01-12T18:52:09Z" level=debug msg="Kube-router network policy controller metrics tick"
[95m35  : [0m[90;2m┆ ┆ [0m[90m[2h11m19s] [0m[90m|[0m time="2026-01-12T18:52:12Z" level=debug msg="Kube-router network policy controller metrics tick"
[95m35  : [0m[90;2m┆ ┆ [0m[90m[2h11m19s] [0m[90m|[0m time="2026-01-12T18:52:13Z" level=debug msg="cgroupv2 io stats: skipping over unmappable dbytes=0 entry"
[95m35  : [0m[90;2m┆ ┆ [0m[90m[2h11m19s] [0m[90m|[0m time="2026-01-12T18:52:13Z" level=debug msg="cgroupv2 io stats: skipping over unmappable dios=0 entry"
[95m35  : [0m[90;2m┆ ┆ [0m[90m[2h11m22s] [0m[90m|[0m time="2026-01-12T18:52:15Z" level=debug msg="Kube-router network policy controller metrics tick"
[95m35  : [0m[90;2m┆ ┆ [0m[90m[2h11m23s] [0m[90m|[0m time="2026-01-12T18:52:16Z" level=debug msg="cgroupv2 io stats: skipping over unmappable dbytes=0 entry"
[95m35  : [0m[90;2m┆ ┆ [0m[90m[2h11m23s] [0m[90m|[0m time="2026-01-12T18:52:16Z" level=debug msg="cgroupv2 io stats: skipping over unmappable dios=0 entry"
[95m35  : [0m[90;2m┆ ┆ [0m[90m[2h11m25s] [0m[90m|[0m time="2026-01-12T18:52:18Z" level=debug msg="Kube-router network policy controller metrics tick"
[95m35  : [0m[90;2m┆ ┆ [0m[90m[2h11m28s] [0m[90m|[0m time="2026-01-12T18:52:21Z" level=debug msg="Kube-router network policy controller metrics tick"
[95m35  : [0m[90;2m┆ ┆ [0m[90m[2h11m31s] [0m[90m|[0m time="2026-01-12T18:52:24Z" level=debug msg="Kube-router network policy controller metrics tick"
[95m35  : [0m[90;2m┆ ┆ [0m[90m[2h11m33s] [0m[90m|[0m time="2026-01-12T18:52:26Z" level=debug msg="cgroupv2 io stats: skipping over unmappable dbytes=0 entry"
[95m35  : [0m[90;2m┆ ┆ [0m[90m[2h11m33s] [0m[90m|[0m time="2026-01-12T18:52:26Z" level=debug msg="cgroupv2 io stats: skipping over unmappable dios=0 entry"
[95m35  : [0m[90;2m┆ ┆ [0m[90m[2h11m34s] [0m[90m|[0m time="2026-01-12T18:52:27Z" level=debug msg="Kube-router network policy controller metrics tick"
[95m35  : [0m[90;2m┆ ┆ [0m[90m[2h11m37s] [0m[90m|[0m time="2026-01-12T18:52:30Z" level=debug msg="Kube-router network policy controller metrics tick"
[95m35  : [0m[90;2m┆ ┆ [0m[90m[2h11m37s] [0m[90m|[0m time="2026-01-12T18:52:31Z" level=debug msg="cgroupv2 io stats: skipping over unmappable dbytes=0 entry"
[95m35  : [0m[90;2m┆ ┆ [0m[90m[2h11m37s] [0m[90m|[0m time="2026-01-12T18:52:31Z" level=debug msg="cgroupv2 io stats: skipping over unmappable dios=0 entry"
[95m35  : [0m[90;2m┆ ┆ [0m[90m[2h11m40s] [0m[90m|[0m time="2026-01-12T18:52:33Z" level=debug msg="Kube-router network policy controller metrics tick"
[95m35  : [0m[90;2m┆ ┆ [0m[90m[2h11m43s] [0m[90m|[0m time="2026-01-12T18:52:36Z" level=debug msg="cgroupv2 io stats: skipping over unmappable dbytes=0 entry"
[95m35  : [0m[90;2m┆ ┆ [0m[90m[2h11m43s] [0m[90m|[0m time="2026-01-12T18:52:36Z" level=debug msg="cgroupv2 io stats: skipping over unmappable dios=0 entry"
[95m35  : [0m[90;2m┆ ┆ [0m[90m[2h11m43s] [0m[90m|[0m time="2026-01-12T18:52:36Z" level=debug msg="Kube-router network policy controller metrics tick"
[95m35  : [0m[90;2m┆ ┆ [0m[90m[2h11m46s] [0m[90m|[0m time="2026-01-12T18:52:39Z" level=debug msg="Kube-router network policy controller metrics tick"
[95m35  : [0m[90;2m┆ ┆ [0m[90m[2h11m49s] [0m[90m|[0m time="2026-01-12T18:52:42Z" level=debug msg="Kube-router network policy controller metrics tick"
[95m35  : [0m[90;2m┆ ┆ [0m[90m[2h11m52s] [0m[90m|[0m time="2026-01-12T18:52:45Z" level=debug msg="Kube-router network policy controller metrics tick"
[95m35  : [0m[90;2m┆ ┆ [0m[90m[2h11m52s] [0m[90m|[0m time="2026-01-12T18:52:46Z" level=debug msg="cgroupv2 io stats: skipping over unmappable dbytes=0 entry"
[95m35  : [0m[90;2m┆ ┆ [0m[90m[2h11m52s] [0m[90m|[0m time="2026-01-12T18:52:46Z" level=debug msg="cgroupv2 io stats: skipping over unmappable dios=0 entry"
[95m35  : [0m[90;2m┆ ┆ [0m[90m[2h11m53s] [0m[90m|[0m time="2026-01-12T18:52:46Z" level=debug msg="cgroupv2 io stats: skipping over unmappable dbytes=0 entry"
[95m35  : [0m[90;2m┆ ┆ [0m[90m[2h11m53s] [0m[90m|[0m time="2026-01-12T18:52:46Z" level=debug msg="cgroupv2 io stats: skipping over unmappable dios=0 entry"
[95m35  : [0m[90;2m┆ ┆ [0m[90m[2h11m55s] [0m[90m|[0m time="2026-01-12T18:52:48Z" level=debug msg="Kube-router network policy controller metrics tick"
[95m35  : [0m[90;2m┆ ┆ [0m[90m[2h11m58s] [0m[90m|[0m time="2026-01-12T18:52:51Z" level=debug msg="Kube-router network policy controller metrics tick"
[95m35  : [0m[90;2m┆ ┆ [0m[90m[2h12m1s] [0m[90m|[0m time="2026-01-12T18:52:54Z" level=debug msg="Kube-router network policy controller metrics tick"
[95m35  : [0m[90;2m┆ ┆ [0m[90m[2h12m3s] [0m[90m|[0m time="2026-01-12T18:52:56Z" level=debug msg="cgroupv2 io stats: skipping over unmappable dbytes=0 entry"
[95m35  : [0m[90;2m┆ ┆ [0m[90m[2h12m3s] [0m[90m|[0m time="2026-01-12T18:52:56Z" level=debug msg="cgroupv2 io stats: skipping over unmappable dios=0 entry"
[95m35  : [0m[90;2m┆ ┆ [0m[90m[2h12m4s] [0m[90m|[0m time="2026-01-12T18:52:57Z" level=debug msg="Kube-router network policy controller metrics tick"
[95m35  : [0m[90;2m┆ ┆ [0m[90m[2h12m7s] [0m[90m|[0m time="2026-01-12T18:53:00Z" level=debug msg="Kube-router network policy controller metrics tick"
[95m35  : [0m[90;2m┆ ┆ [0m[90m[2h12m8s] [0m[90m|[0m time="2026-01-12T18:53:01Z" level=debug msg="cgroupv2 io stats: skipping over unmappable dbytes=0 entry"
[95m35  : [0m[90;2m┆ ┆ [0m[90m[2h12m8s] [0m[90m|[0m time="2026-01-12T18:53:01Z" level=debug msg="cgroupv2 io stats: skipping over unmappable dios=0 entry"
[95m35  : [0m[90;2m┆ ┆ [0m[90m[2h12m10s] [0m[90m|[0m time="2026-01-12T18:53:03Z" level=debug msg="Kube-router network policy controller metrics tick"
[95m35  : [0m[90;2m┆ ┆ [0m[90m[2h12m13s] [0m[90m|[0m time="2026-01-12T18:53:06Z" level=debug msg="cgroupv2 io stats: skipping over unmappable dbytes=0 entry"
[95m35  : [0m[90;2m┆ ┆ [0m[90m[2h12m13s] [0m[90m|[0m time="2026-01-12T18:53:06Z" level=debug msg="cgroupv2 io stats: skipping over unmappable dios=0 entry"
[95m35  : [0m[90;2m┆ ┆ [0m[90m[2h12m13s] [0m[90m|[0m time="2026-01-12T18:53:06Z" level=debug msg="Kube-router network policy controller metrics tick"
[95m35  : [0m[90;2m┆ ┆ [0m[90m[2h12m16s] [0m[90m|[0m time="2026-01-12T18:53:09Z" level=debug msg="Kube-router network policy controller metrics tick"
[95m35  : [0m[90;2m┆ ┆ [0m[90m[2h12m19s] [0m[90m|[0m time="2026-01-12T18:53:12Z" level=debug msg="Kube-router network policy controller metrics tick"
[95m35  : [0m[90;2m┆ ┆ [0m[90m[2h12m22s] [0m[90m|[0m time="2026-01-12T18:53:15Z" level=debug msg="Kube-router network policy controller metrics tick"
[95m35  : [0m[90;2m┆ ┆ [0m[90m[2h12m23s] [0m[90m|[0m time="2026-01-12T18:53:16Z" level=debug msg="cgroupv2 io stats: skipping over unmappable dbytes=0 entry"
[95m35  : [0m[90;2m┆ ┆ [0m[90m[2h12m23s] [0m[90m|[0m time="2026-01-12T18:53:16Z" level=debug msg="cgroupv2 io stats: skipping over unmappable dios=0 entry"
[95m35  : [0m[90;2m┆ ┆ [0m[90m[2h12m24s] [0m[90m|[0m time="2026-01-12T18:53:18Z" level=debug msg="cgroupv2 io stats: skipping over unmappable dbytes=0 entry"
[95m35  : [0m[90;2m┆ ┆ [0m[90m[2h12m24s] [0m[90m|[0m time="2026-01-12T18:53:18Z" level=debug msg="cgroupv2 io stats: skipping over unmappable dios=0 entry"
[95m35  : [0m[90;2m┆ ┆ [0m[90m[2h12m25s] [0m[90m|[0m time="2026-01-12T18:53:18Z" level=debug msg="Kube-router network policy controller metrics tick"
[95m35  : [0m[90;2m┆ ┆ [0m[90m[2h12m28s] [0m[90m|[0m time="2026-01-12T18:53:21Z" level=debug msg="Kube-router network policy controller metrics tick"
[95m35  : [0m[90;2m┆ ┆ [0m[90m[2h12m31s] [0m[90m|[0m time="2026-01-12T18:53:24Z" level=debug msg="Kube-router network policy controller metrics tick"
[95m35  : [0m[90;2m┆ ┆ [0m[90m[2h12m33s] [0m[90m|[0m time="2026-01-12T18:53:26Z" level=debug msg="cgroupv2 io stats: skipping over unmappable dbytes=0 entry"
[95m35  : [0m[90;2m┆ ┆ [0m[90m[2h12m33s] [0m[90m|[0m time="2026-01-12T18:53:26Z" level=debug msg="cgroupv2 io stats: skipping over unmappable dios=0 entry"
[95m35  : [0m[90;2m┆ ┆ [0m[90m[2h12m34s] [0m[90m|[0m time="2026-01-12T18:53:27Z" level=debug msg="Kube-router network policy controller metrics tick"
[95m35  : [0m[90;2m┆ ┆ [0m[90m[2h12m37s] [0m[90m|[0m time="2026-01-12T18:53:30Z" level=debug msg="Kube-router network policy controller metrics tick"
[95m35  : [0m[90;2m┆ ┆ [0m[90m[2h12m39s] [0m[90m|[0m time="2026-01-12T18:53:32Z" level=debug msg="cgroupv2 io stats: skipping over unmappable dbytes=0 entry"
[95m35  : [0m[90;2m┆ ┆ [0m[90m[2h12m39s] [0m[90m|[0m time="2026-01-12T18:53:32Z" level=debug msg="cgroupv2 io stats: skipping over unmappable dios=0 entry"
[95m35  : [0m[90;2m┆ ┆ [0m[90m[2h12m40s] [0m[90m|[0m time="2026-01-12T18:53:33Z" level=debug msg="Kube-router network policy controller metrics tick"
[95m35  : [0m[90;2m┆ ┆ [0m[90m[2h12m43s] [0m[90m|[0m time="2026-01-12T18:53:36Z" level=debug msg="cgroupv2 io stats: skipping over unmappable dbytes=0 entry"
[95m35  : [0m[90;2m┆ ┆ [0m[90m[2h12m43s] [0m[90m|[0m time="2026-01-12T18:53:36Z" level=debug msg="cgroupv2 io stats: skipping over unmappable dios=0 entry"
[95m35  : [0m[90;2m┆ ┆ [0m[90m[2h12m43s] [0m[90m|[0m time="2026-01-12T18:53:36Z" level=debug msg="Kube-router network policy controller metrics tick"
[95m35  : [0m[90;2m┆ ┆ [0m[90m[2h12m46s] [0m[90m|[0m time="2026-01-12T18:53:39Z" level=debug msg="Kube-router network policy controller metrics tick"
[95m35  : [0m[90;2m┆ ┆ [0m[90m[2h12m49s] [0m[90m|[0m time="2026-01-12T18:53:42Z" level=debug msg="Kube-router network policy controller metrics tick"
[95m35  : [0m[90;2m┆ ┆ [0m[90m[2h12m50s] [0m[90m|[0m time="2026-01-12T18:53:44Z" level=debug msg="cgroupv2 io stats: skipping over unmappable dbytes=0 entry"
[95m35  : [0m[90;2m┆ ┆ [0m[90m[2h12m50s] [0m[90m|[0m time="2026-01-12T18:53:44Z" level=debug msg="cgroupv2 io stats: skipping over unmappable dios=0 entry"
[95m35  : [0m[90;2m┆ ┆ [0m[90m[2h12m52s] [0m[90m|[0m time="2026-01-12T18:53:45Z" level=debug msg="Kube-router network policy controller metrics tick"
[95m35  : [0m[90;2m┆ ┆ [0m[90m[2h12m53s] [0m[90m|[0m time="2026-01-12T18:53:46Z" level=debug msg="cgroupv2 io stats: skipping over unmappable dbytes=0 entry"
[95m35  : [0m[90;2m┆ ┆ [0m[90m[2h12m53s] [0m[90m|[0m time="2026-01-12T18:53:46Z" level=debug msg="cgroupv2 io stats: skipping over unmappable dios=0 entry"
[95m35  : [0m[90;2m┆ ┆ [0m[90m[2h12m55s] [0m[90m|[0m time="2026-01-12T18:53:48Z" level=debug msg="Kube-router network policy controller metrics tick"
[95m35  : [0m[90;2m┆ ┆ [0m[90m[2h12m58s] [0m[90m|[0m time="2026-01-12T18:53:51Z" level=debug msg="Kube-router network policy controller metrics tick"
[95m35  : [0m[90;2m┆ ┆ [0m[90m[2h13m1s] [0m[90m|[0m time="2026-01-12T18:53:54Z" level=debug msg="Kube-router network policy controller metrics tick"
[95m35  : [0m[90;2m┆ ┆ [0m[90m[2h13m3s] [0m[90m|[0m time="2026-01-12T18:53:56Z" level=debug msg="cgroupv2 io stats: skipping over unmappable dbytes=0 entry"
[95m35  : [0m[90;2m┆ ┆ [0m[90m[2h13m3s] [0m[90m|[0m time="2026-01-12T18:53:56Z" level=debug msg="cgroupv2 io stats: skipping over unmappable dios=0 entry"
[95m35  : [0m[90;2m┆ ┆ [0m[90m[2h13m4s] [0m[90m|[0m time="2026-01-12T18:53:57Z" level=debug msg="Kube-router network policy controller metrics tick"
[95m35  : [0m[90;2m┆ ┆ [0m[90m[2h13m7s] [0m[90m|[0m time="2026-01-12T18:54:00Z" level=debug msg="Kube-router network policy controller metrics tick"
[95m35  : [0m[90;2m┆ ┆ [0m[90m[2h13m9s] [0m[90m|[0m time="2026-01-12T18:54:02Z" level=debug msg="cgroupv2 io stats: skipping over unmappable dbytes=0 entry"
[95m35  : [0m[90;2m┆ ┆ [0m[90m[2h13m9s] [0m[90m|[0m time="2026-01-12T18:54:02Z" level=debug msg="cgroupv2 io stats: skipping over unmappable dios=0 entry"
[95m35  : [0m[90;2m┆ ┆ [0m[90m[2h13m10s] [0m[90m|[0m time="2026-01-12T18:54:03Z" level=debug msg="Kube-router network policy controller metrics tick"
[95m35  : [0m[90;2m┆ ┆ [0m[90m[2h13m13s] [0m[90m|[0m time="2026-01-12T18:54:06Z" level=debug msg="cgroupv2 io stats: skipping over unmappable dbytes=0 entry"
[95m35  : [0m[90;2m┆ ┆ [0m[90m[2h13m13s] [0m[90m|[0m time="2026-01-12T18:54:06Z" level=debug msg="cgroupv2 io stats: skipping over unmappable dios=0 entry"
[95m35  : [0m[90;2m┆ ┆ [0m[90m[2h13m13s] [0m[90m|[0m time="2026-01-12T18:54:06Z" level=debug msg="Kube-router network policy controller metrics tick"
[95m35  : [0m[90;2m┆ ┆ [0m[90m[2h13m16s] [0m[90m|[0m time="2026-01-12T18:54:09Z" level=debug msg="Kube-router network policy controller metrics tick"
[95m35  : [0m[90;2m┆ ┆ [0m[90m[2h13m19s] [0m[90m|[0m time="2026-01-12T18:54:12Z" level=debug msg="Kube-router network policy controller metrics tick"
[95m35  : [0m[90;2m┆ ┆ [0m[90m[2h13m20s] [0m[90m|[0m time="2026-01-12T18:54:13Z" level=debug msg="cgroupv2 io stats: skipping over unmappable dbytes=0 entry"
[95m35  : [0m[90;2m┆ ┆ [0m[90m[2h13m20s] [0m[90m|[0m time="2026-01-12T18:54:13Z" level=debug msg="cgroupv2 io stats: skipping over unmappable dios=0 entry"
[95m35  : [0m[90;2m┆ ┆ [0m[90m[2h13m22s] [0m[90m|[0m time="2026-01-12T18:54:15Z" level=debug msg="Kube-router network policy controller metrics tick"
[95m35  : [0m[90;2m┆ ┆ [0m[90m[2h13m23s] [0m[90m|[0m time="2026-01-12T18:54:16Z" level=debug msg="cgroupv2 io stats: skipping over unmappable dbytes=0 entry"
[95m35  : [0m[90;2m┆ ┆ [0m[90m[2h13m23s] [0m[90m|[0m time="2026-01-12T18:54:16Z" level=debug msg="cgroupv2 io stats: skipping over unmappable dios=0 entry"
[95m35  : [0m[90;2m┆ ┆ [0m[90m[2h13m25s] [0m[90m|[0m time="2026-01-12T18:54:18Z" level=debug msg="Kube-router network policy controller metrics tick"
[95m35  : [0m[90;2m┆ ┆ [0m[90m[2h13m28s] [0m[90m|[0m time="2026-01-12T18:54:21Z" level=debug msg="Kube-router network policy controller metrics tick"
[95m35  : [0m[90;2m┆ ┆ [0m[90m[2h13m31s] [0m[90m|[0m time="2026-01-12T18:54:24Z" level=debug msg="Kube-router network policy controller metrics tick"
[95m35  : [0m[90;2m┆ ┆ [0m[90m[2h13m33s] [0m[90m|[0m time="2026-01-12T18:54:26Z" level=debug msg="cgroupv2 io stats: skipping over unmappable dbytes=0 entry"
[95m35  : [0m[90;2m┆ ┆ [0m[90m[2h13m33s] [0m[90m|[0m time="2026-01-12T18:54:26Z" level=debug msg="cgroupv2 io stats: skipping over unmappable dios=0 entry"
[95m35  : [0m[90;2m┆ ┆ [0m[90m[2h13m34s] [0m[90m|[0m time="2026-01-12T18:54:27Z" level=debug msg="Kube-router network policy controller metrics tick"
[95m35  : [0m[90;2m┆ ┆ [0m[90m[2h13m37s] [0m[90m|[0m time="2026-01-12T18:54:30Z" level=debug msg="Kube-router network policy controller metrics tick"
[95m35  : [0m[90;2m┆ ┆ [0m[90m[2h13m38s] [0m[90m|[0m time="2026-01-12T18:54:31Z" level=debug msg="cgroupv2 io stats: skipping over unmappable dbytes=0 entry"
[95m35  : [0m[90;2m┆ ┆ [0m[90m[2h13m38s] [0m[90m|[0m time="2026-01-12T18:54:31Z" level=debug msg="cgroupv2 io stats: skipping over unmappable dios=0 entry"
[95m35  : [0m[90;2m┆ ┆ [0m[90m[2h13m40s] [0m[90m|[0m time="2026-01-12T18:54:33Z" level=debug msg="Kube-router network policy controller metrics tick"
[95m35  : [0m[90;2m┆ ┆ [0m[90m[2h13m43s] [0m[90m|[0m time="2026-01-12T18:54:36Z" level=debug msg="cgroupv2 io stats: skipping over unmappable dbytes=0 entry"
[95m35  : [0m[90;2m┆ ┆ [0m[90m[2h13m43s] [0m[90m|[0m time="2026-01-12T18:54:36Z" level=debug msg="cgroupv2 io stats: skipping over unmappable dios=0 entry"
[95m35  : [0m[90;2m┆ ┆ [0m[90m[2h13m43s] [0m[90m|[0m time="2026-01-12T18:54:36Z" level=debug msg="Kube-router network policy controller metrics tick"
[95m35  : [0m[90;2m┆ ┆ [0m[90m[2h13m46s] [0m[90m|[0m time="2026-01-12T18:54:39Z" level=debug msg="Kube-router network policy controller metrics tick"
[95m35  : [0m[90;2m┆ ┆ [0m[90m[2h13m49s] [0m[90m|[0m time="2026-01-12T18:54:42Z" level=debug msg="Kube-router network policy controller metrics tick"
[95m35  : [0m[90;2m┆ ┆ [0m[90m[2h13m52s] [0m[90m|[0m time="2026-01-12T18:54:45Z" level=debug msg="Kube-router network policy controller metrics tick"
[95m35  : [0m[90;2m┆ ┆ [0m[90m[2h13m53s] [0m[90m|[0m time="2026-01-12T18:54:46Z" level=debug msg="cgroupv2 io stats: skipping over unmappable dbytes=0 entry"
[95m35  : [0m[90;2m┆ ┆ [0m[90m[2h13m53s] [0m[90m|[0m time="2026-01-12T18:54:46Z" level=debug msg="cgroupv2 io stats: skipping over unmappable dios=0 entry"
[95m35  : [0m[90;2m┆ ┆ [0m[90m[2h13m53s] [0m[90m|[0m time="2026-01-12T18:54:46Z" level=debug msg="cgroupv2 io stats: skipping over unmappable dbytes=0 entry"
[95m35  : [0m[90;2m┆ ┆ [0m[90m[2h13m53s] [0m[90m|[0m time="2026-01-12T18:54:46Z" level=debug msg="cgroupv2 io stats: skipping over unmappable dios=0 entry"
[95m35  : [0m[90;2m┆ ┆ [0m[90m[2h13m55s] [0m[90m|[0m time="2026-01-12T18:54:48Z" level=debug msg="Kube-router network policy controller metrics tick"
[95m35  : [0m[90;2m┆ ┆ [0m[90m[2h13m58s] [0m[90m|[0m time="2026-01-12T18:54:51Z" level=debug msg="Kube-router network policy controller metrics tick"
[95m35  : [0m[90;2m┆ ┆ [0m[90m[2h14m1s] [0m[90m|[0m time="2026-01-12T18:54:54Z" level=debug msg="Kube-router network policy controller metrics tick"
[95m35  : [0m[90;2m┆ ┆ [0m[90m[2h14m3s] [0m[90m|[0m time="2026-01-12T18:54:56Z" level=debug msg="cgroupv2 io stats: skipping over unmappable dbytes=0 entry"
[95m35  : [0m[90;2m┆ ┆ [0m[90m[2h14m3s] [0m[90m|[0m time="2026-01-12T18:54:56Z" level=debug msg="cgroupv2 io stats: skipping over unmappable dios=0 entry"
[95m35  : [0m[90;2m┆ ┆ [0m[90m[2h14m4s] [0m[90m|[0m time="2026-01-12T18:54:57Z" level=debug msg="Kube-router network policy controller metrics tick"
[95m35  : [0m[90;2m┆ ┆ [0m[90m[2h14m7s] [0m[90m|[0m time="2026-01-12T18:55:00Z" level=debug msg="Kube-router network policy controller metrics tick"
[95m35  : [0m[90;2m┆ ┆ [0m[90m[2h14m8s] [0m[90m|[0m time="2026-01-12T18:55:02Z" level=debug msg="cgroupv2 io stats: skipping over unmappable dbytes=0 entry"
[95m35  : [0m[90;2m┆ ┆ [0m[90m[2h14m8s] [0m[90m|[0m time="2026-01-12T18:55:02Z" level=debug msg="cgroupv2 io stats: skipping over unmappable dios=0 entry"
[95m35  : [0m[90;2m┆ ┆ [0m[90m[2h14m10s] [0m[90m|[0m time="2026-01-12T18:55:03Z" level=debug msg="Kube-router network policy controller metrics tick"
[95m35  : [0m[90;2m┆ ┆ [0m[90m[2h14m13s] [0m[90m|[0m time="2026-01-12T18:55:06Z" level=debug msg="cgroupv2 io stats: skipping over unmappable dbytes=0 entry"
[95m35  : [0m[90;2m┆ ┆ [0m[90m[2h14m13s] [0m[90m|[0m time="2026-01-12T18:55:06Z" level=debug msg="cgroupv2 io stats: skipping over unmappable dios=0 entry"
[95m35  : [0m[90;2m┆ ┆ [0m[90m[2h14m13s] [0m[90m|[0m time="2026-01-12T18:55:06Z" level=debug msg="Kube-router network policy controller metrics tick"
[95m35  : [0m[90;2m┆ ┆ [0m[90m[2h14m16s] [0m[90m|[0m time="2026-01-12T18:55:09Z" level=debug msg="Kube-router network policy controller metrics tick"
[95m35  : [0m[90;2m┆ ┆ [0m[90m[2h14m19s] [0m[90m|[0m time="2026-01-12T18:55:12Z" level=debug msg="Kube-router network policy controller metrics tick"
[95m35  : [0m[90;2m┆ ┆ [0m[90m[2h14m20s] [0m[90m|[0m time="2026-01-12T18:55:13Z" level=debug msg="cgroupv2 io stats: skipping over unmappable dbytes=0 entry"
[95m35  : [0m[90;2m┆ ┆ [0m[90m[2h14m20s] [0m[90m|[0m time="2026-01-12T18:55:13Z" level=debug msg="cgroupv2 io stats: skipping over unmappable dios=0 entry"
[95m35  : [0m[90;2m┆ ┆ [0m[90m[2h14m22s] [0m[90m|[0m time="2026-01-12T18:55:15Z" level=debug msg="Kube-router network policy controller metrics tick"
[95m35  : [0m[90;2m┆ ┆ [0m[90m[2h14m23s] [0m[90m|[0m time="2026-01-12T18:55:16Z" level=debug msg="cgroupv2 io stats: skipping over unmappable dbytes=0 entry"
[95m35  : [0m[90;2m┆ ┆ [0m[90m[2h14m23s] [0m[90m|[0m time="2026-01-12T18:55:16Z" level=debug msg="cgroupv2 io stats: skipping over unmappable dios=0 entry"
[95m35  : [0m[90;2m┆ ┆ [0m[90m[2h14m25s] [0m[90m|[0m time="2026-01-12T18:55:18Z" level=debug msg="Kube-router network policy controller metrics tick"
[95m35  : [0m[90;2m┆ ┆ [0m[90m[2h14m28s] [0m[90m|[0m time="2026-01-12T18:55:21Z" level=debug msg="Kube-router network policy controller metrics tick"
[95m35  : [0m[90;2m┆ ┆ [0m[90m[2h14m31s] [0m[90m|[0m time="2026-01-12T18:55:24Z" level=debug msg="Kube-router network policy controller metrics tick"
[95m35  : [0m[90;2m┆ ┆ [0m[90m[2h14m33s] [0m[90m|[0m time="2026-01-12T18:55:26Z" level=debug msg="cgroupv2 io stats: skipping over unmappable dbytes=0 entry"
[95m35  : [0m[90;2m┆ ┆ [0m[90m[2h14m33s] [0m[90m|[0m time="2026-01-12T18:55:26Z" level=debug msg="cgroupv2 io stats: skipping over unmappable dios=0 entry"
[95m35  : [0m[90;2m┆ ┆ [0m[90m[2h14m34s] [0m[90m|[0m time="2026-01-12T18:55:27Z" level=debug msg="Kube-router network policy controller metrics tick"
[95m35  : [0m[90;2m┆ ┆ [0m[90m[2h14m36s] [0m[90m|[0m time="2026-01-12T18:55:29Z" level=debug msg="cgroupv2 io stats: skipping over unmappable dbytes=0 entry"
[95m35  : [0m[90;2m┆ ┆ [0m[90m[2h14m36s] [0m[90m|[0m time="2026-01-12T18:55:29Z" level=debug msg="cgroupv2 io stats: skipping over unmappable dios=0 entry"
[95m35  : [0m[90;2m┆ ┆ [0m[90m[2h14m37s] [0m[90m|[0m time="2026-01-12T18:55:30Z" level=debug msg="Kube-router network policy controller metrics tick"
[95m35  : [0m[90;2m┆ ┆ [0m[90m[2h14m40s] [0m[90m|[0m time="2026-01-12T18:55:33Z" level=debug msg="Kube-router network policy controller metrics tick"
[95m35  : [0m[90;2m┆ ┆ [0m[90m[2h14m43s] [0m[90m|[0m time="2026-01-12T18:55:36Z" level=debug msg="cgroupv2 io stats: skipping over unmappable dbytes=0 entry"
[95m35  : [0m[90;2m┆ ┆ [0m[90m[2h14m43s] [0m[90m|[0m time="2026-01-12T18:55:36Z" level=debug msg="cgroupv2 io stats: skipping over unmappable dios=0 entry"
[95m35  : [0m[90;2m┆ ┆ [0m[90m[2h14m43s] [0m[90m|[0m time="2026-01-12T18:55:36Z" level=debug msg="Kube-router network policy controller metrics tick"
[95m35  : [0m[90;2m┆ ┆ [0m[90m[2h14m46s] [0m[90m|[0m time="2026-01-12T18:55:39Z" level=debug msg="Kube-router network policy controller metrics tick"
[95m35  : [0m[90;2m┆ ┆ [0m[90m[2h14m49s] [0m[90m|[0m time="2026-01-12T18:55:42Z" level=debug msg="Kube-router network policy controller metrics tick"
[95m35  : [0m[90;2m┆ ┆ [0m[90m[2h14m50s] [0m[90m|[0m time="2026-01-12T18:55:43Z" level=debug msg="cgroupv2 io stats: skipping over unmappable dbytes=0 entry"
[95m35  : [0m[90;2m┆ ┆ [0m[90m[2h14m50s] [0m[90m|[0m time="2026-01-12T18:55:43Z" level=debug msg="cgroupv2 io stats: skipping over unmappable dios=0 entry"
[95m35  : [0m[90;2m┆ ┆ [0m[90m[2h14m52s] [0m[90m|[0m time="2026-01-12T18:55:45Z" level=debug msg="Kube-router network policy controller metrics tick"
[95m35  : [0m[90;2m┆ ┆ [0m[90m[2h14m53s] [0m[90m|[0m time="2026-01-12T18:55:46Z" level=debug msg="cgroupv2 io stats: skipping over unmappable dbytes=0 entry"
[95m35  : [0m[90;2m┆ ┆ [0m[90m[2h14m53s] [0m[90m|[0m time="2026-01-12T18:55:46Z" level=debug msg="cgroupv2 io stats: skipping over unmappable dios=0 entry"
[95m35  : [0m[90;2m┆ ┆ [0m[90m[2h14m55s] [0m[90m|[0m time="2026-01-12T18:55:48Z" level=debug msg="Kube-router network policy controller metrics tick"
[95m35  : [0m[90;2m┆ ┆ [0m[90m[2h14m58s] [0m[90m|[0m time="2026-01-12T18:55:51Z" level=debug msg="Kube-router network policy controller metrics tick"
[95m35  : [0m[90;2m┆ ┆ [0m[90m[2h15m1s] [0m[90m|[0m time="2026-01-12T18:55:54Z" level=debug msg="Kube-router network policy controller metrics tick"
[95m35  : [0m[90;2m┆ ┆ [0m[90m[2h15m3s] [0m[90m|[0m time="2026-01-12T18:55:56Z" level=debug msg="cgroupv2 io stats: skipping over unmappable dbytes=0 entry"
[95m35  : [0m[90;2m┆ ┆ [0m[90m[2h15m3s] [0m[90m|[0m time="2026-01-12T18:55:56Z" level=debug msg="cgroupv2 io stats: skipping over unmappable dios=0 entry"
[95m35  : [0m[90;2m┆ ┆ [0m[90m[2h15m4s] [0m[90m|[0m time="2026-01-12T18:55:57Z" level=debug msg="Kube-router network policy controller metrics tick"
[95m35  : [0m[90;2m┆ ┆ [0m[90m[2h15m5s] [0m[90m|[0m time="2026-01-12T18:55:58Z" level=debug msg="cgroupv2 io stats: skipping over unmappable dbytes=0 entry"
[95m35  : [0m[90;2m┆ ┆ [0m[90m[2h15m5s] [0m[90m|[0m time="2026-01-12T18:55:58Z" level=debug msg="cgroupv2 io stats: skipping over unmappable dios=0 entry"
[95m35  : [0m[90;2m┆ ┆ [0m[90m[2h15m7s] [0m[90m|[0m time="2026-01-12T18:56:00Z" level=debug msg="Kube-router network policy controller metrics tick"
[95m35  : [0m[90;2m┆ ┆ [0m[90m[2h15m10s] [0m[90m|[0m time="2026-01-12T18:56:03Z" level=debug msg="Kube-router network policy controller metrics tick"
[95m35  : [0m[90;2m┆ ┆ [0m[90m[2h15m13s] [0m[90m|[0m time="2026-01-12T18:56:06Z" level=debug msg="cgroupv2 io stats: skipping over unmappable dbytes=0 entry"
[95m35  : [0m[90;2m┆ ┆ [0m[90m[2h15m13s] [0m[90m|[0m time="2026-01-12T18:56:06Z" level=debug msg="cgroupv2 io stats: skipping over unmappable dios=0 entry"
[95m35  : [0m[90;2m┆ ┆ [0m[90m[2h15m13s] [0m[90m|[0m time="2026-01-12T18:56:06Z" level=debug msg="Kube-router network policy controller metrics tick"
[95m35  : [0m[90;2m┆ ┆ [0m[90m[2h15m16s] [0m[90m|[0m time="2026-01-12T18:56:09Z" level=debug msg="Kube-router network policy controller metrics tick"
[95m35  : [0m[90;2m┆ ┆ [0m[90m[2h15m19s] [0m[90m|[0m time="2026-01-12T18:56:12Z" level=debug msg="Kube-router network policy controller metrics tick"
[95m35  : [0m[90;2m┆ ┆ [0m[90m[2h15m20s] [0m[90m|[0m time="2026-01-12T18:56:14Z" level=debug msg="cgroupv2 io stats: skipping over unmappable dbytes=0 entry"
[95m35  : [0m[90;2m┆ ┆ [0m[90m[2h15m20s] [0m[90m|[0m time="2026-01-12T18:56:14Z" level=debug msg="cgroupv2 io stats: skipping over unmappable dios=0 entry"
[95m35  : [0m[90;2m┆ ┆ [0m[90m[2h15m22s] [0m[90m|[0m time="2026-01-12T18:56:15Z" level=debug msg="Kube-router network policy controller metrics tick"
[95m35  : [0m[90;2m┆ ┆ [0m[90m[2h15m23s] [0m[90m|[0m time="2026-01-12T18:56:16Z" level=debug msg="cgroupv2 io stats: skipping over unmappable dbytes=0 entry"
[95m35  : [0m[90;2m┆ ┆ [0m[90m[2h15m23s] [0m[90m|[0m time="2026-01-12T18:56:16Z" level=debug msg="cgroupv2 io stats: skipping over unmappable dios=0 entry"
[95m35  : [0m[90;2m┆ ┆ [0m[90m[2h15m25s] [0m[90m|[0m time="2026-01-12T18:56:18Z" level=debug msg="Kube-router network policy controller metrics tick"
[95m35  : [0m[90;2m┆ ┆ [0m[90m[2h15m28s] [0m[90m|[0m time="2026-01-12T18:56:21Z" level=debug msg="Kube-router network policy controller metrics tick"
[95m35  : [0m[90;2m┆ ┆ [0m[90m[2h15m31s] [0m[90m|[0m time="2026-01-12T18:56:24Z" level=debug msg="Kube-router network policy controller metrics tick"
[95m35  : [0m[90;2m┆ ┆ [0m[90m[2h15m33s] [0m[90m|[0m time="2026-01-12T18:56:26Z" level=debug msg="cgroupv2 io stats: skipping over unmappable dbytes=0 entry"
[95m35  : [0m[90;2m┆ ┆ [0m[90m[2h15m33s] [0m[90m|[0m time="2026-01-12T18:56:26Z" level=debug msg="cgroupv2 io stats: skipping over unmappable dios=0 entry"
[95m35  : [0m[90;2m┆ ┆ [0m[90m[2h15m34s] [0m[90m|[0m time="2026-01-12T18:56:27Z" level=debug msg="Kube-router network policy controller metrics tick"
[95m35  : [0m[90;2m┆ ┆ [0m[90m[2h15m37s] [0m[90m|[0m time="2026-01-12T18:56:30Z" level=debug msg="Kube-router network policy controller metrics tick"
[95m35  : [0m[90;2m┆ ┆ [0m[90m[2h15m37s] [0m[90m|[0m time="2026-01-12T18:56:31Z" level=debug msg="cgroupv2 io stats: skipping over unmappable dbytes=0 entry"
[95m35  : [0m[90;2m┆ ┆ [0m[90m[2h15m37s] [0m[90m|[0m time="2026-01-12T18:56:31Z" level=debug msg="cgroupv2 io stats: skipping over unmappable dios=0 entry"
[95m35  : [0m[90;2m┆ ┆ [0m[90m[2h15m40s] [0m[90m|[0m time="2026-01-12T18:56:33Z" level=debug msg="Kube-router network policy controller metrics tick"
[95m35  : [0m[90;2m┆ ┆ [0m[90m[2h15m43s] [0m[90m|[0m time="2026-01-12T18:56:36Z" level=debug msg="cgroupv2 io stats: skipping over unmappable dbytes=0 entry"
[95m35  : [0m[90;2m┆ ┆ [0m[90m[2h15m43s] [0m[90m|[0m time="2026-01-12T18:56:36Z" level=debug msg="cgroupv2 io stats: skipping over unmappable dios=0 entry"
[95m35  : [0m[90;2m┆ ┆ [0m[90m[2h15m43s] [0m[90m|[0m time="2026-01-12T18:56:36Z" level=debug msg="Kube-router network policy controller metrics tick"
[95m35  : [0m[90;2m┆ ┆ [0m[90m[2h15m44s] [0m[90m|[0m time="2026-01-12T18:56:37Z" level=info msg="COMPACT compactRev=799 targetCompactRev=891 currentRev=1891"
[95m35  : [0m[90;2m┆ ┆ [0m[90m[2h15m44s] [0m[90m|[0m I0112 18:56:37.759153      14 cidrallocator.go:277] updated ClusterIP allocator for Service CIDR 10.43.0.0/16
[95m35  : [0m[90;2m┆ ┆ [0m[90m[2h15m44s] [0m[90m|[0m time="2026-01-12T18:56:37Z" level=info msg="COMPACT deleted 92 rows from 92 revisions in 3.877927ms - compacted to 891/1891"
[95m35  : [0m[90;2m┆ ┆ [0m[90m[2h15m44s] [0m[90m|[0m time="2026-01-12T18:56:37Z" level=info msg="COMPACT compacted from 799 to 891 in 1 transactions over 4ms"
[95m35  : [0m[90;2m┆ ┆ [0m[90m[2h15m46s] [0m[90m|[0m time="2026-01-12T18:56:39Z" level=debug msg="Kube-router network policy controller metrics tick"
[95m35  : [0m[90;2m┆ ┆ [0m[90m[2h15m46s] [0m[90m|[0m W0112 18:56:40.450322      14 info.go:53] Couldn't collect info from any of the files in "/etc/machine-id,/var/lib/dbus/machine-id"
[95m35  : [0m[90;2m┆ ┆ [0m[90m[2h15m49s] [0m[90m|[0m time="2026-01-12T18:56:42Z" level=debug msg="Kube-router network policy controller metrics tick"
[95m35  : [0m[90;2m┆ ┆ [0m[90m[2h15m51s] [0m[90m|[0m time="2026-01-12T18:56:45Z" level=debug msg="cgroupv2 io stats: skipping over unmappable dbytes=0 entry"
[95m35  : [0m[90;2m┆ ┆ [0m[90m[2h15m51s] [0m[90m|[0m time="2026-01-12T18:56:45Z" level=debug msg="cgroupv2 io stats: skipping over unmappable dios=0 entry"
[95m35  : [0m[90;2m┆ ┆ [0m[90m[2h15m52s] [0m[90m|[0m time="2026-01-12T18:56:45Z" level=debug msg="Kube-router network policy controller metrics tick"
[95m35  : [0m[90;2m┆ ┆ [0m[90m[2h15m53s] [0m[90m|[0m time="2026-01-12T18:56:46Z" level=debug msg="cgroupv2 io stats: skipping over unmappable dbytes=0 entry"
[95m35  : [0m[90;2m┆ ┆ [0m[90m[2h15m53s] [0m[90m|[0m time="2026-01-12T18:56:46Z" level=debug msg="cgroupv2 io stats: skipping over unmappable dios=0 entry"
[95m35  : [0m[90;2m┆ ┆ [0m[90m[2h15m55s] [0m[90m|[0m time="2026-01-12T18:56:48Z" level=debug msg="Kube-router network policy controller metrics tick"
[95m35  : [0m[90;2m┆ ┆ [0m[90m[2h15m58s] [0m[90m|[0m time="2026-01-12T18:56:51Z" level=debug msg="Kube-router network policy controller metrics tick"
[95m35  : [0m[90;2m┆ ┆ [0m[90m[2h16m1s] [0m[90m|[0m time="2026-01-12T18:56:54Z" level=debug msg="Kube-router network policy controller metrics tick"
[95m35  : [0m[90;2m┆ ┆ [0m[90m[2h16m3s] [0m[90m|[0m time="2026-01-12T18:56:56Z" level=debug msg="cgroupv2 io stats: skipping over unmappable dbytes=0 entry"
[95m35  : [0m[90;2m┆ ┆ [0m[90m[2h16m3s] [0m[90m|[0m time="2026-01-12T18:56:56Z" level=debug msg="cgroupv2 io stats: skipping over unmappable dios=0 entry"
[95m35  : [0m[90;2m┆ ┆ [0m[90m[2h16m4s] [0m[90m|[0m time="2026-01-12T18:56:57Z" level=debug msg="Kube-router network policy controller metrics tick"
[95m35  : [0m[90;2m┆ ┆ [0m[90m[2h16m7s] [0m[90m|[0m time="2026-01-12T18:57:00Z" level=debug msg="Kube-router network policy controller metrics tick"
[95m35  : [0m[90;2m┆ ┆ [0m[90m[2h16m10s] [0m[90m|[0m time="2026-01-12T18:57:03Z" level=debug msg="Kube-router network policy controller metrics tick"
[95m35  : [0m[90;2m┆ ┆ [0m[90m[2h16m10s] [0m[90m|[0m time="2026-01-12T18:57:04Z" level=debug msg="cgroupv2 io stats: skipping over unmappable dbytes=0 entry"
[95m35  : [0m[90;2m┆ ┆ [0m[90m[2h16m10s] [0m[90m|[0m time="2026-01-12T18:57:04Z" level=debug msg="cgroupv2 io stats: skipping over unmappable dios=0 entry"
[95m35  : [0m[90;2m┆ ┆ [0m[90m[2h16m13s] [0m[90m|[0m time="2026-01-12T18:57:06Z" level=debug msg="cgroupv2 io stats: skipping over unmappable dbytes=0 entry"
[95m35  : [0m[90;2m┆ ┆ [0m[90m[2h16m13s] [0m[90m|[0m time="2026-01-12T18:57:06Z" level=debug msg="cgroupv2 io stats: skipping over unmappable dios=0 entry"
[95m35  : [0m[90;2m┆ ┆ [0m[90m[2h16m13s] [0m[90m|[0m time="2026-01-12T18:57:06Z" level=debug msg="Kube-router network policy controller metrics tick"
[95m35  : [0m[90;2m┆ ┆ [0m[90m[2h16m16s] [0m[90m|[0m time="2026-01-12T18:57:09Z" level=debug msg="Kube-router network policy controller metrics tick"
[95m35  : [0m[90;2m┆ ┆ [0m[90m[2h16m19s] [0m[90m|[0m time="2026-01-12T18:57:12Z" level=debug msg="Kube-router network policy controller metrics tick"
[95m35  : [0m[90;2m┆ ┆ [0m[90m[2h16m21s] [0m[90m|[0m time="2026-01-12T18:57:15Z" level=debug msg="cgroupv2 io stats: skipping over unmappable dbytes=0 entry"
[95m35  : [0m[90;2m┆ ┆ [0m[90m[2h16m21s] [0m[90m|[0m time="2026-01-12T18:57:15Z" level=debug msg="cgroupv2 io stats: skipping over unmappable dios=0 entry"
[95m35  : [0m[90;2m┆ ┆ [0m[90m[2h16m22s] [0m[90m|[0m time="2026-01-12T18:57:15Z" level=debug msg="Kube-router network policy controller metrics tick"
[95m35  : [0m[90;2m┆ ┆ [0m[90m[2h16m23s] [0m[90m|[0m time="2026-01-12T18:57:16Z" level=debug msg="cgroupv2 io stats: skipping over unmappable dbytes=0 entry"
[95m35  : [0m[90;2m┆ ┆ [0m[90m[2h16m23s] [0m[90m|[0m time="2026-01-12T18:57:16Z" level=debug msg="cgroupv2 io stats: skipping over unmappable dios=0 entry"
[95m35  : [0m[90;2m┆ ┆ [0m[90m[2h16m25s] [0m[90m|[0m time="2026-01-12T18:57:18Z" level=debug msg="Kube-router network policy controller metrics tick"
[95m35  : [0m[90;2m┆ ┆ [0m[90m[2h16m28s] [0m[90m|[0m time="2026-01-12T18:57:21Z" level=debug msg="Kube-router network policy controller metrics tick"
[95m35  : [0m[90;2m┆ ┆ [0m[90m[2h16m31s] [0m[90m|[0m time="2026-01-12T18:57:24Z" level=debug msg="Kube-router network policy controller metrics tick"
[95m35  : [0m[90;2m┆ ┆ [0m[90m[2h16m33s] [0m[90m|[0m time="2026-01-12T18:57:26Z" level=debug msg="cgroupv2 io stats: skipping over unmappable dbytes=0 entry"
[95m35  : [0m[90;2m┆ ┆ [0m[90m[2h16m33s] [0m[90m|[0m time="2026-01-12T18:57:26Z" level=debug msg="cgroupv2 io stats: skipping over unmappable dios=0 entry"
[95m35  : [0m[90;2m┆ ┆ [0m[90m[2h16m34s] [0m[90m|[0m time="2026-01-12T18:57:27Z" level=debug msg="Kube-router network policy controller metrics tick"
[95m35  : [0m[90;2m┆ ┆ [0m[90m[2h16m36s] [0m[90m|[0m time="2026-01-12T18:57:30Z" level=debug msg="cgroupv2 io stats: skipping over unmappable dbytes=0 entry"
[95m35  : [0m[90;2m┆ ┆ [0m[90m[2h16m36s] [0m[90m|[0m time="2026-01-12T18:57:30Z" level=debug msg="cgroupv2 io stats: skipping over unmappable dios=0 entry"
[95m35  : [0m[90;2m┆ ┆ [0m[90m[2h16m37s] [0m[90m|[0m time="2026-01-12T18:57:30Z" level=debug msg="Kube-router network policy controller metrics tick"
[95m35  : [0m[90;2m┆ ┆ [0m[90m[2h16m40s] [0m[90m|[0m time="2026-01-12T18:57:33Z" level=debug msg="Kube-router network policy controller metrics tick"
[95m35  : [0m[90;2m┆ ┆ [0m[90m[2h16m43s] [0m[90m|[0m time="2026-01-12T18:57:36Z" level=debug msg="Kube-router network policy controller metrics tick"
[95m35  : [0m[90;2m┆ ┆ [0m[90m[2h16m43s] [0m[90m|[0m time="2026-01-12T18:57:36Z" level=debug msg="cgroupv2 io stats: skipping over unmappable dbytes=0 entry"
[95m35  : [0m[90;2m┆ ┆ [0m[90m[2h16m43s] [0m[90m|[0m time="2026-01-12T18:57:36Z" level=debug msg="cgroupv2 io stats: skipping over unmappable dios=0 entry"
[95m35  : [0m[90;2m┆ ┆ [0m[90m[2h16m46s] [0m[90m|[0m time="2026-01-12T18:57:39Z" level=debug msg="Kube-router network policy controller metrics tick"
[95m35  : [0m[90;2m┆ ┆ [0m[90m[2h16m49s] [0m[90m|[0m time="2026-01-12T18:57:42Z" level=debug msg="Kube-router network policy controller metrics tick"
[95m35  : [0m[90;2m┆ ┆ [0m[90m[2h16m52s] [0m[90m|[0m time="2026-01-12T18:57:45Z" level=debug msg="Kube-router network policy controller metrics tick"
[95m35  : [0m[90;2m┆ ┆ [0m[90m[2h16m53s] [0m[90m|[0m time="2026-01-12T18:57:46Z" level=debug msg="cgroupv2 io stats: skipping over unmappable dbytes=0 entry"
[95m35  : [0m[90;2m┆ ┆ [0m[90m[2h16m53s] [0m[90m|[0m time="2026-01-12T18:57:46Z" level=debug msg="cgroupv2 io stats: skipping over unmappable dios=0 entry"
[95m35  : [0m[90;2m┆ ┆ [0m[90m[2h16m53s] [0m[90m|[0m time="2026-01-12T18:57:46Z" level=debug msg="cgroupv2 io stats: skipping over unmappable dbytes=0 entry"
[95m35  : [0m[90;2m┆ ┆ [0m[90m[2h16m53s] [0m[90m|[0m time="2026-01-12T18:57:46Z" level=debug msg="cgroupv2 io stats: skipping over unmappable dios=0 entry"
[95m35  : [0m[90;2m┆ ┆ [0m[90m[2h16m55s] [0m[90m|[0m time="2026-01-12T18:57:48Z" level=debug msg="Kube-router network policy controller metrics tick"
[95m35  : [0m[90;2m┆ ┆ [0m[90m[2h16m58s] [0m[90m|[0m time="2026-01-12T18:57:51Z" level=debug msg="Kube-router network policy controller metrics tick"
[95m35  : [0m[90;2m┆ ┆ [0m[90m[2h17m1s] [0m[90m|[0m time="2026-01-12T18:57:54Z" level=debug msg="Kube-router network policy controller metrics tick"
[95m35  : [0m[90;2m┆ ┆ [0m[90m[2h17m3s] [0m[90m|[0m time="2026-01-12T18:57:56Z" level=debug msg="cgroupv2 io stats: skipping over unmappable dbytes=0 entry"
[95m35  : [0m[90;2m┆ ┆ [0m[90m[2h17m3s] [0m[90m|[0m time="2026-01-12T18:57:56Z" level=debug msg="cgroupv2 io stats: skipping over unmappable dios=0 entry"
[95m35  : [0m[90;2m┆ ┆ [0m[90m[2h17m4s] [0m[90m|[0m time="2026-01-12T18:57:57Z" level=debug msg="Kube-router network policy controller metrics tick"
[95m35  : [0m[90;2m┆ ┆ [0m[90m[2h17m7s] [0m[90m|[0m time="2026-01-12T18:58:00Z" level=debug msg="Kube-router network policy controller metrics tick"
[95m35  : [0m[90;2m┆ ┆ [0m[90m[2h17m10s] [0m[90m|[0m time="2026-01-12T18:58:03Z" level=debug msg="Kube-router network policy controller metrics tick"
[95m35  : [0m[90;2m┆ ┆ [0m[90m[2h17m10s] [0m[90m|[0m time="2026-01-12T18:58:04Z" level=debug msg="cgroupv2 io stats: skipping over unmappable dbytes=0 entry"
[95m35  : [0m[90;2m┆ ┆ [0m[90m[2h17m10s] [0m[90m|[0m time="2026-01-12T18:58:04Z" level=debug msg="cgroupv2 io stats: skipping over unmappable dios=0 entry"
[95m35  : [0m[90;2m┆ ┆ [0m[90m[2h17m13s] [0m[90m|[0m time="2026-01-12T18:58:06Z" level=debug msg="Kube-router network policy controller metrics tick"
[95m35  : [0m[90;2m┆ ┆ [0m[90m[2h17m13s] [0m[90m|[0m time="2026-01-12T18:58:06Z" level=debug msg="cgroupv2 io stats: skipping over unmappable dbytes=0 entry"
[95m35  : [0m[90;2m┆ ┆ [0m[90m[2h17m13s] [0m[90m|[0m time="2026-01-12T18:58:06Z" level=debug msg="cgroupv2 io stats: skipping over unmappable dios=0 entry"
[95m35  : [0m[90;2m┆ ┆ [0m[90m[2h17m16s] [0m[90m|[0m time="2026-01-12T18:58:09Z" level=debug msg="Kube-router network policy controller metrics tick"
[95m35  : [0m[90;2m┆ ┆ [0m[90m[2h17m19s] [0m[90m|[0m time="2026-01-12T18:58:12Z" level=debug msg="Kube-router network policy controller metrics tick"
[95m35  : [0m[90;2m┆ ┆ [0m[90m[2h17m22s] [0m[90m|[0m time="2026-01-12T18:58:15Z" level=debug msg="Kube-router network policy controller metrics tick"
[95m35  : [0m[90;2m┆ ┆ [0m[90m[2h17m23s] [0m[90m|[0m time="2026-01-12T18:58:16Z" level=debug msg="cgroupv2 io stats: skipping over unmappable dbytes=0 entry"
[95m35  : [0m[90;2m┆ ┆ [0m[90m[2h17m23s] [0m[90m|[0m time="2026-01-12T18:58:16Z" level=debug msg="cgroupv2 io stats: skipping over unmappable dios=0 entry"
[95m35  : [0m[90;2m┆ ┆ [0m[90m[2h17m25s] [0m[90m|[0m time="2026-01-12T18:58:18Z" level=debug msg="Kube-router network policy controller metrics tick"
[95m35  : [0m[90;2m┆ ┆ [0m[90m[2h17m28s] [0m[90m|[0m time="2026-01-12T18:58:21Z" level=debug msg="cgroupv2 io stats: skipping over unmappable dbytes=0 entry"
[95m35  : [0m[90;2m┆ ┆ [0m[90m[2h17m28s] [0m[90m|[0m time="2026-01-12T18:58:21Z" level=debug msg="cgroupv2 io stats: skipping over unmappable dios=0 entry"
[95m35  : [0m[90;2m┆ ┆ [0m[90m[2h17m28s] [0m[90m|[0m time="2026-01-12T18:58:21Z" level=debug msg="Kube-router network policy controller metrics tick"
[95m35  : [0m[90;2m┆ ┆ [0m[90m[2h17m31s] [0m[90m|[0m time="2026-01-12T18:58:24Z" level=debug msg="Kube-router network policy controller metrics tick"
[95m35  : [0m[90;2m┆ ┆ [0m[90m[2h17m33s] [0m[90m|[0m time="2026-01-12T18:58:26Z" level=debug msg="cgroupv2 io stats: skipping over unmappable dbytes=0 entry"
[95m35  : [0m[90;2m┆ ┆ [0m[90m[2h17m33s] [0m[90m|[0m time="2026-01-12T18:58:26Z" level=debug msg="cgroupv2 io stats: skipping over unmappable dios=0 entry"
[95m35  : [0m[90;2m┆ ┆ [0m[90m[2h17m34s] [0m[90m|[0m time="2026-01-12T18:58:27Z" level=debug msg="Kube-router network policy controller metrics tick"
[95m35  : [0m[90;2m┆ ┆ [0m[90m[2h17m37s] [0m[90m|[0m time="2026-01-12T18:58:30Z" level=debug msg="Kube-router network policy controller metrics tick"
[95m35  : [0m[90;2m┆ ┆ [0m[90m[2h17m40s] [0m[90m|[0m time="2026-01-12T18:58:33Z" level=debug msg="Kube-router network policy controller metrics tick"
[95m35  : [0m[90;2m┆ ┆ [0m[90m[2h17m43s] [0m[90m|[0m time="2026-01-12T18:58:36Z" level=debug msg="Kube-router network policy controller metrics tick"
[95m35  : [0m[90;2m┆ ┆ [0m[90m[2h17m43s] [0m[90m|[0m time="2026-01-12T18:58:36Z" level=debug msg="cgroupv2 io stats: skipping over unmappable dbytes=0 entry"
[95m35  : [0m[90;2m┆ ┆ [0m[90m[2h17m43s] [0m[90m|[0m time="2026-01-12T18:58:36Z" level=debug msg="cgroupv2 io stats: skipping over unmappable dios=0 entry"
[95m35  : [0m[90;2m┆ ┆ [0m[90m[2h17m45s] [0m[90m|[0m time="2026-01-12T18:58:38Z" level=debug msg="cgroupv2 io stats: skipping over unmappable dbytes=0 entry"
[95m35  : [0m[90;2m┆ ┆ [0m[90m[2h17m45s] [0m[90m|[0m time="2026-01-12T18:58:38Z" level=debug msg="cgroupv2 io stats: skipping over unmappable dios=0 entry"
[95m35  : [0m[90;2m┆ ┆ [0m[90m[2h17m46s] [0m[90m|[0m time="2026-01-12T18:58:39Z" level=debug msg="Kube-router network policy controller metrics tick"
[95m35  : [0m[90;2m┆ ┆ [0m[90m[2h17m49s] [0m[90m|[0m time="2026-01-12T18:58:42Z" level=debug msg="Kube-router network policy controller metrics tick"
[95m35  : [0m[90;2m┆ ┆ [0m[90m[2h17m52s] [0m[90m|[0m time="2026-01-12T18:58:45Z" level=debug msg="Kube-router network policy controller metrics tick"
[95m35  : [0m[90;2m┆ ┆ [0m[90m[2h17m53s] [0m[90m|[0m time="2026-01-12T18:58:46Z" level=debug msg="cgroupv2 io stats: skipping over unmappable dbytes=0 entry"
[95m35  : [0m[90;2m┆ ┆ [0m[90m[2h17m53s] [0m[90m|[0m time="2026-01-12T18:58:46Z" level=debug msg="cgroupv2 io stats: skipping over unmappable dios=0 entry"
[95m35  : [0m[90;2m┆ ┆ [0m[90m[2h17m55s] [0m[90m|[0m time="2026-01-12T18:58:48Z" level=debug msg="Kube-router network policy controller metrics tick"
[95m35  : [0m[90;2m┆ ┆ [0m[90m[2h17m58s] [0m[90m|[0m time="2026-01-12T18:58:51Z" level=debug msg="Kube-router network policy controller metrics tick"
[95m35  : [0m[90;2m┆ ┆ [0m[90m[2h18m1s] [0m[90m|[0m time="2026-01-12T18:58:54Z" level=debug msg="Kube-router network policy controller metrics tick"
[95m35  : [0m[90;2m┆ ┆ [0m[90m[2h18m3s] [0m[90m|[0m time="2026-01-12T18:58:57Z" level=debug msg="cgroupv2 io stats: skipping over unmappable dbytes=0 entry"
[95m35  : [0m[90;2m┆ ┆ [0m[90m[2h18m3s] [0m[90m|[0m time="2026-01-12T18:58:57Z" level=debug msg="cgroupv2 io stats: skipping over unmappable dios=0 entry"
[95m35  : [0m[90;2m┆ ┆ [0m[90m[2h18m4s] [0m[90m|[0m time="2026-01-12T18:58:57Z" level=debug msg="Kube-router network policy controller metrics tick"
[95m35  : [0m[90;2m┆ ┆ [0m[90m[2h18m5s] [0m[90m|[0m time="2026-01-12T18:58:58Z" level=debug msg="cgroupv2 io stats: skipping over unmappable dbytes=0 entry"
[95m35  : [0m[90;2m┆ ┆ [0m[90m[2h18m5s] [0m[90m|[0m time="2026-01-12T18:58:58Z" level=debug msg="cgroupv2 io stats: skipping over unmappable dios=0 entry"
[95m35  : [0m[90;2m┆ ┆ [0m[90m[2h18m7s] [0m[90m|[0m time="2026-01-12T18:59:00Z" level=debug msg="Kube-router network policy controller metrics tick"
[95m35  : [0m[90;2m┆ ┆ [0m[90m[2h18m10s] [0m[90m|[0m time="2026-01-12T18:59:03Z" level=debug msg="Kube-router network policy controller metrics tick"
[95m35  : [0m[90;2m┆ ┆ [0m[90m[2h18m13s] [0m[90m|[0m time="2026-01-12T18:59:06Z" level=debug msg="Kube-router network policy controller metrics tick"
[95m35  : [0m[90;2m┆ ┆ [0m[90m[2h18m13s] [0m[90m|[0m time="2026-01-12T18:59:07Z" level=debug msg="cgroupv2 io stats: skipping over unmappable dbytes=0 entry"
[95m35  : [0m[90;2m┆ ┆ [0m[90m[2h18m13s] [0m[90m|[0m time="2026-01-12T18:59:07Z" level=debug msg="cgroupv2 io stats: skipping over unmappable dios=0 entry"
[95m35  : [0m[90;2m┆ ┆ [0m[90m[2h18m16s] [0m[90m|[0m time="2026-01-12T18:59:09Z" level=debug msg="Kube-router network policy controller metrics tick"
[95m35  : [0m[90;2m┆ ┆ [0m[90m[2h18m19s] [0m[90m|[0m time="2026-01-12T18:59:12Z" level=debug msg="Kube-router network policy controller metrics tick"
[95m35  : [0m[90;2m┆ ┆ [0m[90m[2h18m21s] [0m[90m|[0m time="2026-01-12T18:59:15Z" level=debug msg="cgroupv2 io stats: skipping over unmappable dbytes=0 entry"
[95m35  : [0m[90;2m┆ ┆ [0m[90m[2h18m21s] [0m[90m|[0m time="2026-01-12T18:59:15Z" level=debug msg="cgroupv2 io stats: skipping over unmappable dios=0 entry"
[95m35  : [0m[90;2m┆ ┆ [0m[90m[2h18m22s] [0m[90m|[0m time="2026-01-12T18:59:15Z" level=debug msg="Kube-router network policy controller metrics tick"
[95m35  : [0m[90;2m┆ ┆ [0m[90m[2h18m23s] [0m[90m|[0m time="2026-01-12T18:59:17Z" level=debug msg="cgroupv2 io stats: skipping over unmappable dbytes=0 entry"
[95m35  : [0m[90;2m┆ ┆ [0m[90m[2h18m23s] [0m[90m|[0m time="2026-01-12T18:59:17Z" level=debug msg="cgroupv2 io stats: skipping over unmappable dios=0 entry"
[95m35  : [0m[90;2m┆ ┆ [0m[90m[2h18m25s] [0m[90m|[0m time="2026-01-12T18:59:18Z" level=debug msg="Kube-router network policy controller metrics tick"
[95m35  : [0m[90;2m┆ ┆ [0m[90m[2h18m28s] [0m[90m|[0m time="2026-01-12T18:59:21Z" level=debug msg="Kube-router network policy controller metrics tick"
[95m35  : [0m[90;2m┆ ┆ [0m[90m[2h18m31s] [0m[90m|[0m time="2026-01-12T18:59:24Z" level=debug msg="Kube-router network policy controller metrics tick"
[95m35  : [0m[90;2m┆ ┆ [0m[90m[2h18m33s] [0m[90m|[0m time="2026-01-12T18:59:27Z" level=debug msg="cgroupv2 io stats: skipping over unmappable dbytes=0 entry"
[95m35  : [0m[90;2m┆ ┆ [0m[90m[2h18m33s] [0m[90m|[0m time="2026-01-12T18:59:27Z" level=debug msg="cgroupv2 io stats: skipping over unmappable dios=0 entry"
[95m35  : [0m[90;2m┆ ┆ [0m[90m[2h18m33s] [0m[90m|[0m time="2026-01-12T18:59:27Z" level=debug msg="cgroupv2 io stats: skipping over unmappable dbytes=0 entry"
[95m35  : [0m[90;2m┆ ┆ [0m[90m[2h18m33s] [0m[90m|[0m time="2026-01-12T18:59:27Z" level=debug msg="cgroupv2 io stats: skipping over unmappable dios=0 entry"
[95m35  : [0m[90;2m┆ ┆ [0m[90m[2h18m34s] [0m[90m|[0m time="2026-01-12T18:59:27Z" level=debug msg="Kube-router network policy controller metrics tick"
[95m35  : [0m[90;2m┆ ┆ [0m[90m[2h18m37s] [0m[90m|[0m time="2026-01-12T18:59:30Z" level=debug msg="Kube-router network policy controller metrics tick"
[95m35  : [0m[90;2m┆ ┆ [0m[90m[2h18m40s] [0m[90m|[0m time="2026-01-12T18:59:33Z" level=debug msg="Kube-router network policy controller metrics tick"
[95m35  : [0m[90;2m┆ ┆ [0m[90m[2h18m43s] [0m[90m|[0m time="2026-01-12T18:59:36Z" level=debug msg="Kube-router network policy controller metrics tick"
[95m35  : [0m[90;2m┆ ┆ [0m[90m[2h18m43s] [0m[90m|[0m time="2026-01-12T18:59:37Z" level=debug msg="cgroupv2 io stats: skipping over unmappable dbytes=0 entry"
[95m35  : [0m[90;2m┆ ┆ [0m[90m[2h18m43s] [0m[90m|[0m time="2026-01-12T18:59:37Z" level=debug msg="cgroupv2 io stats: skipping over unmappable dios=0 entry"
[95m35  : [0m[90;2m┆ ┆ [0m[90m[2h18m46s] [0m[90m|[0m time="2026-01-12T18:59:39Z" level=debug msg="Kube-router network policy controller metrics tick"
[95m35  : [0m[90;2m┆ ┆ [0m[90m[2h18m49s] [0m[90m|[0m time="2026-01-12T18:59:42Z" level=debug msg="Kube-router network policy controller metrics tick"
[95m35  : [0m[90;2m┆ ┆ [0m[90m[2h18m52s] [0m[90m|[0m time="2026-01-12T18:59:45Z" level=debug msg="Kube-router network policy controller metrics tick"
[95m35  : [0m[90;2m┆ ┆ [0m[90m[2h18m53s] [0m[90m|[0m time="2026-01-12T18:59:47Z" level=debug msg="cgroupv2 io stats: skipping over unmappable dbytes=0 entry"
[95m35  : [0m[90;2m┆ ┆ [0m[90m[2h18m53s] [0m[90m|[0m time="2026-01-12T18:59:47Z" level=debug msg="cgroupv2 io stats: skipping over unmappable dios=0 entry"
[95m35  : [0m[90;2m┆ ┆ [0m[90m[2h18m53s] [0m[90m|[0m time="2026-01-12T18:59:47Z" level=debug msg="cgroupv2 io stats: skipping over unmappable dbytes=0 entry"
[95m35  : [0m[90;2m┆ ┆ [0m[90m[2h18m53s] [0m[90m|[0m time="2026-01-12T18:59:47Z" level=debug msg="cgroupv2 io stats: skipping over unmappable dios=0 entry"
[95m35  : [0m[90;2m┆ ┆ [0m[90m[2h18m55s] [0m[90m|[0m time="2026-01-12T18:59:48Z" level=debug msg="Kube-router network policy controller metrics tick"
[95m35  : [0m[90;2m┆ ┆ [0m[90m[2h18m58s] [0m[90m|[0m time="2026-01-12T18:59:51Z" level=debug msg="Kube-router network policy controller metrics tick"
[95m35  : [0m[90;2m┆ ┆ [0m[90m[2h19m1s] [0m[90m|[0m time="2026-01-12T18:59:54Z" level=debug msg="Kube-router network policy controller metrics tick"
[95m35  : [0m[90;2m┆ ┆ [0m[90m[2h19m3s] [0m[90m|[0m time="2026-01-12T18:59:57Z" level=debug msg="cgroupv2 io stats: skipping over unmappable dbytes=0 entry"
[95m35  : [0m[90;2m┆ ┆ [0m[90m[2h19m3s] [0m[90m|[0m time="2026-01-12T18:59:57Z" level=debug msg="cgroupv2 io stats: skipping over unmappable dios=0 entry"
[95m35  : [0m[90;2m┆ ┆ [0m[90m[2h19m4s] [0m[90m|[0m time="2026-01-12T18:59:57Z" level=debug msg="Kube-router network policy controller metrics tick"
[95m35  : [0m[90;2m┆ ┆ [0m[90m[2h19m7s] [0m[90m|[0m time="2026-01-12T19:00:00Z" level=debug msg="Kube-router network policy controller metrics tick"
[95m35  : [0m[90;2m┆ ┆ [0m[90m[2h19m9s] [0m[90m|[0m time="2026-01-12T19:00:02Z" level=debug msg="cgroupv2 io stats: skipping over unmappable dbytes=0 entry"
[95m35  : [0m[90;2m┆ ┆ [0m[90m[2h19m9s] [0m[90m|[0m time="2026-01-12T19:00:02Z" level=debug msg="cgroupv2 io stats: skipping over unmappable dios=0 entry"
[95m35  : [0m[90;2m┆ ┆ [0m[90m[2h19m10s] [0m[90m|[0m time="2026-01-12T19:00:03Z" level=debug msg="Kube-router network policy controller metrics tick"
[95m35  : [0m[90;2m┆ ┆ [0m[90m[2h19m13s] [0m[90m|[0m time="2026-01-12T19:00:06Z" level=debug msg="Kube-router network policy controller metrics tick"
[95m35  : [0m[90;2m┆ ┆ [0m[90m[2h19m13s] [0m[90m|[0m time="2026-01-12T19:00:07Z" level=debug msg="cgroupv2 io stats: skipping over unmappable dbytes=0 entry"
[95m35  : [0m[90;2m┆ ┆ [0m[90m[2h19m13s] [0m[90m|[0m time="2026-01-12T19:00:07Z" level=debug msg="cgroupv2 io stats: skipping over unmappable dios=0 entry"
[95m35  : [0m[90;2m┆ ┆ [0m[90m[2h19m16s] [0m[90m|[0m time="2026-01-12T19:00:09Z" level=debug msg="Kube-router network policy controller metrics tick"
[95m35  : [0m[90;2m┆ ┆ [0m[90m[2h19m19s] [0m[90m|[0m time="2026-01-12T19:00:12Z" level=debug msg="Kube-router network policy controller metrics tick"
[95m35  : [0m[90;2m┆ ┆ [0m[90m[2h19m22s] [0m[90m|[0m time="2026-01-12T19:00:15Z" level=debug msg="Kube-router network policy controller metrics tick"
[95m35  : [0m[90;2m┆ ┆ [0m[90m[2h19m22s] [0m[90m|[0m time="2026-01-12T19:00:16Z" level=debug msg="cgroupv2 io stats: skipping over unmappable dbytes=0 entry"
[95m35  : [0m[90;2m┆ ┆ [0m[90m[2h19m22s] [0m[90m|[0m time="2026-01-12T19:00:16Z" level=debug msg="cgroupv2 io stats: skipping over unmappable dios=0 entry"
[95m35  : [0m[90;2m┆ ┆ [0m[90m[2h19m23s] [0m[90m|[0m time="2026-01-12T19:00:17Z" level=debug msg="cgroupv2 io stats: skipping over unmappable dbytes=0 entry"
[95m35  : [0m[90;2m┆ ┆ [0m[90m[2h19m23s] [0m[90m|[0m time="2026-01-12T19:00:17Z" level=debug msg="cgroupv2 io stats: skipping over unmappable dios=0 entry"
[95m35  : [0m[90;2m┆ ┆ [0m[90m[2h19m25s] [0m[90m|[0m time="2026-01-12T19:00:18Z" level=debug msg="Kube-router network policy controller metrics tick"
[95m35  : [0m[90;2m┆ ┆ [0m[90m[2h19m28s] [0m[90m|[0m time="2026-01-12T19:00:21Z" level=debug msg="Kube-router network policy controller metrics tick"
[95m35  : [0m[90;2m┆ ┆ [0m[90m[2h19m31s] [0m[90m|[0m time="2026-01-12T19:00:24Z" level=debug msg="Kube-router network policy controller metrics tick"
[95m35  : [0m[90;2m┆ ┆ [0m[90m[2h19m33s] [0m[90m|[0m time="2026-01-12T19:00:27Z" level=debug msg="cgroupv2 io stats: skipping over unmappable dbytes=0 entry"
[95m35  : [0m[90;2m┆ ┆ [0m[90m[2h19m33s] [0m[90m|[0m time="2026-01-12T19:00:27Z" level=debug msg="cgroupv2 io stats: skipping over unmappable dios=0 entry"
[95m35  : [0m[90;2m┆ ┆ [0m[90m[2h19m34s] [0m[90m|[0m time="2026-01-12T19:00:27Z" level=debug msg="Kube-router network policy controller metrics tick"
[95m35  : [0m[90;2m┆ ┆ [0m[90m[2h19m35s] [0m[90m|[0m time="2026-01-12T19:00:29Z" level=debug msg="cgroupv2 io stats: skipping over unmappable dbytes=0 entry"
[95m35  : [0m[90;2m┆ ┆ [0m[90m[2h19m35s] [0m[90m|[0m time="2026-01-12T19:00:29Z" level=debug msg="cgroupv2 io stats: skipping over unmappable dios=0 entry"
[95m35  : [0m[90;2m┆ ┆ [0m[90m[2h19m37s] [0m[90m|[0m time="2026-01-12T19:00:30Z" level=debug msg="Kube-router network policy controller metrics tick"
[95m35  : [0m[90;2m┆ ┆ [0m[90m[2h19m40s] [0m[90m|[0m time="2026-01-12T19:00:33Z" level=debug msg="Kube-router network policy controller metrics tick"
[95m35  : [0m[90;2m┆ ┆ [0m[90m[2h19m43s] [0m[90m|[0m time="2026-01-12T19:00:36Z" level=debug msg="Kube-router network policy controller metrics tick"
[95m35  : [0m[90;2m┆ ┆ [0m[90m[2h19m43s] [0m[90m|[0m time="2026-01-12T19:00:37Z" level=debug msg="cgroupv2 io stats: skipping over unmappable dbytes=0 entry"
[95m35  : [0m[90;2m┆ ┆ [0m[90m[2h19m43s] [0m[90m|[0m time="2026-01-12T19:00:37Z" level=debug msg="cgroupv2 io stats: skipping over unmappable dios=0 entry"
[95m35  : [0m[90;2m┆ ┆ [0m[90m[2h19m46s] [0m[90m|[0m time="2026-01-12T19:00:39Z" level=debug msg="Kube-router network policy controller metrics tick"
[95m35  : [0m[90;2m┆ ┆ [0m[90m[2h19m49s] [0m[90m|[0m time="2026-01-12T19:00:42Z" level=debug msg="Kube-router network policy controller metrics tick"
[95m35  : [0m[90;2m┆ ┆ [0m[90m[2h19m52s] [0m[90m|[0m time="2026-01-12T19:00:45Z" level=debug msg="Kube-router network policy controller metrics tick"
[95m35  : [0m[90;2m┆ ┆ [0m[90m[2h19m53s] [0m[90m|[0m time="2026-01-12T19:00:46Z" level=debug msg="cgroupv2 io stats: skipping over unmappable dbytes=0 entry"
[95m35  : [0m[90;2m┆ ┆ [0m[90m[2h19m53s] [0m[90m|[0m time="2026-01-12T19:00:46Z" level=debug msg="cgroupv2 io stats: skipping over unmappable dios=0 entry"
[95m35  : [0m[90;2m┆ ┆ [0m[90m[2h19m53s] [0m[90m|[0m time="2026-01-12T19:00:47Z" level=debug msg="cgroupv2 io stats: skipping over unmappable dbytes=0 entry"
[95m35  : [0m[90;2m┆ ┆ [0m[90m[2h19m53s] [0m[90m|[0m time="2026-01-12T19:00:47Z" level=debug msg="cgroupv2 io stats: skipping over unmappable dios=0 entry"
[95m35  : [0m[90;2m┆ ┆ [0m[90m[2h19m55s] [0m[90m|[0m time="2026-01-12T19:00:48Z" level=debug msg="Kube-router network policy controller metrics tick"
[95m35  : [0m[90;2m┆ ┆ [0m[90m[2h19m58s] [0m[90m|[0m time="2026-01-12T19:00:51Z" level=debug msg="Kube-router network policy controller metrics tick"
[95m35  : [0m[90;2m┆ ┆ [0m[90m[2h20m1s] [0m[90m|[0m time="2026-01-12T19:00:54Z" level=debug msg="Kube-router network policy controller metrics tick"
[95m35  : [0m[90;2m┆ ┆ [0m[90m[2h20m3s] [0m[90m|[0m time="2026-01-12T19:00:57Z" level=debug msg="cgroupv2 io stats: skipping over unmappable dbytes=0 entry"
[95m35  : [0m[90;2m┆ ┆ [0m[90m[2h20m3s] [0m[90m|[0m time="2026-01-12T19:00:57Z" level=debug msg="cgroupv2 io stats: skipping over unmappable dios=0 entry"
[95m35  : [0m[90;2m┆ ┆ [0m[90m[2h20m4s] [0m[90m|[0m time="2026-01-12T19:00:57Z" level=debug msg="Kube-router network policy controller metrics tick"
[95m35  : [0m[90;2m┆ ┆ [0m[90m[2h20m6s] [0m[90m|[0m time="2026-01-12T19:01:00Z" level=debug msg="cgroupv2 io stats: skipping over unmappable dbytes=0 entry"
[95m35  : [0m[90;2m┆ ┆ [0m[90m[2h20m6s] [0m[90m|[0m time="2026-01-12T19:01:00Z" level=debug msg="cgroupv2 io stats: skipping over unmappable dios=0 entry"
[95m35  : [0m[90;2m┆ ┆ [0m[90m[2h20m7s] [0m[90m|[0m time="2026-01-12T19:01:00Z" level=debug msg="Kube-router network policy controller metrics tick"
[95m35  : [0m[90;2m┆ ┆ [0m[90m[2h20m10s] [0m[90m|[0m time="2026-01-12T19:01:03Z" level=debug msg="Kube-router network policy controller metrics tick"
[95m35  : [0m[90;2m┆ ┆ [0m[90m[2h20m13s] [0m[90m|[0m time="2026-01-12T19:01:06Z" level=debug msg="Kube-router network policy controller metrics tick"
[95m35  : [0m[90;2m┆ ┆ [0m[90m[2h20m13s] [0m[90m|[0m time="2026-01-12T19:01:07Z" level=debug msg="cgroupv2 io stats: skipping over unmappable dbytes=0 entry"
[95m35  : [0m[90;2m┆ ┆ [0m[90m[2h20m13s] [0m[90m|[0m time="2026-01-12T19:01:07Z" level=debug msg="cgroupv2 io stats: skipping over unmappable dios=0 entry"
[95m35  : [0m[90;2m┆ ┆ [0m[90m[2h20m16s] [0m[90m|[0m time="2026-01-12T19:01:09Z" level=debug msg="Kube-router network policy controller metrics tick"
[95m35  : [0m[90;2m┆ ┆ [0m[90m[2h20m19s] [0m[90m|[0m time="2026-01-12T19:01:12Z" level=debug msg="Kube-router network policy controller metrics tick"
[95m35  : [0m[90;2m┆ ┆ [0m[90m[2h20m22s] [0m[90m|[0m time="2026-01-12T19:01:15Z" level=debug msg="Kube-router network policy controller metrics tick"
[95m35  : [0m[90;2m┆ ┆ [0m[90m[2h20m23s] [0m[90m|[0m time="2026-01-12T19:01:17Z" level=debug msg="cgroupv2 io stats: skipping over unmappable dbytes=0 entry"
[95m35  : [0m[90;2m┆ ┆ [0m[90m[2h20m23s] [0m[90m|[0m time="2026-01-12T19:01:17Z" level=debug msg="cgroupv2 io stats: skipping over unmappable dios=0 entry"
[95m35  : [0m[90;2m┆ ┆ [0m[90m[2h20m24s] [0m[90m|[0m time="2026-01-12T19:01:18Z" level=debug msg="cgroupv2 io stats: skipping over unmappable dbytes=0 entry"
[95m35  : [0m[90;2m┆ ┆ [0m[90m[2h20m24s] [0m[90m|[0m time="2026-01-12T19:01:18Z" level=debug msg="cgroupv2 io stats: skipping over unmappable dios=0 entry"
[95m35  : [0m[90;2m┆ ┆ [0m[90m[2h20m25s] [0m[90m|[0m time="2026-01-12T19:01:18Z" level=debug msg="Kube-router network policy controller metrics tick"
[95m35  : [0m[90;2m┆ ┆ [0m[90m[2h20m28s] [0m[90m|[0m time="2026-01-12T19:01:21Z" level=debug msg="Kube-router network policy controller metrics tick"
[95m35  : [0m[90;2m┆ ┆ [0m[90m[2h20m31s] [0m[90m|[0m time="2026-01-12T19:01:24Z" level=debug msg="Kube-router network policy controller metrics tick"
[95m35  : [0m[90;2m┆ ┆ [0m[90m[2h20m33s] [0m[90m|[0m time="2026-01-12T19:01:27Z" level=debug msg="cgroupv2 io stats: skipping over unmappable dbytes=0 entry"
[95m35  : [0m[90;2m┆ ┆ [0m[90m[2h20m33s] [0m[90m|[0m time="2026-01-12T19:01:27Z" level=debug msg="cgroupv2 io stats: skipping over unmappable dios=0 entry"
[95m35  : [0m[90;2m┆ ┆ [0m[90m[2h20m34s] [0m[90m|[0m time="2026-01-12T19:01:27Z" level=debug msg="Kube-router network policy controller metrics tick"
[95m35  : [0m[90;2m┆ ┆ [0m[90m[2h20m37s] [0m[90m|[0m time="2026-01-12T19:01:30Z" level=debug msg="Kube-router network policy controller metrics tick"
[95m35  : [0m[90;2m┆ ┆ [0m[90m[2h20m39s] [0m[90m|[0m time="2026-01-12T19:01:33Z" level=debug msg="cgroupv2 io stats: skipping over unmappable dbytes=0 entry"
[95m35  : [0m[90;2m┆ ┆ [0m[90m[2h20m39s] [0m[90m|[0m time="2026-01-12T19:01:33Z" level=debug msg="cgroupv2 io stats: skipping over unmappable dios=0 entry"
[95m35  : [0m[90;2m┆ ┆ [0m[90m[2h20m40s] [0m[90m|[0m time="2026-01-12T19:01:33Z" level=debug msg="Kube-router network policy controller metrics tick"
[95m35  : [0m[90;2m┆ ┆ [0m[90m[2h20m43s] [0m[90m|[0m time="2026-01-12T19:01:36Z" level=debug msg="Kube-router network policy controller metrics tick"
[95m35  : [0m[90;2m┆ ┆ [0m[90m[2h20m43s] [0m[90m|[0m time="2026-01-12T19:01:37Z" level=debug msg="cgroupv2 io stats: skipping over unmappable dbytes=0 entry"
[95m35  : [0m[90;2m┆ ┆ [0m[90m[2h20m43s] [0m[90m|[0m time="2026-01-12T19:01:37Z" level=debug msg="cgroupv2 io stats: skipping over unmappable dios=0 entry"
[95m35  : [0m[90;2m┆ ┆ [0m[90m[2h20m44s] [0m[90m|[0m time="2026-01-12T19:01:37Z" level=info msg="COMPACT compactRev=891 targetCompactRev=981 currentRev=1981"
[95m35  : [0m[90;2m┆ ┆ [0m[90m[2h20m44s] [0m[90m|[0m time="2026-01-12T19:01:37Z" level=info msg="COMPACT deleted 90 rows from 90 revisions in 3.3308ms - compacted to 981/1981"
[95m35  : [0m[90;2m┆ ┆ [0m[90m[2h20m44s] [0m[90m|[0m time="2026-01-12T19:01:37Z" level=info msg="COMPACT compacted from 891 to 981 in 1 transactions over 4ms"
[95m35  : [0m[90;2m┆ ┆ [0m[90m[2h20m46s] [0m[90m|[0m time="2026-01-12T19:01:39Z" level=debug msg="Kube-router network policy controller metrics tick"
[95m35  : [0m[90;2m┆ ┆ [0m[90m[2h20m46s] [0m[90m|[0m W0112 19:01:40.449484      14 info.go:53] Couldn't collect info from any of the files in "/etc/machine-id,/var/lib/dbus/machine-id"
[95m35  : [0m[90;2m┆ ┆ [0m[90m[2h20m49s] [0m[90m|[0m time="2026-01-12T19:01:42Z" level=debug msg="Kube-router network policy controller metrics tick"
[95m35  : [0m[90;2m┆ ┆ [0m[90m[2h20m52s] [0m[90m|[0m time="2026-01-12T19:01:45Z" level=debug msg="Kube-router network policy controller metrics tick"
[95m35  : [0m[90;2m┆ ┆ [0m[90m[2h20m52s] [0m[90m|[0m time="2026-01-12T19:01:46Z" level=debug msg="cgroupv2 io stats: skipping over unmappable dbytes=0 entry"
[95m35  : [0m[90;2m┆ ┆ [0m[90m[2h20m52s] [0m[90m|[0m time="2026-01-12T19:01:46Z" level=debug msg="cgroupv2 io stats: skipping over unmappable dios=0 entry"
[95m35  : [0m[90;2m┆ ┆ [0m[90m[2h20m53s] [0m[90m|[0m time="2026-01-12T19:01:47Z" level=debug msg="cgroupv2 io stats: skipping over unmappable dbytes=0 entry"
[95m35  : [0m[90;2m┆ ┆ [0m[90m[2h20m53s] [0m[90m|[0m time="2026-01-12T19:01:47Z" level=debug msg="cgroupv2 io stats: skipping over unmappable dios=0 entry"
[95m35  : [0m[90;2m┆ ┆ [0m[90m[2h20m55s] [0m[90m|[0m time="2026-01-12T19:01:48Z" level=debug msg="Kube-router network policy controller metrics tick"
[95m35  : [0m[90;2m┆ ┆ [0m[90m[2h20m58s] [0m[90m|[0m time="2026-01-12T19:01:51Z" level=debug msg="Kube-router network policy controller metrics tick"
[95m35  : [0m[90;2m┆ ┆ [0m[90m[2h21m1s] [0m[90m|[0m time="2026-01-12T19:01:54Z" level=debug msg="Kube-router network policy controller metrics tick"
[95m35  : [0m[90;2m┆ ┆ [0m[90m[2h21m3s] [0m[90m|[0m time="2026-01-12T19:01:57Z" level=debug msg="cgroupv2 io stats: skipping over unmappable dbytes=0 entry"
[95m35  : [0m[90;2m┆ ┆ [0m[90m[2h21m3s] [0m[90m|[0m time="2026-01-12T19:01:57Z" level=debug msg="cgroupv2 io stats: skipping over unmappable dios=0 entry"
[95m35  : [0m[90;2m┆ ┆ [0m[90m[2h21m4s] [0m[90m|[0m time="2026-01-12T19:01:57Z" level=debug msg="cgroupv2 io stats: skipping over unmappable dbytes=0 entry"
[95m35  : [0m[90;2m┆ ┆ [0m[90m[2h21m4s] [0m[90m|[0m time="2026-01-12T19:01:57Z" level=debug msg="cgroupv2 io stats: skipping over unmappable dios=0 entry"
[95m35  : [0m[90;2m┆ ┆ [0m[90m[2h21m4s] [0m[90m|[0m time="2026-01-12T19:01:57Z" level=debug msg="Kube-router network policy controller metrics tick"
[95m35  : [0m[90;2m┆ ┆ [0m[90m[2h21m7s] [0m[90m|[0m time="2026-01-12T19:02:00Z" level=debug msg="Kube-router network policy controller metrics tick"
[95m35  : [0m[90;2m┆ ┆ [0m[90m[2h21m10s] [0m[90m|[0m time="2026-01-12T19:02:03Z" level=debug msg="Kube-router network policy controller metrics tick"
[95m35  : [0m[90;2m┆ ┆ [0m[90m[2h21m13s] [0m[90m|[0m time="2026-01-12T19:02:06Z" level=debug msg="Kube-router network policy controller metrics tick"
[95m35  : [0m[90;2m┆ ┆ [0m[90m[2h21m13s] [0m[90m|[0m time="2026-01-12T19:02:07Z" level=debug msg="cgroupv2 io stats: skipping over unmappable dbytes=0 entry"
[95m35  : [0m[90;2m┆ ┆ [0m[90m[2h21m13s] [0m[90m|[0m time="2026-01-12T19:02:07Z" level=debug msg="cgroupv2 io stats: skipping over unmappable dios=0 entry"
[95m35  : [0m[90;2m┆ ┆ [0m[90m[2h21m16s] [0m[90m|[0m time="2026-01-12T19:02:09Z" level=debug msg="Kube-router network policy controller metrics tick"
[95m35  : [0m[90;2m┆ ┆ [0m[90m[2h21m19s] [0m[90m|[0m time="2026-01-12T19:02:12Z" level=debug msg="Kube-router network policy controller metrics tick"
[95m35  : [0m[90;2m┆ ┆ [0m[90m[2h21m20s] [0m[90m|[0m time="2026-01-12T19:02:14Z" level=debug msg="cgroupv2 io stats: skipping over unmappable dbytes=0 entry"
[95m35  : [0m[90;2m┆ ┆ [0m[90m[2h21m20s] [0m[90m|[0m time="2026-01-12T19:02:14Z" level=debug msg="cgroupv2 io stats: skipping over unmappable dios=0 entry"
[95m35  : [0m[90;2m┆ ┆ [0m[90m[2h21m22s] [0m[90m|[0m time="2026-01-12T19:02:15Z" level=debug msg="Kube-router network policy controller metrics tick"
[95m35  : [0m[90;2m┆ ┆ [0m[90m[2h21m23s] [0m[90m|[0m time="2026-01-12T19:02:17Z" level=debug msg="cgroupv2 io stats: skipping over unmappable dbytes=0 entry"
[95m35  : [0m[90;2m┆ ┆ [0m[90m[2h21m23s] [0m[90m|[0m time="2026-01-12T19:02:17Z" level=debug msg="cgroupv2 io stats: skipping over unmappable dios=0 entry"
[95m35  : [0m[90;2m┆ ┆ [0m[90m[2h21m25s] [0m[90m|[0m time="2026-01-12T19:02:18Z" level=debug msg="Kube-router network policy controller metrics tick"
[95m35  : [0m[90;2m┆ ┆ [0m[90m[2h21m28s] [0m[90m|[0m time="2026-01-12T19:02:21Z" level=debug msg="Kube-router network policy controller metrics tick"
[95m35  : [0m[90;2m┆ ┆ [0m[90m[2h21m31s] [0m[90m|[0m time="2026-01-12T19:02:24Z" level=debug msg="Kube-router network policy controller metrics tick"
[95m35  : [0m[90;2m┆ ┆ [0m[90m[2h21m33s] [0m[90m|[0m time="2026-01-12T19:02:27Z" level=debug msg="cgroupv2 io stats: skipping over unmappable dbytes=0 entry"
[95m35  : [0m[90;2m┆ ┆ [0m[90m[2h21m33s] [0m[90m|[0m time="2026-01-12T19:02:27Z" level=debug msg="cgroupv2 io stats: skipping over unmappable dios=0 entry"
[95m35  : [0m[90;2m┆ ┆ [0m[90m[2h21m34s] [0m[90m|[0m time="2026-01-12T19:02:27Z" level=debug msg="Kube-router network policy controller metrics tick"
[95m35  : [0m[90;2m┆ ┆ [0m[90m[2h21m34s] [0m[90m|[0m time="2026-01-12T19:02:28Z" level=debug msg="cgroupv2 io stats: skipping over unmappable dbytes=0 entry"
[95m35  : [0m[90;2m┆ ┆ [0m[90m[2h21m34s] [0m[90m|[0m time="2026-01-12T19:02:28Z" level=debug msg="cgroupv2 io stats: skipping over unmappable dios=0 entry"
[95m35  : [0m[90;2m┆ ┆ [0m[90m[2h21m37s] [0m[90m|[0m time="2026-01-12T19:02:30Z" level=debug msg="Kube-router network policy controller metrics tick"
[95m35  : [0m[90;2m┆ ┆ [0m[90m[2h21m40s] [0m[90m|[0m time="2026-01-12T19:02:33Z" level=debug msg="Kube-router network policy controller metrics tick"
[95m35  : [0m[90;2m┆ ┆ [0m[90m[2h21m43s] [0m[90m|[0m time="2026-01-12T19:02:36Z" level=debug msg="Kube-router network policy controller metrics tick"
[95m35  : [0m[90;2m┆ ┆ [0m[90m[2h21m43s] [0m[90m|[0m time="2026-01-12T19:02:37Z" level=debug msg="cgroupv2 io stats: skipping over unmappable dbytes=0 entry"
[95m35  : [0m[90;2m┆ ┆ [0m[90m[2h21m43s] [0m[90m|[0m time="2026-01-12T19:02:37Z" level=debug msg="cgroupv2 io stats: skipping over unmappable dios=0 entry"
[95m35  : [0m[90;2m┆ ┆ [0m[90m[2h21m46s] [0m[90m|[0m time="2026-01-12T19:02:39Z" level=debug msg="Kube-router network policy controller metrics tick"
[95m35  : [0m[90;2m┆ ┆ [0m[90m[2h21m49s] [0m[90m|[0m time="2026-01-12T19:02:42Z" level=debug msg="Kube-router network policy controller metrics tick"
[95m35  : [0m[90;2m┆ ┆ [0m[90m[2h21m52s] [0m[90m|[0m time="2026-01-12T19:02:45Z" level=debug msg="Kube-router network policy controller metrics tick"
[95m35  : [0m[90;2m┆ ┆ [0m[90m[2h21m53s] [0m[90m|[0m time="2026-01-12T19:02:47Z" level=debug msg="cgroupv2 io stats: skipping over unmappable dbytes=0 entry"
[95m35  : [0m[90;2m┆ ┆ [0m[90m[2h21m53s] [0m[90m|[0m time="2026-01-12T19:02:47Z" level=debug msg="cgroupv2 io stats: skipping over unmappable dios=0 entry"
[95m35  : [0m[90;2m┆ ┆ [0m[90m[2h21m53s] [0m[90m|[0m time="2026-01-12T19:02:47Z" level=debug msg="cgroupv2 io stats: skipping over unmappable dbytes=0 entry"
[95m35  : [0m[90;2m┆ ┆ [0m[90m[2h21m53s] [0m[90m|[0m time="2026-01-12T19:02:47Z" level=debug msg="cgroupv2 io stats: skipping over unmappable dios=0 entry"
[95m35  : [0m[90;2m┆ ┆ [0m[90m[2h21m55s] [0m[90m|[0m time="2026-01-12T19:02:48Z" level=debug msg="Kube-router network policy controller metrics tick"
[95m35  : [0m[90;2m┆ ┆ [0m[90m[2h21m58s] [0m[90m|[0m time="2026-01-12T19:02:51Z" level=debug msg="Kube-router network policy controller metrics tick"
[95m35  : [0m[90;2m┆ ┆ [0m[90m[2h22m1s] [0m[90m|[0m time="2026-01-12T19:02:54Z" level=debug msg="Kube-router network policy controller metrics tick"
[95m35  : [0m[90;2m┆ ┆ [0m[90m[2h22m3s] [0m[90m|[0m time="2026-01-12T19:02:57Z" level=debug msg="cgroupv2 io stats: skipping over unmappable dbytes=0 entry"
[95m35  : [0m[90;2m┆ ┆ [0m[90m[2h22m3s] [0m[90m|[0m time="2026-01-12T19:02:57Z" level=debug msg="cgroupv2 io stats: skipping over unmappable dios=0 entry"
[95m35  : [0m[90;2m┆ ┆ [0m[90m[2h22m4s] [0m[90m|[0m time="2026-01-12T19:02:57Z" level=debug msg="Kube-router network policy controller metrics tick"
[95m35  : [0m[90;2m┆ ┆ [0m[90m[2h22m7s] [0m[90m|[0m time="2026-01-12T19:03:00Z" level=debug msg="Kube-router network policy controller metrics tick"
[95m35  : [0m[90;2m┆ ┆ [0m[90m[2h22m8s] [0m[90m|[0m time="2026-01-12T19:03:02Z" level=debug msg="cgroupv2 io stats: skipping over unmappable dbytes=0 entry"
[95m35  : [0m[90;2m┆ ┆ [0m[90m[2h22m8s] [0m[90m|[0m time="2026-01-12T19:03:02Z" level=debug msg="cgroupv2 io stats: skipping over unmappable dios=0 entry"
[95m35  : [0m[90;2m┆ ┆ [0m[90m[2h22m10s] [0m[90m|[0m time="2026-01-12T19:03:03Z" level=debug msg="Kube-router network policy controller metrics tick"
[95m35  : [0m[90;2m┆ ┆ [0m[90m[2h22m13s] [0m[90m|[0m time="2026-01-12T19:03:06Z" level=debug msg="Kube-router network policy controller metrics tick"
[95m35  : [0m[90;2m┆ ┆ [0m[90m[2h22m13s] [0m[90m|[0m time="2026-01-12T19:03:07Z" level=debug msg="cgroupv2 io stats: skipping over unmappable dbytes=0 entry"
[95m35  : [0m[90;2m┆ ┆ [0m[90m[2h22m13s] [0m[90m|[0m time="2026-01-12T19:03:07Z" level=debug msg="cgroupv2 io stats: skipping over unmappable dios=0 entry"
[95m35  : [0m[90;2m┆ ┆ [0m[90m[2h22m16s] [0m[90m|[0m time="2026-01-12T19:03:09Z" level=debug msg="Kube-router network policy controller metrics tick"
[95m35  : [0m[90;2m┆ ┆ [0m[90m[2h22m19s] [0m[90m|[0m time="2026-01-12T19:03:12Z" level=debug msg="Kube-router network policy controller metrics tick"
[95m35  : [0m[90;2m┆ ┆ [0m[90m[2h22m22s] [0m[90m|[0m time="2026-01-12T19:03:15Z" level=debug msg="cgroupv2 io stats: skipping over unmappable dbytes=0 entry"
[95m35  : [0m[90;2m┆ ┆ [0m[90m[2h22m22s] [0m[90m|[0m time="2026-01-12T19:03:15Z" level=debug msg="cgroupv2 io stats: skipping over unmappable dios=0 entry"
[95m35  : [0m[90;2m┆ ┆ [0m[90m[2h22m22s] [0m[90m|[0m time="2026-01-12T19:03:15Z" level=debug msg="Kube-router network policy controller metrics tick"
[95m35  : [0m[90;2m┆ ┆ [0m[90m[2h22m23s] [0m[90m|[0m time="2026-01-12T19:03:17Z" level=debug msg="cgroupv2 io stats: skipping over unmappable dbytes=0 entry"
[95m35  : [0m[90;2m┆ ┆ [0m[90m[2h22m23s] [0m[90m|[0m time="2026-01-12T19:03:17Z" level=debug msg="cgroupv2 io stats: skipping over unmappable dios=0 entry"
[95m35  : [0m[90;2m┆ ┆ [0m[90m[2h22m25s] [0m[90m|[0m time="2026-01-12T19:03:18Z" level=debug msg="Kube-router network policy controller metrics tick"
[95m35  : [0m[90;2m┆ ┆ [0m[90m[2h22m28s] [0m[90m|[0m time="2026-01-12T19:03:21Z" level=debug msg="Kube-router network policy controller metrics tick"
[95m35  : [0m[90;2m┆ ┆ [0m[90m[2h22m31s] [0m[90m|[0m time="2026-01-12T19:03:24Z" level=debug msg="Kube-router network policy controller metrics tick"
[95m35  : [0m[90;2m┆ ┆ [0m[90m[2h22m32s] [0m[90m|[0m time="2026-01-12T19:03:25Z" level=debug msg="cgroupv2 io stats: skipping over unmappable dbytes=0 entry"
[95m35  : [0m[90;2m┆ ┆ [0m[90m[2h22m32s] [0m[90m|[0m time="2026-01-12T19:03:25Z" level=debug msg="cgroupv2 io stats: skipping over unmappable dios=0 entry"
[95m35  : [0m[90;2m┆ ┆ [0m[90m[2h22m33s] [0m[90m|[0m time="2026-01-12T19:03:27Z" level=debug msg="cgroupv2 io stats: skipping over unmappable dbytes=0 entry"
[95m35  : [0m[90;2m┆ ┆ [0m[90m[2h22m33s] [0m[90m|[0m time="2026-01-12T19:03:27Z" level=debug msg="cgroupv2 io stats: skipping over unmappable dios=0 entry"
[95m35  : [0m[90;2m┆ ┆ [0m[90m[2h22m34s] [0m[90m|[0m time="2026-01-12T19:03:27Z" level=debug msg="Kube-router network policy controller metrics tick"
[95m35  : [0m[90;2m┆ ┆ [0m[90m[2h22m37s] [0m[90m|[0m time="2026-01-12T19:03:30Z" level=debug msg="Kube-router network policy controller metrics tick"
[95m35  : [0m[90;2m┆ ┆ [0m[90m[2h22m40s] [0m[90m|[0m time="2026-01-12T19:03:33Z" level=debug msg="Kube-router network policy controller metrics tick"
[95m35  : [0m[90;2m┆ ┆ [0m[90m[2h22m43s] [0m[90m|[0m time="2026-01-12T19:03:36Z" level=debug msg="cgroupv2 io stats: skipping over unmappable dbytes=0 entry"
[95m35  : [0m[90;2m┆ ┆ [0m[90m[2h22m43s] [0m[90m|[0m time="2026-01-12T19:03:36Z" level=debug msg="cgroupv2 io stats: skipping over unmappable dios=0 entry"
[95m35  : [0m[90;2m┆ ┆ [0m[90m[2h22m43s] [0m[90m|[0m time="2026-01-12T19:03:36Z" level=debug msg="Kube-router network policy controller metrics tick"
[95m35  : [0m[90;2m┆ ┆ [0m[90m[2h22m43s] [0m[90m|[0m time="2026-01-12T19:03:37Z" level=debug msg="cgroupv2 io stats: skipping over unmappable dbytes=0 entry"
[95m35  : [0m[90;2m┆ ┆ [0m[90m[2h22m43s] [0m[90m|[0m time="2026-01-12T19:03:37Z" level=debug msg="cgroupv2 io stats: skipping over unmappable dios=0 entry"
[95m35  : [0m[90;2m┆ ┆ [0m[90m[2h22m46s] [0m[90m|[0m time="2026-01-12T19:03:39Z" level=debug msg="Kube-router network policy controller metrics tick"
[95m35  : [0m[90;2m┆ ┆ [0m[90m[2h22m49s] [0m[90m|[0m time="2026-01-12T19:03:42Z" level=debug msg="Kube-router network policy controller metrics tick"
[95m35  : [0m[90;2m┆ ┆ [0m[90m[2h22m52s] [0m[90m|[0m time="2026-01-12T19:03:45Z" level=debug msg="Kube-router network policy controller metrics tick"
[95m35  : [0m[90;2m┆ ┆ [0m[90m[2h22m53s] [0m[90m|[0m time="2026-01-12T19:03:47Z" level=debug msg="cgroupv2 io stats: skipping over unmappable dbytes=0 entry"
[95m35  : [0m[90;2m┆ ┆ [0m[90m[2h22m53s] [0m[90m|[0m time="2026-01-12T19:03:47Z" level=debug msg="cgroupv2 io stats: skipping over unmappable dios=0 entry"
[95m35  : [0m[90;2m┆ ┆ [0m[90m[2h22m55s] [0m[90m|[0m time="2026-01-12T19:03:48Z" level=debug msg="Kube-router network policy controller metrics tick"
[95m35  : [0m[90;2m┆ ┆ [0m[90m[2h22m58s] [0m[90m|[0m time="2026-01-12T19:03:51Z" level=debug msg="Kube-router network policy controller metrics tick"
[95m35  : [0m[90;2m┆ ┆ [0m[90m[2h23m1s] [0m[90m|[0m time="2026-01-12T19:03:54Z" level=debug msg="Kube-router network policy controller metrics tick"
[95m35  : [0m[90;2m┆ ┆ [0m[90m[2h23m1s] [0m[90m|[0m time="2026-01-12T19:03:55Z" level=debug msg="cgroupv2 io stats: skipping over unmappable dbytes=0 entry"
[95m35  : [0m[90;2m┆ ┆ [0m[90m[2h23m1s] [0m[90m|[0m time="2026-01-12T19:03:55Z" level=debug msg="cgroupv2 io stats: skipping over unmappable dios=0 entry"
[95m35  : [0m[90;2m┆ ┆ [0m[90m[2h23m3s] [0m[90m|[0m time="2026-01-12T19:03:57Z" level=debug msg="cgroupv2 io stats: skipping over unmappable dbytes=0 entry"
[95m35  : [0m[90;2m┆ ┆ [0m[90m[2h23m3s] [0m[90m|[0m time="2026-01-12T19:03:57Z" level=debug msg="cgroupv2 io stats: skipping over unmappable dios=0 entry"
[95m35  : [0m[90;2m┆ ┆ [0m[90m[2h23m4s] [0m[90m|[0m time="2026-01-12T19:03:57Z" level=debug msg="Kube-router network policy controller metrics tick"
[95m35  : [0m[90;2m┆ ┆ [0m[90m[2h23m7s] [0m[90m|[0m time="2026-01-12T19:04:00Z" level=debug msg="Kube-router network policy controller metrics tick"
[95m35  : [0m[90;2m┆ ┆ [0m[90m[2h23m10s] [0m[90m|[0m time="2026-01-12T19:04:03Z" level=debug msg="Kube-router network policy controller metrics tick"
[95m35  : [0m[90;2m┆ ┆ [0m[90m[2h23m13s] [0m[90m|[0m time="2026-01-12T19:04:06Z" level=debug msg="Kube-router network policy controller metrics tick"
[95m35  : [0m[90;2m┆ ┆ [0m[90m[2h23m13s] [0m[90m|[0m time="2026-01-12T19:04:07Z" level=debug msg="cgroupv2 io stats: skipping over unmappable dbytes=0 entry"
[95m35  : [0m[90;2m┆ ┆ [0m[90m[2h23m13s] [0m[90m|[0m time="2026-01-12T19:04:07Z" level=debug msg="cgroupv2 io stats: skipping over unmappable dios=0 entry"
[95m35  : [0m[90;2m┆ ┆ [0m[90m[2h23m14s] [0m[90m|[0m time="2026-01-12T19:04:08Z" level=debug msg="cgroupv2 io stats: skipping over unmappable dbytes=0 entry"
[95m35  : [0m[90;2m┆ ┆ [0m[90m[2h23m14s] [0m[90m|[0m time="2026-01-12T19:04:08Z" level=debug msg="cgroupv2 io stats: skipping over unmappable dios=0 entry"
[95m35  : [0m[90;2m┆ ┆ [0m[90m[2h23m16s] [0m[90m|[0m time="2026-01-12T19:04:09Z" level=debug msg="Kube-router network policy controller metrics tick"
[95m35  : [0m[90;2m┆ ┆ [0m[90m[2h23m19s] [0m[90m|[0m time="2026-01-12T19:04:12Z" level=debug msg="Kube-router network policy controller metrics tick"
[95m35  : [0m[90;2m┆ ┆ [0m[90m[2h23m22s] [0m[90m|[0m time="2026-01-12T19:04:15Z" level=debug msg="Kube-router network policy controller metrics tick"
[95m35  : [0m[90;2m┆ ┆ [0m[90m[2h23m23s] [0m[90m|[0m time="2026-01-12T19:04:17Z" level=debug msg="cgroupv2 io stats: skipping over unmappable dbytes=0 entry"
[95m35  : [0m[90;2m┆ ┆ [0m[90m[2h23m23s] [0m[90m|[0m time="2026-01-12T19:04:17Z" level=debug msg="cgroupv2 io stats: skipping over unmappable dios=0 entry"
[95m35  : [0m[90;2m┆ ┆ [0m[90m[2h23m25s] [0m[90m|[0m time="2026-01-12T19:04:18Z" level=debug msg="Kube-router network policy controller metrics tick"
[95m35  : [0m[90;2m┆ ┆ [0m[90m[2h23m28s] [0m[90m|[0m time="2026-01-12T19:04:21Z" level=debug msg="Kube-router network policy controller metrics tick"
[95m35  : [0m[90;2m┆ ┆ [0m[90m[2h23m31s] [0m[90m|[0m time="2026-01-12T19:04:24Z" level=debug msg="cgroupv2 io stats: skipping over unmappable dbytes=0 entry"
[95m35  : [0m[90;2m┆ ┆ [0m[90m[2h23m31s] [0m[90m|[0m time="2026-01-12T19:04:24Z" level=debug msg="cgroupv2 io stats: skipping over unmappable dios=0 entry"
[95m35  : [0m[90;2m┆ ┆ [0m[90m[2h23m31s] [0m[90m|[0m time="2026-01-12T19:04:24Z" level=debug msg="Kube-router network policy controller metrics tick"
[95m35  : [0m[90;2m┆ ┆ [0m[90m[2h23m34s] [0m[90m|[0m time="2026-01-12T19:04:27Z" level=debug msg="cgroupv2 io stats: skipping over unmappable dbytes=0 entry"
[95m35  : [0m[90;2m┆ ┆ [0m[90m[2h23m34s] [0m[90m|[0m time="2026-01-12T19:04:27Z" level=debug msg="cgroupv2 io stats: skipping over unmappable dios=0 entry"
[95m35  : [0m[90;2m┆ ┆ [0m[90m[2h23m34s] [0m[90m|[0m time="2026-01-12T19:04:27Z" level=debug msg="Kube-router network policy controller metrics tick"
[95m35  : [0m[90;2m┆ ┆ [0m[90m[2h23m37s] [0m[90m|[0m time="2026-01-12T19:04:30Z" level=debug msg="Kube-router network policy controller metrics tick"
[95m35  : [0m[90;2m┆ ┆ [0m[90m[2h23m40s] [0m[90m|[0m time="2026-01-12T19:04:33Z" level=debug msg="Kube-router network policy controller metrics tick"
[95m35  : [0m[90;2m┆ ┆ [0m[90m[2h23m43s] [0m[90m|[0m time="2026-01-12T19:04:36Z" level=debug msg="Kube-router network policy controller metrics tick"
[95m35  : [0m[90;2m┆ ┆ [0m[90m[2h23m44s] [0m[90m|[0m time="2026-01-12T19:04:37Z" level=debug msg="cgroupv2 io stats: skipping over unmappable dbytes=0 entry"
[95m35  : [0m[90;2m┆ ┆ [0m[90m[2h23m44s] [0m[90m|[0m time="2026-01-12T19:04:37Z" level=debug msg="cgroupv2 io stats: skipping over unmappable dios=0 entry"
[95m35  : [0m[90;2m┆ ┆ [0m[90m[2h23m46s] [0m[90m|[0m time="2026-01-12T19:04:39Z" level=debug msg="cgroupv2 io stats: skipping over unmappable dbytes=0 entry"
[95m35  : [0m[90;2m┆ ┆ [0m[90m[2h23m46s] [0m[90m|[0m time="2026-01-12T19:04:39Z" level=debug msg="cgroupv2 io stats: skipping over unmappable dios=0 entry"
[95m35  : [0m[90;2m┆ ┆ [0m[90m[2h23m46s] [0m[90m|[0m time="2026-01-12T19:04:39Z" level=debug msg="Kube-router network policy controller metrics tick"
[95m35  : [0m[90;2m┆ ┆ [0m[90m[2h23m49s] [0m[90m|[0m time="2026-01-12T19:04:42Z" level=debug msg="Kube-router network policy controller metrics tick"
[95m35  : [0m[90;2m┆ ┆ [0m[90m[2h23m52s] [0m[90m|[0m time="2026-01-12T19:04:45Z" level=debug msg="Kube-router network policy controller metrics tick"
[95m35  : [0m[90;2m┆ ┆ [0m[90m[2h23m54s] [0m[90m|[0m time="2026-01-12T19:04:47Z" level=debug msg="cgroupv2 io stats: skipping over unmappable dbytes=0 entry"
[95m35  : [0m[90;2m┆ ┆ [0m[90m[2h23m54s] [0m[90m|[0m time="2026-01-12T19:04:47Z" level=debug msg="cgroupv2 io stats: skipping over unmappable dios=0 entry"
[95m35  : [0m[90;2m┆ ┆ [0m[90m[2h23m55s] [0m[90m|[0m time="2026-01-12T19:04:48Z" level=debug msg="Kube-router network policy controller metrics tick"
[95m35  : [0m[90;2m┆ ┆ [0m[90m[2h23m58s] [0m[90m|[0m time="2026-01-12T19:04:51Z" level=debug msg="Kube-router network policy controller metrics tick"
[95m35  : [0m[90;2m┆ ┆ [0m[90m[2h23m60s] [0m[90m|[0m time="2026-01-12T19:04:53Z" level=debug msg="cgroupv2 io stats: skipping over unmappable dbytes=0 entry"
[95m35  : [0m[90;2m┆ ┆ [0m[90m[2h23m60s] [0m[90m|[0m time="2026-01-12T19:04:53Z" level=debug msg="cgroupv2 io stats: skipping over unmappable dios=0 entry"
[95m35  : [0m[90;2m┆ ┆ [0m[90m[2h24m1s] [0m[90m|[0m time="2026-01-12T19:04:54Z" level=debug msg="Kube-router network policy controller metrics tick"
[95m35  : [0m[90;2m┆ ┆ [0m[90m[2h24m4s] [0m[90m|[0m time="2026-01-12T19:04:57Z" level=debug msg="cgroupv2 io stats: skipping over unmappable dbytes=0 entry"
[95m35  : [0m[90;2m┆ ┆ [0m[90m[2h24m4s] [0m[90m|[0m time="2026-01-12T19:04:57Z" level=debug msg="cgroupv2 io stats: skipping over unmappable dios=0 entry"
[95m35  : [0m[90;2m┆ ┆ [0m[90m[2h24m4s] [0m[90m|[0m time="2026-01-12T19:04:57Z" level=debug msg="Kube-router network policy controller metrics tick"
[95m35  : [0m[90;2m┆ ┆ [0m[90m[2h24m7s] [0m[90m|[0m time="2026-01-12T19:05:00Z" level=debug msg="Kube-router network policy controller metrics tick"
[95m35  : [0m[90;2m┆ ┆ [0m[90m[2h24m10s] [0m[90m|[0m time="2026-01-12T19:05:03Z" level=debug msg="Kube-router network policy controller metrics tick"
[95m35  : [0m[90;2m┆ ┆ [0m[90m[2h24m11s] [0m[90m|[0m time="2026-01-12T19:05:04Z" level=debug msg="cgroupv2 io stats: skipping over unmappable dbytes=0 entry"
[95m35  : [0m[90;2m┆ ┆ [0m[90m[2h24m11s] [0m[90m|[0m time="2026-01-12T19:05:04Z" level=debug msg="cgroupv2 io stats: skipping over unmappable dios=0 entry"
[95m35  : [0m[90;2m┆ ┆ [0m[90m[2h24m13s] [0m[90m|[0m time="2026-01-12T19:05:06Z" level=debug msg="Kube-router network policy controller metrics tick"
[95m35  : [0m[90;2m┆ ┆ [0m[90m[2h24m14s] [0m[90m|[0m time="2026-01-12T19:05:07Z" level=debug msg="cgroupv2 io stats: skipping over unmappable dbytes=0 entry"
[95m35  : [0m[90;2m┆ ┆ [0m[90m[2h24m14s] [0m[90m|[0m time="2026-01-12T19:05:07Z" level=debug msg="cgroupv2 io stats: skipping over unmappable dios=0 entry"
[95m35  : [0m[90;2m┆ ┆ [0m[90m[2h24m16s] [0m[90m|[0m time="2026-01-12T19:05:09Z" level=debug msg="Kube-router network policy controller metrics tick"
[95m35  : [0m[90;2m┆ ┆ [0m[90m[2h24m19s] [0m[90m|[0m time="2026-01-12T19:05:12Z" level=debug msg="Kube-router network policy controller metrics tick"
[95m35  : [0m[90;2m┆ ┆ [0m[90m[2h24m22s] [0m[90m|[0m time="2026-01-12T19:05:15Z" level=debug msg="Kube-router network policy controller metrics tick"
[95m35  : [0m[90;2m┆ ┆ [0m[90m[2h24m24s] [0m[90m|[0m time="2026-01-12T19:05:17Z" level=debug msg="cgroupv2 io stats: skipping over unmappable dbytes=0 entry"
[95m35  : [0m[90;2m┆ ┆ [0m[90m[2h24m24s] [0m[90m|[0m time="2026-01-12T19:05:17Z" level=debug msg="cgroupv2 io stats: skipping over unmappable dios=0 entry"
[95m35  : [0m[90;2m┆ ┆ [0m[90m[2h24m25s] [0m[90m|[0m time="2026-01-12T19:05:18Z" level=debug msg="Kube-router network policy controller metrics tick"
[95m35  : [0m[90;2m┆ ┆ [0m[90m[2h24m28s] [0m[90m|[0m time="2026-01-12T19:05:21Z" level=debug msg="Kube-router network policy controller metrics tick"
[95m35  : [0m[90;2m┆ ┆ [0m[90m[2h24m28s] [0m[90m|[0m time="2026-01-12T19:05:22Z" level=debug msg="cgroupv2 io stats: skipping over unmappable dbytes=0 entry"
[95m35  : [0m[90;2m┆ ┆ [0m[90m[2h24m28s] [0m[90m|[0m time="2026-01-12T19:05:22Z" level=debug msg="cgroupv2 io stats: skipping over unmappable dios=0 entry"
[95m35  : [0m[90;2m┆ ┆ [0m[90m[2h24m31s] [0m[90m|[0m time="2026-01-12T19:05:24Z" level=debug msg="Kube-router network policy controller metrics tick"
[95m35  : [0m[90;2m┆ ┆ [0m[90m[2h24m34s] [0m[90m|[0m time="2026-01-12T19:05:27Z" level=debug msg="cgroupv2 io stats: skipping over unmappable dbytes=0 entry"
[95m35  : [0m[90;2m┆ ┆ [0m[90m[2h24m34s] [0m[90m|[0m time="2026-01-12T19:05:27Z" level=debug msg="cgroupv2 io stats: skipping over unmappable dios=0 entry"
[95m35  : [0m[90;2m┆ ┆ [0m[90m[2h24m34s] [0m[90m|[0m time="2026-01-12T19:05:27Z" level=debug msg="Kube-router network policy controller metrics tick"
[95m35  : [0m[90;2m┆ ┆ [0m[90m[2h24m37s] [0m[90m|[0m time="2026-01-12T19:05:30Z" level=debug msg="Kube-router network policy controller metrics tick"
[95m35  : [0m[90;2m┆ ┆ [0m[90m[2h24m40s] [0m[90m|[0m time="2026-01-12T19:05:33Z" level=debug msg="cgroupv2 io stats: skipping over unmappable dbytes=0 entry"
[95m35  : [0m[90;2m┆ ┆ [0m[90m[2h24m40s] [0m[90m|[0m time="2026-01-12T19:05:33Z" level=debug msg="cgroupv2 io stats: skipping over unmappable dios=0 entry"
[95m35  : [0m[90;2m┆ ┆ [0m[90m[2h24m40s] [0m[90m|[0m time="2026-01-12T19:05:33Z" level=debug msg="Kube-router network policy controller metrics tick"
[95m35  : [0m[90;2m┆ ┆ [0m[90m[2h24m43s] [0m[90m|[0m time="2026-01-12T19:05:36Z" level=debug msg="Kube-router network policy controller metrics tick"
[95m35  : [0m[90;2m┆ ┆ [0m[90m[2h24m44s] [0m[90m|[0m time="2026-01-12T19:05:37Z" level=debug msg="cgroupv2 io stats: skipping over unmappable dbytes=0 entry"
[95m35  : [0m[90;2m┆ ┆ [0m[90m[2h24m44s] [0m[90m|[0m time="2026-01-12T19:05:37Z" level=debug msg="cgroupv2 io stats: skipping over unmappable dios=0 entry"
[95m35  : [0m[90;2m┆ ┆ [0m[90m[2h24m46s] [0m[90m|[0m time="2026-01-12T19:05:39Z" level=debug msg="Kube-router network policy controller metrics tick"
[95m35  : [0m[90;2m┆ ┆ [0m[90m[2h24m49s] [0m[90m|[0m time="2026-01-12T19:05:42Z" level=debug msg="Kube-router network policy controller metrics tick"
[95m35  : [0m[90;2m┆ ┆ [0m[90m[2h24m52s] [0m[90m|[0m time="2026-01-12T19:05:45Z" level=debug msg="Kube-router network policy controller metrics tick"
[95m35  : [0m[90;2m┆ ┆ [0m[90m[2h24m54s] [0m[90m|[0m time="2026-01-12T19:05:47Z" level=debug msg="cgroupv2 io stats: skipping over unmappable dbytes=0 entry"
[95m35  : [0m[90;2m┆ ┆ [0m[90m[2h24m54s] [0m[90m|[0m time="2026-01-12T19:05:47Z" level=debug msg="cgroupv2 io stats: skipping over unmappable dios=0 entry"
[95m35  : [0m[90;2m┆ ┆ [0m[90m[2h24m55s] [0m[90m|[0m time="2026-01-12T19:05:48Z" level=debug msg="cgroupv2 io stats: skipping over unmappable dbytes=0 entry"
[95m35  : [0m[90;2m┆ ┆ [0m[90m[2h24m55s] [0m[90m|[0m time="2026-01-12T19:05:48Z" level=debug msg="cgroupv2 io stats: skipping over unmappable dios=0 entry"
[95m35  : [0m[90;2m┆ ┆ [0m[90m[2h24m55s] [0m[90m|[0m time="2026-01-12T19:05:48Z" level=debug msg="Kube-router network policy controller metrics tick"
[95m35  : [0m[90;2m┆ ┆ [0m[90m[2h24m58s] [0m[90m|[0m time="2026-01-12T19:05:51Z" level=debug msg="Kube-router network policy controller metrics tick"
[95m35  : [0m[90;2m┆ ┆ [0m[90m[2h25m1s] [0m[90m|[0m time="2026-01-12T19:05:54Z" level=debug msg="Kube-router network policy controller metrics tick"
[95m35  : [0m[90;2m┆ ┆ [0m[90m[2h25m4s] [0m[90m|[0m time="2026-01-12T19:05:57Z" level=debug msg="cgroupv2 io stats: skipping over unmappable dbytes=0 entry"
[95m35  : [0m[90;2m┆ ┆ [0m[90m[2h25m4s] [0m[90m|[0m time="2026-01-12T19:05:57Z" level=debug msg="cgroupv2 io stats: skipping over unmappable dios=0 entry"
[95m35  : [0m[90;2m┆ ┆ [0m[90m[2h25m4s] [0m[90m|[0m time="2026-01-12T19:05:57Z" level=debug msg="Kube-router network policy controller metrics tick"
[95m35  : [0m[90;2m┆ ┆ [0m[90m[2h25m7s] [0m[90m|[0m time="2026-01-12T19:06:00Z" level=debug msg="Kube-router network policy controller metrics tick"
[95m35  : [0m[90;2m┆ ┆ [0m[90m[2h25m10s] [0m[90m|[0m time="2026-01-12T19:06:03Z" level=debug msg="Kube-router network policy controller metrics tick"
[95m35  : [0m[90;2m┆ ┆ [0m[90m[2h25m10s] [0m[90m|[0m time="2026-01-12T19:06:04Z" level=debug msg="cgroupv2 io stats: skipping over unmappable dbytes=0 entry"
[95m35  : [0m[90;2m┆ ┆ [0m[90m[2h25m10s] [0m[90m|[0m time="2026-01-12T19:06:04Z" level=debug msg="cgroupv2 io stats: skipping over unmappable dios=0 entry"
[95m35  : [0m[90;2m┆ ┆ [0m[90m[2h25m13s] [0m[90m|[0m time="2026-01-12T19:06:06Z" level=debug msg="Kube-router network policy controller metrics tick"
[95m35  : [0m[90;2m┆ ┆ [0m[90m[2h25m14s] [0m[90m|[0m time="2026-01-12T19:06:07Z" level=debug msg="cgroupv2 io stats: skipping over unmappable dbytes=0 entry"
[95m35  : [0m[90;2m┆ ┆ [0m[90m[2h25m14s] [0m[90m|[0m time="2026-01-12T19:06:07Z" level=debug msg="cgroupv2 io stats: skipping over unmappable dios=0 entry"
[95m35  : [0m[90;2m┆ ┆ [0m[90m[2h25m16s] [0m[90m|[0m time="2026-01-12T19:06:09Z" level=debug msg="Kube-router network policy controller metrics tick"
[95m35  : [0m[90;2m┆ ┆ [0m[90m[2h25m19s] [0m[90m|[0m time="2026-01-12T19:06:12Z" level=debug msg="Kube-router network policy controller metrics tick"
[95m35  : [0m[90;2m┆ ┆ [0m[90m[2h25m22s] [0m[90m|[0m time="2026-01-12T19:06:15Z" level=debug msg="Kube-router network policy controller metrics tick"
[95m35  : [0m[90;2m┆ ┆ [0m[90m[2h25m24s] [0m[90m|[0m time="2026-01-12T19:06:17Z" level=debug msg="cgroupv2 io stats: skipping over unmappable dbytes=0 entry"
[95m35  : [0m[90;2m┆ ┆ [0m[90m[2h25m24s] [0m[90m|[0m time="2026-01-12T19:06:17Z" level=debug msg="cgroupv2 io stats: skipping over unmappable dios=0 entry"
[95m35  : [0m[90;2m┆ ┆ [0m[90m[2h25m24s] [0m[90m|[0m time="2026-01-12T19:06:18Z" level=debug msg="cgroupv2 io stats: skipping over unmappable dbytes=0 entry"
[95m35  : [0m[90;2m┆ ┆ [0m[90m[2h25m24s] [0m[90m|[0m time="2026-01-12T19:06:18Z" level=debug msg="cgroupv2 io stats: skipping over unmappable dios=0 entry"
[95m35  : [0m[90;2m┆ ┆ [0m[90m[2h25m25s] [0m[90m|[0m time="2026-01-12T19:06:18Z" level=debug msg="Kube-router network policy controller metrics tick"
[95m35  : [0m[90;2m┆ ┆ [0m[90m[2h25m28s] [0m[90m|[0m time="2026-01-12T19:06:21Z" level=debug msg="Kube-router network policy controller metrics tick"
[95m35  : [0m[90;2m┆ ┆ [0m[90m[2h25m31s] [0m[90m|[0m time="2026-01-12T19:06:24Z" level=debug msg="Kube-router network policy controller metrics tick"
[95m35  : [0m[90;2m┆ ┆ [0m[90m[2h25m34s] [0m[90m|[0m time="2026-01-12T19:06:27Z" level=debug msg="cgroupv2 io stats: skipping over unmappable dbytes=0 entry"
[95m35  : [0m[90;2m┆ ┆ [0m[90m[2h25m34s] [0m[90m|[0m time="2026-01-12T19:06:27Z" level=debug msg="cgroupv2 io stats: skipping over unmappable dios=0 entry"
[95m35  : [0m[90;2m┆ ┆ [0m[90m[2h25m34s] [0m[90m|[0m time="2026-01-12T19:06:27Z" level=debug msg="Kube-router network policy controller metrics tick"
[95m35  : [0m[90;2m┆ ┆ [0m[90m[2h25m37s] [0m[90m|[0m time="2026-01-12T19:06:30Z" level=debug msg="Kube-router network policy controller metrics tick"
[95m35  : [0m[90;2m┆ ┆ [0m[90m[2h25m40s] [0m[90m|[0m time="2026-01-12T19:06:33Z" level=debug msg="Kube-router network policy controller metrics tick"
[95m35  : [0m[90;2m┆ ┆ [0m[90m[2h25m42s] [0m[90m|[0m time="2026-01-12T19:06:36Z" level=debug msg="cgroupv2 io stats: skipping over unmappable dbytes=0 entry"
[95m35  : [0m[90;2m┆ ┆ [0m[90m[2h25m42s] [0m[90m|[0m time="2026-01-12T19:06:36Z" level=debug msg="cgroupv2 io stats: skipping over unmappable dios=0 entry"
[95m35  : [0m[90;2m┆ ┆ [0m[90m[2h25m43s] [0m[90m|[0m time="2026-01-12T19:06:36Z" level=debug msg="Kube-router network policy controller metrics tick"
[95m35  : [0m[90;2m┆ ┆ [0m[90m[2h25m44s] [0m[90m|[0m time="2026-01-12T19:06:37Z" level=debug msg="cgroupv2 io stats: skipping over unmappable dbytes=0 entry"
[95m35  : [0m[90;2m┆ ┆ [0m[90m[2h25m44s] [0m[90m|[0m time="2026-01-12T19:06:37Z" level=debug msg="cgroupv2 io stats: skipping over unmappable dios=0 entry"
[95m35  : [0m[90;2m┆ ┆ [0m[90m[2h25m44s] [0m[90m|[0m I0112 19:06:37.760416      14 cidrallocator.go:277] updated ClusterIP allocator for Service CIDR 10.43.0.0/16
[95m35  : [0m[90;2m┆ ┆ [0m[90m[2h25m44s] [0m[90m|[0m time="2026-01-12T19:06:37Z" level=info msg="COMPACT compactRev=981 targetCompactRev=1071 currentRev=2071"
[95m35  : [0m[90;2m┆ ┆ [0m[90m[2h25m44s] [0m[90m|[0m time="2026-01-12T19:06:37Z" level=info msg="COMPACT deleted 90 rows from 90 revisions in 2.937959ms - compacted to 1071/2071"
[95m35  : [0m[90;2m┆ ┆ [0m[90m[2h25m44s] [0m[90m|[0m time="2026-01-12T19:06:37Z" level=info msg="COMPACT compacted from 981 to 1071 in 1 transactions over 3ms"
[95m35  : [0m[90;2m┆ ┆ [0m[90m[2h25m46s] [0m[90m|[0m time="2026-01-12T19:06:39Z" level=debug msg="Kube-router network policy controller metrics tick"
[95m35  : [0m[90;2m┆ ┆ [0m[90m[2h25m46s] [0m[90m|[0m time="2026-01-12T19:06:40Z" level=debug msg="Running k3s-cert-monitor certificate expiration check"
[95m35  : [0m[90;2m┆ ┆ [0m[90m[2h25m46s] [0m[90m|[0m W0112 19:06:40.446276      14 info.go:53] Couldn't collect info from any of the files in "/etc/machine-id,/var/lib/dbus/machine-id"
[95m35  : [0m[90;2m┆ ┆ [0m[90m[2h25m49s] [0m[90m|[0m time="2026-01-12T19:06:42Z" level=debug msg="Kube-router network policy controller metrics tick"
[95m35  : [0m[90;2m┆ ┆ [0m[90m[2h25m52s] [0m[90m|[0m time="2026-01-12T19:06:45Z" level=debug msg="Kube-router network policy controller metrics tick"
[95m35  : [0m[90;2m┆ ┆ [0m[90m[2h25m54s] [0m[90m|[0m time="2026-01-12T19:06:47Z" level=debug msg="cgroupv2 io stats: skipping over unmappable dbytes=0 entry"
[95m35  : [0m[90;2m┆ ┆ [0m[90m[2h25m54s] [0m[90m|[0m time="2026-01-12T19:06:47Z" level=debug msg="cgroupv2 io stats: skipping over unmappable dios=0 entry"
[95m35  : [0m[90;2m┆ ┆ [0m[90m[2h25m55s] [0m[90m|[0m time="2026-01-12T19:06:48Z" level=debug msg="Kube-router network policy controller metrics tick"
[95m35  : [0m[90;2m┆ ┆ [0m[90m[2h25m56s] [0m[90m|[0m time="2026-01-12T19:06:49Z" level=debug msg="cgroupv2 io stats: skipping over unmappable dbytes=0 entry"
[95m35  : [0m[90;2m┆ ┆ [0m[90m[2h25m56s] [0m[90m|[0m time="2026-01-12T19:06:49Z" level=debug msg="cgroupv2 io stats: skipping over unmappable dios=0 entry"
[95m35  : [0m[90;2m┆ ┆ [0m[90m[2h25m58s] [0m[90m|[0m time="2026-01-12T19:06:51Z" level=debug msg="Kube-router network policy controller metrics tick"
[95m35  : [0m[90;2m┆ ┆ [0m[90m[2h26m1s] [0m[90m|[0m time="2026-01-12T19:06:54Z" level=debug msg="Kube-router network policy controller metrics tick"
[95m35  : [0m[90;2m┆ ┆ [0m[90m[2h26m4s] [0m[90m|[0m time="2026-01-12T19:06:57Z" level=debug msg="cgroupv2 io stats: skipping over unmappable dbytes=0 entry"
[95m35  : [0m[90;2m┆ ┆ [0m[90m[2h26m4s] [0m[90m|[0m time="2026-01-12T19:06:57Z" level=debug msg="cgroupv2 io stats: skipping over unmappable dios=0 entry"
[95m35  : [0m[90;2m┆ ┆ [0m[90m[2h26m4s] [0m[90m|[0m time="2026-01-12T19:06:57Z" level=debug msg="Kube-router network policy controller metrics tick"
[95m35  : [0m[90;2m┆ ┆ [0m[90m[2h26m7s] [0m[90m|[0m time="2026-01-12T19:07:00Z" level=debug msg="Kube-router network policy controller metrics tick"
[95m35  : [0m[90;2m┆ ┆ [0m[90m[2h26m7s] [0m[90m|[0m time="2026-01-12T19:07:01Z" level=debug msg="cgroupv2 io stats: skipping over unmappable dbytes=0 entry"
[95m35  : [0m[90;2m┆ ┆ [0m[90m[2h26m7s] [0m[90m|[0m time="2026-01-12T19:07:01Z" level=debug msg="cgroupv2 io stats: skipping over unmappable dios=0 entry"
[95m35  : [0m[90;2m┆ ┆ [0m[90m[2h26m10s] [0m[90m|[0m time="2026-01-12T19:07:03Z" level=debug msg="Kube-router network policy controller metrics tick"
[95m35  : [0m[90;2m┆ ┆ [0m[90m[2h26m13s] [0m[90m|[0m time="2026-01-12T19:07:06Z" level=debug msg="Kube-router network policy controller metrics tick"
[95m35  : [0m[90;2m┆ ┆ [0m[90m[2h26m14s] [0m[90m|[0m time="2026-01-12T19:07:07Z" level=debug msg="cgroupv2 io stats: skipping over unmappable dbytes=0 entry"
[95m35  : [0m[90;2m┆ ┆ [0m[90m[2h26m14s] [0m[90m|[0m time="2026-01-12T19:07:07Z" level=debug msg="cgroupv2 io stats: skipping over unmappable dios=0 entry"
[95m35  : [0m[90;2m┆ ┆ [0m[90m[2h26m16s] [0m[90m|[0m time="2026-01-12T19:07:09Z" level=debug msg="Kube-router network policy controller metrics tick"
[95m35  : [0m[90;2m┆ ┆ [0m[90m[2h26m18s] [0m[90m|[0m time="2026-01-12T19:07:12Z" level=debug msg="cgroupv2 io stats: skipping over unmappable dbytes=0 entry"
[95m35  : [0m[90;2m┆ ┆ [0m[90m[2h26m18s] [0m[90m|[0m time="2026-01-12T19:07:12Z" level=debug msg="cgroupv2 io stats: skipping over unmappable dios=0 entry"
[95m35  : [0m[90;2m┆ ┆ [0m[90m[2h26m19s] [0m[90m|[0m time="2026-01-12T19:07:12Z" level=debug msg="Kube-router network policy controller metrics tick"
[95m35  : [0m[90;2m┆ ┆ [0m[90m[2h26m22s] [0m[90m|[0m time="2026-01-12T19:07:15Z" level=debug msg="Kube-router network policy controller metrics tick"
[95m35  : [0m[90;2m┆ ┆ [0m[90m[2h26m24s] [0m[90m|[0m time="2026-01-12T19:07:17Z" level=debug msg="cgroupv2 io stats: skipping over unmappable dbytes=0 entry"
[95m35  : [0m[90;2m┆ ┆ [0m[90m[2h26m24s] [0m[90m|[0m time="2026-01-12T19:07:17Z" level=debug msg="cgroupv2 io stats: skipping over unmappable dios=0 entry"
[95m35  : [0m[90;2m┆ ┆ [0m[90m[2h26m25s] [0m[90m|[0m time="2026-01-12T19:07:18Z" level=debug msg="Kube-router network policy controller metrics tick"
[95m35  : [0m[90;2m┆ ┆ [0m[90m[2h26m28s] [0m[90m|[0m time="2026-01-12T19:07:21Z" level=debug msg="Kube-router network policy controller metrics tick"
[95m35  : [0m[90;2m┆ ┆ [0m[90m[2h26m31s] [0m[90m|[0m time="2026-01-12T19:07:24Z" level=debug msg="Kube-router network policy controller metrics tick"
[95m35  : [0m[90;2m┆ ┆ [0m[90m[2h26m34s] [0m[90m|[0m time="2026-01-12T19:07:27Z" level=debug msg="cgroupv2 io stats: skipping over unmappable dbytes=0 entry"
[95m35  : [0m[90;2m┆ ┆ [0m[90m[2h26m34s] [0m[90m|[0m time="2026-01-12T19:07:27Z" level=debug msg="cgroupv2 io stats: skipping over unmappable dios=0 entry"
[95m35  : [0m[90;2m┆ ┆ [0m[90m[2h26m34s] [0m[90m|[0m time="2026-01-12T19:07:27Z" level=debug msg="Kube-router network policy controller metrics tick"
[95m35  : [0m[90;2m┆ ┆ [0m[90m[2h26m37s] [0m[90m|[0m time="2026-01-12T19:07:30Z" level=debug msg="Kube-router network policy controller metrics tick"
[95m35  : [0m[90;2m┆ ┆ [0m[90m[2h26m38s] [0m[90m|[0m time="2026-01-12T19:07:31Z" level=debug msg="cgroupv2 io stats: skipping over unmappable dbytes=0 entry"
[95m35  : [0m[90;2m┆ ┆ [0m[90m[2h26m38s] [0m[90m|[0m time="2026-01-12T19:07:31Z" level=debug msg="cgroupv2 io stats: skipping over unmappable dios=0 entry"
[95m35  : [0m[90;2m┆ ┆ [0m[90m[2h26m40s] [0m[90m|[0m time="2026-01-12T19:07:33Z" level=debug msg="Kube-router network policy controller metrics tick"
[95m35  : [0m[90;2m┆ ┆ [0m[90m[2h26m43s] [0m[90m|[0m time="2026-01-12T19:07:36Z" level=debug msg="Kube-router network policy controller metrics tick"
[95m35  : [0m[90;2m┆ ┆ [0m[90m[2h26m44s] [0m[90m|[0m time="2026-01-12T19:07:37Z" level=debug msg="cgroupv2 io stats: skipping over unmappable dbytes=0 entry"
[95m35  : [0m[90;2m┆ ┆ [0m[90m[2h26m44s] [0m[90m|[0m time="2026-01-12T19:07:37Z" level=debug msg="cgroupv2 io stats: skipping over unmappable dios=0 entry"
[95m35  : [0m[90;2m┆ ┆ [0m[90m[2h26m46s] [0m[90m|[0m time="2026-01-12T19:07:39Z" level=debug msg="Kube-router network policy controller metrics tick"
[95m35  : [0m[90;2m┆ ┆ [0m[90m[2h26m49s] [0m[90m|[0m time="2026-01-12T19:07:42Z" level=debug msg="Kube-router network policy controller metrics tick"
[95m35  : [0m[90;2m┆ ┆ [0m[90m[2h26m52s] [0m[90m|[0m time="2026-01-12T19:07:45Z" level=debug msg="Kube-router network policy controller metrics tick"
[95m35  : [0m[90;2m┆ ┆ [0m[90m[2h26m53s] [0m[90m|[0m time="2026-01-12T19:07:46Z" level=debug msg="cgroupv2 io stats: skipping over unmappable dbytes=0 entry"
[95m35  : [0m[90;2m┆ ┆ [0m[90m[2h26m53s] [0m[90m|[0m time="2026-01-12T19:07:46Z" level=debug msg="cgroupv2 io stats: skipping over unmappable dios=0 entry"
[95m35  : [0m[90;2m┆ ┆ [0m[90m[2h26m54s] [0m[90m|[0m time="2026-01-12T19:07:47Z" level=debug msg="cgroupv2 io stats: skipping over unmappable dbytes=0 entry"
[95m35  : [0m[90;2m┆ ┆ [0m[90m[2h26m54s] [0m[90m|[0m time="2026-01-12T19:07:47Z" level=debug msg="cgroupv2 io stats: skipping over unmappable dios=0 entry"
[95m35  : [0m[90;2m┆ ┆ [0m[90m[2h26m55s] [0m[90m|[0m time="2026-01-12T19:07:48Z" level=debug msg="Kube-router network policy controller metrics tick"
[95m35  : [0m[90;2m┆ ┆ [0m[90m[2h26m58s] [0m[90m|[0m time="2026-01-12T19:07:51Z" level=debug msg="Kube-router network policy controller metrics tick"
[95m35  : [0m[90;2m┆ ┆ [0m[90m[2h27m1s] [0m[90m|[0m time="2026-01-12T19:07:54Z" level=debug msg="Kube-router network policy controller metrics tick"
[95m35  : [0m[90;2m┆ ┆ [0m[90m[2h27m4s] [0m[90m|[0m time="2026-01-12T19:07:57Z" level=debug msg="cgroupv2 io stats: skipping over unmappable dbytes=0 entry"
[95m35  : [0m[90;2m┆ ┆ [0m[90m[2h27m4s] [0m[90m|[0m time="2026-01-12T19:07:57Z" level=debug msg="cgroupv2 io stats: skipping over unmappable dios=0 entry"
[95m35  : [0m[90;2m┆ ┆ [0m[90m[2h27m4s] [0m[90m|[0m time="2026-01-12T19:07:57Z" level=debug msg="Kube-router network policy controller metrics tick"
[95m35  : [0m[90;2m┆ ┆ [0m[90m[2h27m6s] [0m[90m|[0m time="2026-01-12T19:07:59Z" level=debug msg="cgroupv2 io stats: skipping over unmappable dbytes=0 entry"
[95m35  : [0m[90;2m┆ ┆ [0m[90m[2h27m6s] [0m[90m|[0m time="2026-01-12T19:07:59Z" level=debug msg="cgroupv2 io stats: skipping over unmappable dios=0 entry"
[95m35  : [0m[90;2m┆ ┆ [0m[90m[2h27m7s] [0m[90m|[0m time="2026-01-12T19:08:00Z" level=debug msg="Kube-router network policy controller metrics tick"
[95m35  : [0m[90;2m┆ ┆ [0m[90m[2h27m10s] [0m[90m|[0m time="2026-01-12T19:08:03Z" level=debug msg="Kube-router network policy controller metrics tick"
[95m35  : [0m[90;2m┆ ┆ [0m[90m[2h27m13s] [0m[90m|[0m time="2026-01-12T19:08:06Z" level=debug msg="Kube-router network policy controller metrics tick"
[95m35  : [0m[90;2m┆ ┆ [0m[90m[2h27m14s] [0m[90m|[0m time="2026-01-12T19:08:07Z" level=debug msg="cgroupv2 io stats: skipping over unmappable dbytes=0 entry"
[95m35  : [0m[90;2m┆ ┆ [0m[90m[2h27m14s] [0m[90m|[0m time="2026-01-12T19:08:07Z" level=debug msg="cgroupv2 io stats: skipping over unmappable dios=0 entry"
[95m35  : [0m[90;2m┆ ┆ [0m[90m[2h27m16s] [0m[90m|[0m time="2026-01-12T19:08:09Z" level=debug msg="Kube-router network policy controller metrics tick"
[95m35  : [0m[90;2m┆ ┆ [0m[90m[2h27m16s] [0m[90m|[0m time="2026-01-12T19:08:09Z" level=debug msg="cgroupv2 io stats: skipping over unmappable dbytes=0 entry"
[95m35  : [0m[90;2m┆ ┆ [0m[90m[2h27m16s] [0m[90m|[0m time="2026-01-12T19:08:09Z" level=debug msg="cgroupv2 io stats: skipping over unmappable dios=0 entry"
[95m35  : [0m[90;2m┆ ┆ [0m[90m[2h27m19s] [0m[90m|[0m time="2026-01-12T19:08:12Z" level=debug msg="Kube-router network policy controller metrics tick"
[95m35  : [0m[90;2m┆ ┆ [0m[90m[2h27m22s] [0m[90m|[0m time="2026-01-12T19:08:15Z" level=debug msg="Kube-router network policy controller metrics tick"
[95m35  : [0m[90;2m┆ ┆ [0m[90m[2h27m24s] [0m[90m|[0m time="2026-01-12T19:08:17Z" level=debug msg="cgroupv2 io stats: skipping over unmappable dbytes=0 entry"
[95m35  : [0m[90;2m┆ ┆ [0m[90m[2h27m24s] [0m[90m|[0m time="2026-01-12T19:08:17Z" level=debug msg="cgroupv2 io stats: skipping over unmappable dios=0 entry"
[95m35  : [0m[90;2m┆ ┆ [0m[90m[2h27m25s] [0m[90m|[0m time="2026-01-12T19:08:18Z" level=debug msg="Kube-router network policy controller metrics tick"
[95m35  : [0m[90;2m┆ ┆ [0m[90m[2h27m28s] [0m[90m|[0m time="2026-01-12T19:08:21Z" level=debug msg="Kube-router network policy controller metrics tick"
[95m35  : [0m[90;2m┆ ┆ [0m[90m[2h27m30s] [0m[90m|[0m time="2026-01-12T19:08:24Z" level=debug msg="cgroupv2 io stats: skipping over unmappable dbytes=0 entry"
[95m35  : [0m[90;2m┆ ┆ [0m[90m[2h27m30s] [0m[90m|[0m time="2026-01-12T19:08:24Z" level=debug msg="cgroupv2 io stats: skipping over unmappable dios=0 entry"
[95m35  : [0m[90;2m┆ ┆ [0m[90m[2h27m31s] [0m[90m|[0m time="2026-01-12T19:08:24Z" level=debug msg="Kube-router network policy controller metrics tick"
[95m35  : [0m[90;2m┆ ┆ [0m[90m[2h27m34s] [0m[90m|[0m time="2026-01-12T19:08:27Z" level=debug msg="cgroupv2 io stats: skipping over unmappable dbytes=0 entry"
[95m35  : [0m[90;2m┆ ┆ [0m[90m[2h27m34s] [0m[90m|[0m time="2026-01-12T19:08:27Z" level=debug msg="cgroupv2 io stats: skipping over unmappable dios=0 entry"
[95m35  : [0m[90;2m┆ ┆ [0m[90m[2h27m34s] [0m[90m|[0m time="2026-01-12T19:08:27Z" level=debug msg="Kube-router network policy controller metrics tick"
[95m35  : [0m[90;2m┆ ┆ [0m[90m[2h27m37s] [0m[90m|[0m time="2026-01-12T19:08:30Z" level=debug msg="Kube-router network policy controller metrics tick"
[95m35  : [0m[90;2m┆ ┆ [0m[90m[2h27m40s] [0m[90m|[0m time="2026-01-12T19:08:33Z" level=debug msg="Kube-router network policy controller metrics tick"
[95m35  : [0m[90;2m┆ ┆ [0m[90m[2h27m43s] [0m[90m|[0m time="2026-01-12T19:08:36Z" level=debug msg="Kube-router network policy controller metrics tick"
[95m35  : [0m[90;2m┆ ┆ [0m[90m[2h27m44s] [0m[90m|[0m time="2026-01-12T19:08:37Z" level=debug msg="cgroupv2 io stats: skipping over unmappable dbytes=0 entry"
[95m35  : [0m[90;2m┆ ┆ [0m[90m[2h27m44s] [0m[90m|[0m time="2026-01-12T19:08:37Z" level=debug msg="cgroupv2 io stats: skipping over unmappable dios=0 entry"
[95m35  : [0m[90;2m┆ ┆ [0m[90m[2h27m46s] [0m[90m|[0m time="2026-01-12T19:08:39Z" level=debug msg="cgroupv2 io stats: skipping over unmappable dbytes=0 entry"
[95m35  : [0m[90;2m┆ ┆ [0m[90m[2h27m46s] [0m[90m|[0m time="2026-01-12T19:08:39Z" level=debug msg="cgroupv2 io stats: skipping over unmappable dios=0 entry"
[95m35  : [0m[90;2m┆ ┆ [0m[90m[2h27m46s] [0m[90m|[0m time="2026-01-12T19:08:39Z" level=debug msg="Kube-router network policy controller metrics tick"
[95m35  : [0m[90;2m┆ ┆ [0m[90m[2h27m49s] [0m[90m|[0m time="2026-01-12T19:08:42Z" level=debug msg="Kube-router network policy controller metrics tick"
[95m35  : [0m[90;2m┆ ┆ [0m[90m[2h27m52s] [0m[90m|[0m time="2026-01-12T19:08:45Z" level=debug msg="Kube-router network policy controller metrics tick"
[95m35  : [0m[90;2m┆ ┆ [0m[90m[2h27m54s] [0m[90m|[0m time="2026-01-12T19:08:47Z" level=debug msg="cgroupv2 io stats: skipping over unmappable dbytes=0 entry"
[95m35  : [0m[90;2m┆ ┆ [0m[90m[2h27m54s] [0m[90m|[0m time="2026-01-12T19:08:47Z" level=debug msg="cgroupv2 io stats: skipping over unmappable dios=0 entry"
[95m35  : [0m[90;2m┆ ┆ [0m[90m[2h27m55s] [0m[90m|[0m time="2026-01-12T19:08:48Z" level=debug msg="Kube-router network policy controller metrics tick"
[95m35  : [0m[90;2m┆ ┆ [0m[90m[2h27m56s] [0m[90m|[0m time="2026-01-12T19:08:50Z" level=debug msg="cgroupv2 io stats: skipping over unmappable dbytes=0 entry"
[95m35  : [0m[90;2m┆ ┆ [0m[90m[2h27m56s] [0m[90m|[0m time="2026-01-12T19:08:50Z" level=debug msg="cgroupv2 io stats: skipping over unmappable dios=0 entry"
[95m35  : [0m[90;2m┆ ┆ [0m[90m[2h27m58s] [0m[90m|[0m time="2026-01-12T19:08:51Z" level=debug msg="Kube-router network policy controller metrics tick"
[95m35  : [0m[90;2m┆ ┆ [0m[90m[2h28m1s] [0m[90m|[0m time="2026-01-12T19:08:54Z" level=debug msg="Kube-router network policy controller metrics tick"
[95m35  : [0m[90;2m┆ ┆ [0m[90m[2h28m4s] [0m[90m|[0m time="2026-01-12T19:08:57Z" level=debug msg="cgroupv2 io stats: skipping over unmappable dbytes=0 entry"
[95m35  : [0m[90;2m┆ ┆ [0m[90m[2h28m4s] [0m[90m|[0m time="2026-01-12T19:08:57Z" level=debug msg="cgroupv2 io stats: skipping over unmappable dios=0 entry"
[95m35  : [0m[90;2m┆ ┆ [0m[90m[2h28m4s] [0m[90m|[0m time="2026-01-12T19:08:57Z" level=debug msg="Kube-router network policy controller metrics tick"
[95m35  : [0m[90;2m┆ ┆ [0m[90m[2h28m7s] [0m[90m|[0m time="2026-01-12T19:09:00Z" level=debug msg="Kube-router network policy controller metrics tick"
[95m35  : [0m[90;2m┆ ┆ [0m[90m[2h28m7s] [0m[90m|[0m time="2026-01-12T19:09:01Z" level=debug msg="cgroupv2 io stats: skipping over unmappable dbytes=0 entry"
[95m35  : [0m[90;2m┆ ┆ [0m[90m[2h28m7s] [0m[90m|[0m time="2026-01-12T19:09:01Z" level=debug msg="cgroupv2 io stats: skipping over unmappable dios=0 entry"
[95m35  : [0m[90;2m┆ ┆ [0m[90m[2h28m10s] [0m[90m|[0m time="2026-01-12T19:09:03Z" level=debug msg="Kube-router network policy controller metrics tick"
[95m35  : [0m[90;2m┆ ┆ [0m[90m[2h28m13s] [0m[90m|[0m time="2026-01-12T19:09:06Z" level=debug msg="Kube-router network policy controller metrics tick"
[95m35  : [0m[90;2m┆ ┆ [0m[90m[2h28m14s] [0m[90m|[0m time="2026-01-12T19:09:07Z" level=debug msg="cgroupv2 io stats: skipping over unmappable dbytes=0 entry"
[95m35  : [0m[90;2m┆ ┆ [0m[90m[2h28m14s] [0m[90m|[0m time="2026-01-12T19:09:07Z" level=debug msg="cgroupv2 io stats: skipping over unmappable dios=0 entry"
[95m35  : [0m[90;2m┆ ┆ [0m[90m[2h28m16s] [0m[90m|[0m time="2026-01-12T19:09:09Z" level=debug msg="Kube-router network policy controller metrics tick"
[95m35  : [0m[90;2m┆ ┆ [0m[90m[2h28m19s] [0m[90m|[0m time="2026-01-12T19:09:12Z" level=debug msg="Kube-router network policy controller metrics tick"
[95m35  : [0m[90;2m┆ ┆ [0m[90m[2h28m22s] [0m[90m|[0m time="2026-01-12T19:09:15Z" level=debug msg="Kube-router network policy controller metrics tick"
[95m35  : [0m[90;2m┆ ┆ [0m[90m[2h28m24s] [0m[90m|[0m time="2026-01-12T19:09:17Z" level=debug msg="cgroupv2 io stats: skipping over unmappable dbytes=0 entry"
[95m35  : [0m[90;2m┆ ┆ [0m[90m[2h28m24s] [0m[90m|[0m time="2026-01-12T19:09:17Z" level=debug msg="cgroupv2 io stats: skipping over unmappable dios=0 entry"
[95m35  : [0m[90;2m┆ ┆ [0m[90m[2h28m25s] [0m[90m|[0m time="2026-01-12T19:09:18Z" level=debug msg="cgroupv2 io stats: skipping over unmappable dbytes=0 entry"
[95m35  : [0m[90;2m┆ ┆ [0m[90m[2h28m25s] [0m[90m|[0m time="2026-01-12T19:09:18Z" level=debug msg="cgroupv2 io stats: skipping over unmappable dios=0 entry"
[95m35  : [0m[90;2m┆ ┆ [0m[90m[2h28m25s] [0m[90m|[0m time="2026-01-12T19:09:18Z" level=debug msg="Kube-router network policy controller metrics tick"
[95m35  : [0m[90;2m┆ ┆ [0m[90m[2h28m28s] [0m[90m|[0m time="2026-01-12T19:09:21Z" level=debug msg="Kube-router network policy controller metrics tick"
[95m35  : [0m[90;2m┆ ┆ [0m[90m[2h28m31s] [0m[90m|[0m time="2026-01-12T19:09:24Z" level=debug msg="Kube-router network policy controller metrics tick"
[95m35  : [0m[90;2m┆ ┆ [0m[90m[2h28m34s] [0m[90m|[0m time="2026-01-12T19:09:27Z" level=debug msg="Kube-router network policy controller metrics tick"
[95m35  : [0m[90;2m┆ ┆ [0m[90m[2h28m34s] [0m[90m|[0m time="2026-01-12T19:09:27Z" level=debug msg="cgroupv2 io stats: skipping over unmappable dbytes=0 entry"
[95m35  : [0m[90;2m┆ ┆ [0m[90m[2h28m34s] [0m[90m|[0m time="2026-01-12T19:09:27Z" level=debug msg="cgroupv2 io stats: skipping over unmappable dios=0 entry"
[95m35  : [0m[90;2m┆ ┆ [0m[90m[2h28m37s] [0m[90m|[0m time="2026-01-12T19:09:30Z" level=debug msg="Kube-router network policy controller metrics tick"
[95m35  : [0m[90;2m┆ ┆ [0m[90m[2h28m40s] [0m[90m|[0m time="2026-01-12T19:09:33Z" level=debug msg="cgroupv2 io stats: skipping over unmappable dbytes=0 entry"
[95m35  : [0m[90;2m┆ ┆ [0m[90m[2h28m40s] [0m[90m|[0m time="2026-01-12T19:09:33Z" level=debug msg="cgroupv2 io stats: skipping over unmappable dios=0 entry"
[95m35  : [0m[90;2m┆ ┆ [0m[90m[2h28m40s] [0m[90m|[0m time="2026-01-12T19:09:33Z" level=debug msg="Kube-router network policy controller metrics tick"
[95m35  : [0m[90;2m┆ ┆ [0m[90m[2h28m43s] [0m[90m|[0m time="2026-01-12T19:09:36Z" level=debug msg="Kube-router network policy controller metrics tick"
[95m35  : [0m[90;2m┆ ┆ [0m[90m[2h28m44s] [0m[90m|[0m time="2026-01-12T19:09:37Z" level=debug msg="cgroupv2 io stats: skipping over unmappable dbytes=0 entry"
[95m35  : [0m[90;2m┆ ┆ [0m[90m[2h28m44s] [0m[90m|[0m time="2026-01-12T19:09:37Z" level=debug msg="cgroupv2 io stats: skipping over unmappable dios=0 entry"
[95m35  : [0m[90;2m┆ ┆ [0m[90m[2h28m46s] [0m[90m|[0m time="2026-01-12T19:09:39Z" level=debug msg="Kube-router network policy controller metrics tick"
[95m35  : [0m[90;2m┆ ┆ [0m[90m[2h28m49s] [0m[90m|[0m time="2026-01-12T19:09:42Z" level=debug msg="Kube-router network policy controller metrics tick"
[95m35  : [0m[90;2m┆ ┆ [0m[90m[2h28m52s] [0m[90m|[0m time="2026-01-12T19:09:45Z" level=debug msg="Kube-router network policy controller metrics tick"
[95m35  : [0m[90;2m┆ ┆ [0m[90m[2h28m52s] [0m[90m|[0m time="2026-01-12T19:09:46Z" level=debug msg="cgroupv2 io stats: skipping over unmappable dbytes=0 entry"
[95m35  : [0m[90;2m┆ ┆ [0m[90m[2h28m52s] [0m[90m|[0m time="2026-01-12T19:09:46Z" level=debug msg="cgroupv2 io stats: skipping over unmappable dios=0 entry"
[95m35  : [0m[90;2m┆ ┆ [0m[90m[2h28m54s] [0m[90m|[0m time="2026-01-12T19:09:47Z" level=debug msg="cgroupv2 io stats: skipping over unmappable dbytes=0 entry"
[95m35  : [0m[90;2m┆ ┆ [0m[90m[2h28m54s] [0m[90m|[0m time="2026-01-12T19:09:47Z" level=debug msg="cgroupv2 io stats: skipping over unmappable dios=0 entry"
[95m35  : [0m[90;2m┆ ┆ [0m[90m[2h28m55s] [0m[90m|[0m time="2026-01-12T19:09:48Z" level=debug msg="Kube-router network policy controller metrics tick"
[95m35  : [0m[90;2m┆ ┆ [0m[90m[2h28m58s] [0m[90m|[0m time="2026-01-12T19:09:51Z" level=debug msg="Kube-router network policy controller metrics tick"
[95m35  : [0m[90;2m┆ ┆ [0m[90m[2h29m1s] [0m[90m|[0m time="2026-01-12T19:09:54Z" level=debug msg="Kube-router network policy controller metrics tick"
[95m35  : [0m[90;2m┆ ┆ [0m[90m[2h29m4s] [0m[90m|[0m time="2026-01-12T19:09:57Z" level=debug msg="Kube-router network policy controller metrics tick"
[95m35  : [0m[90;2m┆ ┆ [0m[90m[2h29m4s] [0m[90m|[0m time="2026-01-12T19:09:57Z" level=debug msg="cgroupv2 io stats: skipping over unmappable dbytes=0 entry"
[95m35  : [0m[90;2m┆ ┆ [0m[90m[2h29m4s] [0m[90m|[0m time="2026-01-12T19:09:57Z" level=debug msg="cgroupv2 io stats: skipping over unmappable dios=0 entry"
[95m35  : [0m[90;2m┆ ┆ [0m[90m[2h29m7s] [0m[90m|[0m time="2026-01-12T19:10:00Z" level=debug msg="Kube-router network policy controller metrics tick"
[95m35  : [0m[90;2m┆ ┆ [0m[90m[2h29m10s] [0m[90m|[0m time="2026-01-12T19:10:03Z" level=debug msg="Kube-router network policy controller metrics tick"
[95m35  : [0m[90;2m┆ ┆ [0m[90m[2h29m12s] [0m[90m|[0m time="2026-01-12T19:10:05Z" level=debug msg="cgroupv2 io stats: skipping over unmappable dbytes=0 entry"
[95m35  : [0m[90;2m┆ ┆ [0m[90m[2h29m12s] [0m[90m|[0m time="2026-01-12T19:10:05Z" level=debug msg="cgroupv2 io stats: skipping over unmappable dios=0 entry"
[95m35  : [0m[90;2m┆ ┆ [0m[90m[2h29m13s] [0m[90m|[0m time="2026-01-12T19:10:06Z" level=debug msg="Kube-router network policy controller metrics tick"
[95m35  : [0m[90;2m┆ ┆ [0m[90m[2h29m14s] [0m[90m|[0m time="2026-01-12T19:10:07Z" level=debug msg="cgroupv2 io stats: skipping over unmappable dbytes=0 entry"
[95m35  : [0m[90;2m┆ ┆ [0m[90m[2h29m14s] [0m[90m|[0m time="2026-01-12T19:10:07Z" level=debug msg="cgroupv2 io stats: skipping over unmappable dios=0 entry"
[95m35  : [0m[90;2m┆ ┆ [0m[90m[2h29m16s] [0m[90m|[0m time="2026-01-12T19:10:09Z" level=debug msg="Kube-router network policy controller metrics tick"
[95m35  : [0m[90;2m┆ ┆ [0m[90m[2h29m19s] [0m[90m|[0m time="2026-01-12T19:10:12Z" level=debug msg="Kube-router network policy controller metrics tick"
[95m35  : [0m[90;2m┆ ┆ [0m[90m[2h29m22s] [0m[90m|[0m time="2026-01-12T19:10:15Z" level=debug msg="Kube-router network policy controller metrics tick"
[95m35  : [0m[90;2m┆ ┆ [0m[90m[2h29m24s] [0m[90m|[0m time="2026-01-12T19:10:17Z" level=debug msg="cgroupv2 io stats: skipping over unmappable dbytes=0 entry"
[95m35  : [0m[90;2m┆ ┆ [0m[90m[2h29m24s] [0m[90m|[0m time="2026-01-12T19:10:17Z" level=debug msg="cgroupv2 io stats: skipping over unmappable dios=0 entry"
[95m35  : [0m[90;2m┆ ┆ [0m[90m[2h29m25s] [0m[90m|[0m time="2026-01-12T19:10:18Z" level=debug msg="Kube-router network policy controller metrics tick"
[95m35  : [0m[90;2m┆ ┆ [0m[90m[2h29m28s] [0m[90m|[0m time="2026-01-12T19:10:21Z" level=debug msg="Kube-router network policy controller metrics tick"
[95m35  : [0m[90;2m┆ ┆ [0m[90m[2h29m28s] [0m[90m|[0m time="2026-01-12T19:10:22Z" level=debug msg="cgroupv2 io stats: skipping over unmappable dbytes=0 entry"
[95m35  : [0m[90;2m┆ ┆ [0m[90m[2h29m28s] [0m[90m|[0m time="2026-01-12T19:10:22Z" level=debug msg="cgroupv2 io stats: skipping over unmappable dios=0 entry"
[95m35  : [0m[90;2m┆ ┆ [0m[90m[2h29m31s] [0m[90m|[0m time="2026-01-12T19:10:24Z" level=debug msg="Kube-router network policy controller metrics tick"
[95m35  : [0m[90;2m┆ ┆ [0m[90m[2h29m34s] [0m[90m|[0m time="2026-01-12T19:10:27Z" level=debug msg="Kube-router network policy controller metrics tick"
[95m35  : [0m[90;2m┆ ┆ [0m[90m[2h29m34s] [0m[90m|[0m time="2026-01-12T19:10:27Z" level=debug msg="cgroupv2 io stats: skipping over unmappable dbytes=0 entry"
[95m35  : [0m[90;2m┆ ┆ [0m[90m[2h29m34s] [0m[90m|[0m time="2026-01-12T19:10:27Z" level=debug msg="cgroupv2 io stats: skipping over unmappable dios=0 entry"
[95m35  : [0m[90;2m┆ ┆ [0m[90m[2h29m37s] [0m[90m|[0m time="2026-01-12T19:10:30Z" level=debug msg="Kube-router network policy controller metrics tick"
[95m35  : [0m[90;2m┆ ┆ [0m[90m[2h29m40s] [0m[90m|[0m time="2026-01-12T19:10:33Z" level=debug msg="Kube-router network policy controller metrics tick"
[95m35  : [0m[90;2m┆ ┆ [0m[90m[2h29m43s] [0m[90m|[0m time="2026-01-12T19:10:36Z" level=debug msg="Kube-router network policy controller metrics tick"
[95m35  : [0m[90;2m┆ ┆ [0m[90m[2h29m44s] [0m[90m|[0m time="2026-01-12T19:10:37Z" level=debug msg="cgroupv2 io stats: skipping over unmappable dbytes=0 entry"
[95m35  : [0m[90;2m┆ ┆ [0m[90m[2h29m44s] [0m[90m|[0m time="2026-01-12T19:10:37Z" level=debug msg="cgroupv2 io stats: skipping over unmappable dios=0 entry"
[95m35  : [0m[90;2m┆ ┆ [0m[90m[2h29m45s] [0m[90m|[0m time="2026-01-12T19:10:38Z" level=debug msg="cgroupv2 io stats: skipping over unmappable dbytes=0 entry"
[95m35  : [0m[90;2m┆ ┆ [0m[90m[2h29m45s] [0m[90m|[0m time="2026-01-12T19:10:38Z" level=debug msg="cgroupv2 io stats: skipping over unmappable dios=0 entry"
[95m35  : [0m[90;2m┆ ┆ [0m[90m[2h29m46s] [0m[90m|[0m time="2026-01-12T19:10:39Z" level=debug msg="Kube-router network policy controller metrics tick"
[95m35  : [0m[90;2m┆ ┆ [0m[90m[2h29m49s] [0m[90m|[0m time="2026-01-12T19:10:42Z" level=debug msg="Kube-router network policy controller metrics tick"
[95m35  : [0m[90;2m┆ ┆ [0m[90m[2h29m52s] [0m[90m|[0m time="2026-01-12T19:10:45Z" level=debug msg="Kube-router network policy controller metrics tick"
[95m35  : [0m[90;2m┆ ┆ [0m[90m[2h29m54s] [0m[90m|[0m time="2026-01-12T19:10:48Z" level=debug msg="cgroupv2 io stats: skipping over unmappable dbytes=0 entry"
[95m35  : [0m[90;2m┆ ┆ [0m[90m[2h29m54s] [0m[90m|[0m time="2026-01-12T19:10:48Z" level=debug msg="cgroupv2 io stats: skipping over unmappable dios=0 entry"
[95m35  : [0m[90;2m┆ ┆ [0m[90m[2h29m55s] [0m[90m|[0m time="2026-01-12T19:10:48Z" level=debug msg="Kube-router network policy controller metrics tick"
[95m35  : [0m[90;2m┆ ┆ [0m[90m[2h29m58s] [0m[90m|[0m time="2026-01-12T19:10:51Z" level=debug msg="Kube-router network policy controller metrics tick"
[95m35  : [0m[90;2m┆ ┆ [0m[90m[2h29m59s] [0m[90m|[0m time="2026-01-12T19:10:52Z" level=debug msg="cgroupv2 io stats: skipping over unmappable dbytes=0 entry"
[95m35  : [0m[90;2m┆ ┆ [0m[90m[2h29m59s] [0m[90m|[0m time="2026-01-12T19:10:52Z" level=debug msg="cgroupv2 io stats: skipping over unmappable dios=0 entry"
[95m35  : [0m[90;2m┆ ┆ [0m[90m[2h30m1s] [0m[90m|[0m time="2026-01-12T19:10:54Z" level=debug msg="Kube-router network policy controller metrics tick"
[95m35  : [0m[90;2m┆ ┆ [0m[90m[2h30m4s] [0m[90m|[0m time="2026-01-12T19:10:57Z" level=debug msg="Kube-router network policy controller metrics tick"
[95m35  : [0m[90;2m┆ ┆ [0m[90m[2h30m4s] [0m[90m|[0m time="2026-01-12T19:10:58Z" level=debug msg="cgroupv2 io stats: skipping over unmappable dbytes=0 entry"
[95m35  : [0m[90;2m┆ ┆ [0m[90m[2h30m4s] [0m[90m|[0m time="2026-01-12T19:10:58Z" level=debug msg="cgroupv2 io stats: skipping over unmappable dios=0 entry"
[95m35  : [0m[90;2m┆ ┆ [0m[90m[2h30m7s] [0m[90m|[0m time="2026-01-12T19:11:00Z" level=debug msg="Kube-router network policy controller metrics tick"
[95m35  : [0m[90;2m┆ ┆ [0m[90m[2h30m10s] [0m[90m|[0m time="2026-01-12T19:11:03Z" level=debug msg="cgroupv2 io stats: skipping over unmappable dbytes=0 entry"
[95m35  : [0m[90;2m┆ ┆ [0m[90m[2h30m10s] [0m[90m|[0m time="2026-01-12T19:11:03Z" level=debug msg="cgroupv2 io stats: skipping over unmappable dios=0 entry"
[95m35  : [0m[90;2m┆ ┆ [0m[90m[2h30m10s] [0m[90m|[0m time="2026-01-12T19:11:03Z" level=debug msg="Kube-router network policy controller metrics tick"
[95m35  : [0m[90;2m┆ ┆ [0m[90m[2h30m13s] [0m[90m|[0m time="2026-01-12T19:11:06Z" level=debug msg="Kube-router network policy controller metrics tick"
[95m35  : [0m[90;2m┆ ┆ [0m[90m[2h30m14s] [0m[90m|[0m time="2026-01-12T19:11:08Z" level=debug msg="cgroupv2 io stats: skipping over unmappable dbytes=0 entry"
[95m35  : [0m[90;2m┆ ┆ [0m[90m[2h30m14s] [0m[90m|[0m time="2026-01-12T19:11:08Z" level=debug msg="cgroupv2 io stats: skipping over unmappable dios=0 entry"
[95m35  : [0m[90;2m┆ ┆ [0m[90m[2h30m16s] [0m[90m|[0m time="2026-01-12T19:11:09Z" level=debug msg="Kube-router network policy controller metrics tick"
[95m35  : [0m[90;2m┆ ┆ [0m[90m[2h30m19s] [0m[90m|[0m time="2026-01-12T19:11:12Z" level=debug msg="Kube-router network policy controller metrics tick"
[95m35  : [0m[90;2m┆ ┆ [0m[90m[2h30m22s] [0m[90m|[0m time="2026-01-12T19:11:15Z" level=debug msg="Kube-router network policy controller metrics tick"
[95m35  : [0m[90;2m┆ ┆ [0m[90m[2h30m22s] [0m[90m|[0m time="2026-01-12T19:11:15Z" level=debug msg="cgroupv2 io stats: skipping over unmappable dbytes=0 entry"
[95m35  : [0m[90;2m┆ ┆ [0m[90m[2h30m22s] [0m[90m|[0m time="2026-01-12T19:11:15Z" level=debug msg="cgroupv2 io stats: skipping over unmappable dios=0 entry"
[95m35  : [0m[90;2m┆ ┆ [0m[90m[2h30m24s] [0m[90m|[0m time="2026-01-12T19:11:18Z" level=debug msg="cgroupv2 io stats: skipping over unmappable dbytes=0 entry"
[95m35  : [0m[90;2m┆ ┆ [0m[90m[2h30m24s] [0m[90m|[0m time="2026-01-12T19:11:18Z" level=debug msg="cgroupv2 io stats: skipping over unmappable dios=0 entry"
[95m35  : [0m[90;2m┆ ┆ [0m[90m[2h30m25s] [0m[90m|[0m time="2026-01-12T19:11:18Z" level=debug msg="Kube-router network policy controller metrics tick"
[95m35  : [0m[90;2m┆ ┆ [0m[90m[2h30m28s] [0m[90m|[0m time="2026-01-12T19:11:21Z" level=debug msg="Kube-router network policy controller metrics tick"
[95m35  : [0m[90;2m┆ ┆ [0m[90m[2h30m31s] [0m[90m|[0m time="2026-01-12T19:11:24Z" level=debug msg="Kube-router network policy controller metrics tick"
[95m35  : [0m[90;2m┆ ┆ [0m[90m[2h30m33s] [0m[90m|[0m time="2026-01-12T19:11:26Z" level=debug msg="cgroupv2 io stats: skipping over unmappable dbytes=0 entry"
[95m35  : [0m[90;2m┆ ┆ [0m[90m[2h30m33s] [0m[90m|[0m time="2026-01-12T19:11:26Z" level=debug msg="cgroupv2 io stats: skipping over unmappable dios=0 entry"
[95m35  : [0m[90;2m┆ ┆ [0m[90m[2h30m34s] [0m[90m|[0m time="2026-01-12T19:11:27Z" level=debug msg="Kube-router network policy controller metrics tick"
[95m35  : [0m[90;2m┆ ┆ [0m[90m[2h30m34s] [0m[90m|[0m time="2026-01-12T19:11:28Z" level=debug msg="cgroupv2 io stats: skipping over unmappable dbytes=0 entry"
[95m35  : [0m[90;2m┆ ┆ [0m[90m[2h30m34s] [0m[90m|[0m time="2026-01-12T19:11:28Z" level=debug msg="cgroupv2 io stats: skipping over unmappable dios=0 entry"
[95m35  : [0m[90;2m┆ ┆ [0m[90m[2h30m37s] [0m[90m|[0m time="2026-01-12T19:11:30Z" level=debug msg="Kube-router network policy controller metrics tick"
[95m35  : [0m[90;2m┆ ┆ [0m[90m[2h30m40s] [0m[90m|[0m time="2026-01-12T19:11:33Z" level=debug msg="Kube-router network policy controller metrics tick"
[95m35  : [0m[90;2m┆ ┆ [0m[90m[2h30m43s] [0m[90m|[0m time="2026-01-12T19:11:36Z" level=debug msg="Kube-router network policy controller metrics tick"
[95m35  : [0m[90;2m┆ ┆ [0m[90m[2h30m44s] [0m[90m|[0m time="2026-01-12T19:11:37Z" level=info msg="COMPACT compactRev=1071 targetCompactRev=1163 currentRev=2163"
[95m35  : [0m[90;2m┆ ┆ [0m[90m[2h30m44s] [0m[90m|[0m time="2026-01-12T19:11:37Z" level=info msg="COMPACT deleted 92 rows from 92 revisions in 2.856911ms - compacted to 1163/2163"
[95m35  : [0m[90;2m┆ ┆ [0m[90m[2h30m44s] [0m[90m|[0m time="2026-01-12T19:11:37Z" level=info msg="COMPACT compacted from 1071 to 1163 in 1 transactions over 3ms"
[95m35  : [0m[90;2m┆ ┆ [0m[90m[2h30m44s] [0m[90m|[0m time="2026-01-12T19:11:38Z" level=debug msg="cgroupv2 io stats: skipping over unmappable dbytes=0 entry"
[95m35  : [0m[90;2m┆ ┆ [0m[90m[2h30m44s] [0m[90m|[0m time="2026-01-12T19:11:38Z" level=debug msg="cgroupv2 io stats: skipping over unmappable dios=0 entry"
[95m35  : [0m[90;2m┆ ┆ [0m[90m[2h30m46s] [0m[90m|[0m time="2026-01-12T19:11:39Z" level=debug msg="Kube-router network policy controller metrics tick"
[95m35  : [0m[90;2m┆ ┆ [0m[90m[2h30m46s] [0m[90m|[0m time="2026-01-12T19:11:39Z" level=debug msg="cgroupv2 io stats: skipping over unmappable dbytes=0 entry"
[95m35  : [0m[90;2m┆ ┆ [0m[90m[2h30m46s] [0m[90m|[0m time="2026-01-12T19:11:39Z" level=debug msg="cgroupv2 io stats: skipping over unmappable dios=0 entry"
[95m35  : [0m[90;2m┆ ┆ [0m[90m[2h30m46s] [0m[90m|[0m W0112 19:11:40.450083      14 info.go:53] Couldn't collect info from any of the files in "/etc/machine-id,/var/lib/dbus/machine-id"
[95m35  : [0m[90;2m┆ ┆ [0m[90m[2h30m49s] [0m[90m|[0m time="2026-01-12T19:11:42Z" level=debug msg="Kube-router network policy controller metrics tick"
[95m35  : [0m[90;2m┆ ┆ [0m[90m[2h30m52s] [0m[90m|[0m time="2026-01-12T19:11:45Z" level=debug msg="Kube-router network policy controller metrics tick"
[95m35  : [0m[90;2m┆ ┆ [0m[90m[2h30m54s] [0m[90m|[0m time="2026-01-12T19:11:48Z" level=debug msg="cgroupv2 io stats: skipping over unmappable dbytes=0 entry"
[95m35  : [0m[90;2m┆ ┆ [0m[90m[2h30m54s] [0m[90m|[0m time="2026-01-12T19:11:48Z" level=debug msg="cgroupv2 io stats: skipping over unmappable dios=0 entry"
[95m35  : [0m[90;2m┆ ┆ [0m[90m[2h30m55s] [0m[90m|[0m time="2026-01-12T19:11:48Z" level=debug msg="Kube-router network policy controller metrics tick"
[95m35  : [0m[90;2m┆ ┆ [0m[90m[2h30m58s] [0m[90m|[0m time="2026-01-12T19:11:51Z" level=debug msg="Kube-router network policy controller metrics tick"
[95m35  : [0m[90;2m┆ ┆ [0m[90m[2h31m1s] [0m[90m|[0m time="2026-01-12T19:11:54Z" level=debug msg="Kube-router network policy controller metrics tick"
[95m35  : [0m[90;2m┆ ┆ [0m[90m[2h31m1s] [0m[90m|[0m time="2026-01-12T19:11:54Z" level=debug msg="cgroupv2 io stats: skipping over unmappable dbytes=0 entry"
[95m35  : [0m[90;2m┆ ┆ [0m[90m[2h31m1s] [0m[90m|[0m time="2026-01-12T19:11:54Z" level=debug msg="cgroupv2 io stats: skipping over unmappable dios=0 entry"
[95m35  : [0m[90;2m┆ ┆ [0m[90m[2h31m4s] [0m[90m|[0m time="2026-01-12T19:11:57Z" level=debug msg="Kube-router network policy controller metrics tick"
[95m35  : [0m[90;2m┆ ┆ [0m[90m[2h31m4s] [0m[90m|[0m time="2026-01-12T19:11:58Z" level=debug msg="cgroupv2 io stats: skipping over unmappable dbytes=0 entry"
[95m35  : [0m[90;2m┆ ┆ [0m[90m[2h31m4s] [0m[90m|[0m time="2026-01-12T19:11:58Z" level=debug msg="cgroupv2 io stats: skipping over unmappable dios=0 entry"
[95m35  : [0m[90;2m┆ ┆ [0m[90m[2h31m7s] [0m[90m|[0m time="2026-01-12T19:12:00Z" level=debug msg="Kube-router network policy controller metrics tick"
[95m35  : [0m[90;2m┆ ┆ [0m[90m[2h31m10s] [0m[90m|[0m time="2026-01-12T19:12:03Z" level=debug msg="Kube-router network policy controller metrics tick"
[95m35  : [0m[90;2m┆ ┆ [0m[90m[2h31m13s] [0m[90m|[0m time="2026-01-12T19:12:06Z" level=debug msg="Kube-router network policy controller metrics tick"
[95m35  : [0m[90;2m┆ ┆ [0m[90m[2h31m14s] [0m[90m|[0m time="2026-01-12T19:12:08Z" level=debug msg="cgroupv2 io stats: skipping over unmappable dbytes=0 entry"
[95m35  : [0m[90;2m┆ ┆ [0m[90m[2h31m14s] [0m[90m|[0m time="2026-01-12T19:12:08Z" level=debug msg="cgroupv2 io stats: skipping over unmappable dios=0 entry"
[95m35  : [0m[90;2m┆ ┆ [0m[90m[2h31m16s] [0m[90m|[0m time="2026-01-12T19:12:09Z" level=debug msg="Kube-router network policy controller metrics tick"
[95m35  : [0m[90;2m┆ ┆ [0m[90m[2h31m19s] [0m[90m|[0m time="2026-01-12T19:12:12Z" level=debug msg="Kube-router network policy controller metrics tick"
[95m35  : [0m[90;2m┆ ┆ [0m[90m[2h31m20s] [0m[90m|[0m time="2026-01-12T19:12:14Z" level=debug msg="cgroupv2 io stats: skipping over unmappable dbytes=0 entry"
[95m35  : [0m[90;2m┆ ┆ [0m[90m[2h31m20s] [0m[90m|[0m time="2026-01-12T19:12:14Z" level=debug msg="cgroupv2 io stats: skipping over unmappable dios=0 entry"
[95m35  : [0m[90;2m┆ ┆ [0m[90m[2h31m22s] [0m[90m|[0m time="2026-01-12T19:12:15Z" level=debug msg="Kube-router network policy controller metrics tick"
[95m35  : [0m[90;2m┆ ┆ [0m[90m[2h31m24s] [0m[90m|[0m time="2026-01-12T19:12:18Z" level=debug msg="cgroupv2 io stats: skipping over unmappable dbytes=0 entry"
[95m35  : [0m[90;2m┆ ┆ [0m[90m[2h31m24s] [0m[90m|[0m time="2026-01-12T19:12:18Z" level=debug msg="cgroupv2 io stats: skipping over unmappable dios=0 entry"
[95m35  : [0m[90;2m┆ ┆ [0m[90m[2h31m25s] [0m[90m|[0m time="2026-01-12T19:12:18Z" level=debug msg="Kube-router network policy controller metrics tick"
[95m35  : [0m[90;2m┆ ┆ [0m[90m[2h31m28s] [0m[90m|[0m time="2026-01-12T19:12:21Z" level=debug msg="Kube-router network policy controller metrics tick"
[95m35  : [0m[90;2m┆ ┆ [0m[90m[2h31m31s] [0m[90m|[0m time="2026-01-12T19:12:24Z" level=debug msg="Kube-router network policy controller metrics tick"
[95m35  : [0m[90;2m┆ ┆ [0m[90m[2h31m34s] [0m[90m|[0m time="2026-01-12T19:12:27Z" level=debug msg="cgroupv2 io stats: skipping over unmappable dbytes=0 entry"
[95m35  : [0m[90;2m┆ ┆ [0m[90m[2h31m34s] [0m[90m|[0m time="2026-01-12T19:12:27Z" level=debug msg="cgroupv2 io stats: skipping over unmappable dios=0 entry"
[95m35  : [0m[90;2m┆ ┆ [0m[90m[2h31m34s] [0m[90m|[0m time="2026-01-12T19:12:27Z" level=debug msg="Kube-router network policy controller metrics tick"
[95m35  : [0m[90;2m┆ ┆ [0m[90m[2h31m34s] [0m[90m|[0m time="2026-01-12T19:12:28Z" level=debug msg="cgroupv2 io stats: skipping over unmappable dbytes=0 entry"
[95m35  : [0m[90;2m┆ ┆ [0m[90m[2h31m34s] [0m[90m|[0m time="2026-01-12T19:12:28Z" level=debug msg="cgroupv2 io stats: skipping over unmappable dios=0 entry"
[95m35  : [0m[90;2m┆ ┆ [0m[90m[2h31m37s] [0m[90m|[0m time="2026-01-12T19:12:30Z" level=debug msg="Kube-router network policy controller metrics tick"
[95m35  : [0m[90;2m┆ ┆ [0m[90m[2h31m40s] [0m[90m|[0m time="2026-01-12T19:12:33Z" level=debug msg="Kube-router network policy controller metrics tick"
[95m35  : [0m[90;2m┆ ┆ [0m[90m[2h31m43s] [0m[90m|[0m time="2026-01-12T19:12:36Z" level=debug msg="Kube-router network policy controller metrics tick"
[95m35  : [0m[90;2m┆ ┆ [0m[90m[2h31m44s] [0m[90m|[0m time="2026-01-12T19:12:38Z" level=debug msg="cgroupv2 io stats: skipping over unmappable dbytes=0 entry"
[95m35  : [0m[90;2m┆ ┆ [0m[90m[2h31m44s] [0m[90m|[0m time="2026-01-12T19:12:38Z" level=debug msg="cgroupv2 io stats: skipping over unmappable dios=0 entry"
[95m35  : [0m[90;2m┆ ┆ [0m[90m[2h31m45s] [0m[90m|[0m time="2026-01-12T19:12:38Z" level=debug msg="cgroupv2 io stats: skipping over unmappable dbytes=0 entry"
[95m35  : [0m[90;2m┆ ┆ [0m[90m[2h31m45s] [0m[90m|[0m time="2026-01-12T19:12:38Z" level=debug msg="cgroupv2 io stats: skipping over unmappable dios=0 entry"
[95m35  : [0m[90;2m┆ ┆ [0m[90m[2h31m46s] [0m[90m|[0m time="2026-01-12T19:12:39Z" level=debug msg="Kube-router network policy controller metrics tick"
[95m35  : [0m[90;2m┆ ┆ [0m[90m[2h31m49s] [0m[90m|[0m time="2026-01-12T19:12:42Z" level=debug msg="Kube-router network policy controller metrics tick"
[95m35  : [0m[90;2m┆ ┆ [0m[90m[2h31m52s] [0m[90m|[0m time="2026-01-12T19:12:45Z" level=debug msg="Kube-router network policy controller metrics tick"
[95m35  : [0m[90;2m┆ ┆ [0m[90m[2h31m54s] [0m[90m|[0m time="2026-01-12T19:12:48Z" level=debug msg="cgroupv2 io stats: skipping over unmappable dbytes=0 entry"
[95m35  : [0m[90;2m┆ ┆ [0m[90m[2h31m54s] [0m[90m|[0m time="2026-01-12T19:12:48Z" level=debug msg="cgroupv2 io stats: skipping over unmappable dios=0 entry"
[95m35  : [0m[90;2m┆ ┆ [0m[90m[2h31m55s] [0m[90m|[0m time="2026-01-12T19:12:48Z" level=debug msg="Kube-router network policy controller metrics tick"
[95m35  : [0m[90;2m┆ ┆ [0m[90m[2h31m58s] [0m[90m|[0m time="2026-01-12T19:12:51Z" level=debug msg="Kube-router network policy controller metrics tick"
[95m35  : [0m[90;2m┆ ┆ [0m[90m[2h31m59s] [0m[90m|[0m time="2026-01-12T19:12:52Z" level=debug msg="cgroupv2 io stats: skipping over unmappable dbytes=0 entry"
[95m35  : [0m[90;2m┆ ┆ [0m[90m[2h31m59s] [0m[90m|[0m time="2026-01-12T19:12:52Z" level=debug msg="cgroupv2 io stats: skipping over unmappable dios=0 entry"
[95m35  : [0m[90;2m┆ ┆ [0m[90m[2h32m1s] [0m[90m|[0m time="2026-01-12T19:12:54Z" level=debug msg="Kube-router network policy controller metrics tick"
[95m35  : [0m[90;2m┆ ┆ [0m[90m[2h32m4s] [0m[90m|[0m time="2026-01-12T19:12:57Z" level=debug msg="Kube-router network policy controller metrics tick"
[95m35  : [0m[90;2m┆ ┆ [0m[90m[2h32m4s] [0m[90m|[0m time="2026-01-12T19:12:58Z" level=debug msg="cgroupv2 io stats: skipping over unmappable dbytes=0 entry"
[95m35  : [0m[90;2m┆ ┆ [0m[90m[2h32m4s] [0m[90m|[0m time="2026-01-12T19:12:58Z" level=debug msg="cgroupv2 io stats: skipping over unmappable dios=0 entry"
[95m35  : [0m[90;2m┆ ┆ [0m[90m[2h32m7s] [0m[90m|[0m time="2026-01-12T19:13:00Z" level=debug msg="Kube-router network policy controller metrics tick"
[95m35  : [0m[90;2m┆ ┆ [0m[90m[2h32m10s] [0m[90m|[0m time="2026-01-12T19:13:03Z" level=debug msg="Kube-router network policy controller metrics tick"
[95m35  : [0m[90;2m┆ ┆ [0m[90m[2h32m13s] [0m[90m|[0m time="2026-01-12T19:13:06Z" level=debug msg="Kube-router network policy controller metrics tick"
[95m35  : [0m[90;2m┆ ┆ [0m[90m[2h32m14s] [0m[90m|[0m time="2026-01-12T19:13:08Z" level=debug msg="cgroupv2 io stats: skipping over unmappable dbytes=0 entry"
[95m35  : [0m[90;2m┆ ┆ [0m[90m[2h32m14s] [0m[90m|[0m time="2026-01-12T19:13:08Z" level=debug msg="cgroupv2 io stats: skipping over unmappable dios=0 entry"
[95m35  : [0m[90;2m┆ ┆ [0m[90m[2h32m15s] [0m[90m|[0m time="2026-01-12T19:13:08Z" level=debug msg="cgroupv2 io stats: skipping over unmappable dbytes=0 entry"
[95m35  : [0m[90;2m┆ ┆ [0m[90m[2h32m15s] [0m[90m|[0m time="2026-01-12T19:13:08Z" level=debug msg="cgroupv2 io stats: skipping over unmappable dios=0 entry"
[95m35  : [0m[90;2m┆ ┆ [0m[90m[2h32m16s] [0m[90m|[0m time="2026-01-12T19:13:09Z" level=debug msg="Kube-router network policy controller metrics tick"
[95m35  : [0m[90;2m┆ ┆ [0m[90m[2h32m19s] [0m[90m|[0m time="2026-01-12T19:13:12Z" level=debug msg="Kube-router network policy controller metrics tick"
[95m35  : [0m[90;2m┆ ┆ [0m[90m[2h32m22s] [0m[90m|[0m time="2026-01-12T19:13:15Z" level=debug msg="Kube-router network policy controller metrics tick"
[95m35  : [0m[90;2m┆ ┆ [0m[90m[2h32m24s] [0m[90m|[0m time="2026-01-12T19:13:18Z" level=debug msg="cgroupv2 io stats: skipping over unmappable dbytes=0 entry"
[95m35  : [0m[90;2m┆ ┆ [0m[90m[2h32m24s] [0m[90m|[0m time="2026-01-12T19:13:18Z" level=debug msg="cgroupv2 io stats: skipping over unmappable dios=0 entry"
[95m35  : [0m[90;2m┆ ┆ [0m[90m[2h32m25s] [0m[90m|[0m time="2026-01-12T19:13:18Z" level=debug msg="Kube-router network policy controller metrics tick"
[95m35  : [0m[90;2m┆ ┆ [0m[90m[2h32m28s] [0m[90m|[0m time="2026-01-12T19:13:21Z" level=debug msg="Kube-router network policy controller metrics tick"
[95m35  : [0m[90;2m┆ ┆ [0m[90m[2h32m31s] [0m[90m|[0m time="2026-01-12T19:13:24Z" level=debug msg="Kube-router network policy controller metrics tick"
[95m35  : [0m[90;2m┆ ┆ [0m[90m[2h32m34s] [0m[90m|[0m time="2026-01-12T19:13:27Z" level=debug msg="cgroupv2 io stats: skipping over unmappable dbytes=0 entry"
[95m35  : [0m[90;2m┆ ┆ [0m[90m[2h32m34s] [0m[90m|[0m time="2026-01-12T19:13:27Z" level=debug msg="cgroupv2 io stats: skipping over unmappable dios=0 entry"
[95m35  : [0m[90;2m┆ ┆ [0m[90m[2h32m34s] [0m[90m|[0m time="2026-01-12T19:13:27Z" level=debug msg="Kube-router network policy controller metrics tick"
[95m35  : [0m[90;2m┆ ┆ [0m[90m[2h32m34s] [0m[90m|[0m time="2026-01-12T19:13:28Z" level=debug msg="cgroupv2 io stats: skipping over unmappable dbytes=0 entry"
[95m35  : [0m[90;2m┆ ┆ [0m[90m[2h32m34s] [0m[90m|[0m time="2026-01-12T19:13:28Z" level=debug msg="cgroupv2 io stats: skipping over unmappable dios=0 entry"
[95m35  : [0m[90;2m┆ ┆ [0m[90m[2h32m37s] [0m[90m|[0m time="2026-01-12T19:13:30Z" level=debug msg="Kube-router network policy controller metrics tick"
[95m35  : [0m[90;2m┆ ┆ [0m[90m[2h32m40s] [0m[90m|[0m time="2026-01-12T19:13:33Z" level=debug msg="Kube-router network policy controller metrics tick"
[95m35  : [0m[90;2m┆ ┆ [0m[90m[2h32m43s] [0m[90m|[0m time="2026-01-12T19:13:36Z" level=debug msg="Kube-router network policy controller metrics tick"
[95m35  : [0m[90;2m┆ ┆ [0m[90m[2h32m44s] [0m[90m|[0m time="2026-01-12T19:13:38Z" level=debug msg="cgroupv2 io stats: skipping over unmappable dbytes=0 entry"
[95m35  : [0m[90;2m┆ ┆ [0m[90m[2h32m44s] [0m[90m|[0m time="2026-01-12T19:13:38Z" level=debug msg="cgroupv2 io stats: skipping over unmappable dios=0 entry"
[95m35  : [0m[90;2m┆ ┆ [0m[90m[2h32m46s] [0m[90m|[0m time="2026-01-12T19:13:39Z" level=debug msg="Kube-router network policy controller metrics tick"
[95m35  : [0m[90;2m┆ ┆ [0m[90m[2h32m49s] [0m[90m|[0m time="2026-01-12T19:13:42Z" level=debug msg="Kube-router network policy controller metrics tick"
[95m35  : [0m[90;2m┆ ┆ [0m[90m[2h32m52s] [0m[90m|[0m time="2026-01-12T19:13:45Z" level=debug msg="Kube-router network policy controller metrics tick"
[95m35  : [0m[90;2m┆ ┆ [0m[90m[2h32m53s] [0m[90m|[0m time="2026-01-12T19:13:47Z" level=debug msg="cgroupv2 io stats: skipping over unmappable dbytes=0 entry"
[95m35  : [0m[90;2m┆ ┆ [0m[90m[2h32m53s] [0m[90m|[0m time="2026-01-12T19:13:47Z" level=debug msg="cgroupv2 io stats: skipping over unmappable dios=0 entry"
[95m35  : [0m[90;2m┆ ┆ [0m[90m[2h32m54s] [0m[90m|[0m time="2026-01-12T19:13:48Z" level=debug msg="cgroupv2 io stats: skipping over unmappable dbytes=0 entry"
[95m35  : [0m[90;2m┆ ┆ [0m[90m[2h32m54s] [0m[90m|[0m time="2026-01-12T19:13:48Z" level=debug msg="cgroupv2 io stats: skipping over unmappable dios=0 entry"
[95m35  : [0m[90;2m┆ ┆ [0m[90m[2h32m55s] [0m[90m|[0m time="2026-01-12T19:13:48Z" level=debug msg="Kube-router network policy controller metrics tick"
[95m35  : [0m[90;2m┆ ┆ [0m[90m[2h32m58s] [0m[90m|[0m time="2026-01-12T19:13:51Z" level=debug msg="Kube-router network policy controller metrics tick"
[95m35  : [0m[90;2m┆ ┆ [0m[90m[2h33m1s] [0m[90m|[0m time="2026-01-12T19:13:54Z" level=debug msg="Kube-router network policy controller metrics tick"
[95m35  : [0m[90;2m┆ ┆ [0m[90m[2h33m4s] [0m[90m|[0m time="2026-01-12T19:13:57Z" level=debug msg="Kube-router network policy controller metrics tick"
[95m35  : [0m[90;2m┆ ┆ [0m[90m[2h33m4s] [0m[90m|[0m time="2026-01-12T19:13:58Z" level=debug msg="cgroupv2 io stats: skipping over unmappable dbytes=0 entry"
[95m35  : [0m[90;2m┆ ┆ [0m[90m[2h33m4s] [0m[90m|[0m time="2026-01-12T19:13:58Z" level=debug msg="cgroupv2 io stats: skipping over unmappable dios=0 entry"
[95m35  : [0m[90;2m┆ ┆ [0m[90m[2h33m7s] [0m[90m|[0m time="2026-01-12T19:14:00Z" level=debug msg="cgroupv2 io stats: skipping over unmappable dbytes=0 entry"
[95m35  : [0m[90;2m┆ ┆ [0m[90m[2h33m7s] [0m[90m|[0m time="2026-01-12T19:14:00Z" level=debug msg="cgroupv2 io stats: skipping over unmappable dios=0 entry"
[95m35  : [0m[90;2m┆ ┆ [0m[90m[2h33m7s] [0m[90m|[0m time="2026-01-12T19:14:00Z" level=debug msg="Kube-router network policy controller metrics tick"
[95m35  : [0m[90;2m┆ ┆ [0m[90m[2h33m10s] [0m[90m|[0m time="2026-01-12T19:14:03Z" level=debug msg="Kube-router network policy controller metrics tick"
[95m35  : [0m[90;2m┆ ┆ [0m[90m[2h33m13s] [0m[90m|[0m time="2026-01-12T19:14:06Z" level=debug msg="Kube-router network policy controller metrics tick"
[95m35  : [0m[90;2m┆ ┆ [0m[90m[2h33m14s] [0m[90m|[0m time="2026-01-12T19:14:08Z" level=debug msg="cgroupv2 io stats: skipping over unmappable dbytes=0 entry"
[95m35  : [0m[90;2m┆ ┆ [0m[90m[2h33m14s] [0m[90m|[0m time="2026-01-12T19:14:08Z" level=debug msg="cgroupv2 io stats: skipping over unmappable dios=0 entry"
[95m35  : [0m[90;2m┆ ┆ [0m[90m[2h33m16s] [0m[90m|[0m time="2026-01-12T19:14:09Z" level=debug msg="Kube-router network policy controller metrics tick"
[95m35  : [0m[90;2m┆ ┆ [0m[90m[2h33m19s] [0m[90m|[0m time="2026-01-12T19:14:12Z" level=debug msg="Kube-router network policy controller metrics tick"
[95m35  : [0m[90;2m┆ ┆ [0m[90m[2h33m22s] [0m[90m|[0m time="2026-01-12T19:14:15Z" level=debug msg="Kube-router network policy controller metrics tick"
[95m35  : [0m[90;2m┆ ┆ [0m[90m[2h33m23s] [0m[90m|[0m time="2026-01-12T19:14:16Z" level=debug msg="cgroupv2 io stats: skipping over unmappable dbytes=0 entry"
[95m35  : [0m[90;2m┆ ┆ [0m[90m[2h33m23s] [0m[90m|[0m time="2026-01-12T19:14:16Z" level=debug msg="cgroupv2 io stats: skipping over unmappable dios=0 entry"
[95m35  : [0m[90;2m┆ ┆ [0m[90m[2h33m24s] [0m[90m|[0m time="2026-01-12T19:14:18Z" level=debug msg="cgroupv2 io stats: skipping over unmappable dbytes=0 entry"
[95m35  : [0m[90;2m┆ ┆ [0m[90m[2h33m24s] [0m[90m|[0m time="2026-01-12T19:14:18Z" level=debug msg="cgroupv2 io stats: skipping over unmappable dios=0 entry"
[95m35  : [0m[90;2m┆ ┆ [0m[90m[2h33m25s] [0m[90m|[0m time="2026-01-12T19:14:18Z" level=debug msg="Kube-router network policy controller metrics tick"
[95m35  : [0m[90;2m┆ ┆ [0m[90m[2h33m28s] [0m[90m|[0m time="2026-01-12T19:14:21Z" level=debug msg="Kube-router network policy controller metrics tick"
[95m35  : [0m[90;2m┆ ┆ [0m[90m[2h33m31s] [0m[90m|[0m time="2026-01-12T19:14:24Z" level=debug msg="Kube-router network policy controller metrics tick"
[95m35  : [0m[90;2m┆ ┆ [0m[90m[2h33m34s] [0m[90m|[0m time="2026-01-12T19:14:27Z" level=debug msg="Kube-router network policy controller metrics tick"
[95m35  : [0m[90;2m┆ ┆ [0m[90m[2h33m34s] [0m[90m|[0m time="2026-01-12T19:14:28Z" level=debug msg="cgroupv2 io stats: skipping over unmappable dbytes=0 entry"
[95m35  : [0m[90;2m┆ ┆ [0m[90m[2h33m34s] [0m[90m|[0m time="2026-01-12T19:14:28Z" level=debug msg="cgroupv2 io stats: skipping over unmappable dios=0 entry"
[95m35  : [0m[90;2m┆ ┆ [0m[90m[2h33m37s] [0m[90m|[0m time="2026-01-12T19:14:30Z" level=debug msg="Kube-router network policy controller metrics tick"
[95m35  : [0m[90;2m┆ ┆ [0m[90m[2h33m37s] [0m[90m|[0m time="2026-01-12T19:14:31Z" level=debug msg="cgroupv2 io stats: skipping over unmappable dbytes=0 entry"
[95m35  : [0m[90;2m┆ ┆ [0m[90m[2h33m37s] [0m[90m|[0m time="2026-01-12T19:14:31Z" level=debug msg="cgroupv2 io stats: skipping over unmappable dios=0 entry"
[95m35  : [0m[90;2m┆ ┆ [0m[90m[2h33m40s] [0m[90m|[0m time="2026-01-12T19:14:33Z" level=debug msg="Kube-router network policy controller metrics tick"
[95m35  : [0m[90;2m┆ ┆ [0m[90m[2h33m43s] [0m[90m|[0m time="2026-01-12T19:14:36Z" level=debug msg="Kube-router network policy controller metrics tick"
[95m35  : [0m[90;2m┆ ┆ [0m[90m[2h33m44s] [0m[90m|[0m time="2026-01-12T19:14:38Z" level=debug msg="cgroupv2 io stats: skipping over unmappable dbytes=0 entry"
[95m35  : [0m[90;2m┆ ┆ [0m[90m[2h33m44s] [0m[90m|[0m time="2026-01-12T19:14:38Z" level=debug msg="cgroupv2 io stats: skipping over unmappable dios=0 entry"
[95m35  : [0m[90;2m┆ ┆ [0m[90m[2h33m46s] [0m[90m|[0m time="2026-01-12T19:14:39Z" level=debug msg="Kube-router network policy controller metrics tick"
[95m35  : [0m[90;2m┆ ┆ [0m[90m[2h33m49s] [0m[90m|[0m time="2026-01-12T19:14:42Z" level=debug msg="Kube-router network policy controller metrics tick"
[95m35  : [0m[90;2m┆ ┆ [0m[90m[2h33m52s] [0m[90m|[0m time="2026-01-12T19:14:45Z" level=debug msg="Kube-router network policy controller metrics tick"
[95m35  : [0m[90;2m┆ ┆ [0m[90m[2h33m53s] [0m[90m|[0m time="2026-01-12T19:14:47Z" level=debug msg="cgroupv2 io stats: skipping over unmappable dbytes=0 entry"
[95m35  : [0m[90;2m┆ ┆ [0m[90m[2h33m53s] [0m[90m|[0m time="2026-01-12T19:14:47Z" level=debug msg="cgroupv2 io stats: skipping over unmappable dios=0 entry"
[95m35  : [0m[90;2m┆ ┆ [0m[90m[2h33m54s] [0m[90m|[0m time="2026-01-12T19:14:48Z" level=debug msg="cgroupv2 io stats: skipping over unmappable dbytes=0 entry"
[95m35  : [0m[90;2m┆ ┆ [0m[90m[2h33m54s] [0m[90m|[0m time="2026-01-12T19:14:48Z" level=debug msg="cgroupv2 io stats: skipping over unmappable dios=0 entry"
[95m35  : [0m[90;2m┆ ┆ [0m[90m[2h33m55s] [0m[90m|[0m time="2026-01-12T19:14:48Z" level=debug msg="Kube-router network policy controller metrics tick"
[95m35  : [0m[90;2m┆ ┆ [0m[90m[2h33m58s] [0m[90m|[0m time="2026-01-12T19:14:51Z" level=debug msg="Kube-router network policy controller metrics tick"
[95m35  : [0m[90;2m┆ ┆ [0m[90m[2h34m1s] [0m[90m|[0m time="2026-01-12T19:14:54Z" level=debug msg="Kube-router network policy controller metrics tick"
[95m35  : [0m[90;2m┆ ┆ [0m[90m[2h34m4s] [0m[90m|[0m time="2026-01-12T19:14:57Z" level=debug msg="Kube-router network policy controller metrics tick"
[95m35  : [0m[90;2m┆ ┆ [0m[90m[2h34m4s] [0m[90m|[0m time="2026-01-12T19:14:58Z" level=debug msg="cgroupv2 io stats: skipping over unmappable dbytes=0 entry"
[95m35  : [0m[90;2m┆ ┆ [0m[90m[2h34m4s] [0m[90m|[0m time="2026-01-12T19:14:58Z" level=debug msg="cgroupv2 io stats: skipping over unmappable dios=0 entry"
[95m35  : [0m[90;2m┆ ┆ [0m[90m[2h34m7s] [0m[90m|[0m time="2026-01-12T19:15:00Z" level=debug msg="Kube-router network policy controller metrics tick"
[95m35  : [0m[90;2m┆ ┆ [0m[90m[2h34m9s] [0m[90m|[0m time="2026-01-12T19:15:02Z" level=debug msg="cgroupv2 io stats: skipping over unmappable dbytes=0 entry"
[95m35  : [0m[90;2m┆ ┆ [0m[90m[2h34m9s] [0m[90m|[0m time="2026-01-12T19:15:02Z" level=debug msg="cgroupv2 io stats: skipping over unmappable dios=0 entry"
[95m35  : [0m[90;2m┆ ┆ [0m[90m[2h34m10s] [0m[90m|[0m time="2026-01-12T19:15:03Z" level=debug msg="Kube-router network policy controller metrics tick"
[95m35  : [0m[90;2m┆ ┆ [0m[90m[2h34m13s] [0m[90m|[0m time="2026-01-12T19:15:06Z" level=debug msg="Kube-router network policy controller metrics tick"
[95m35  : [0m[90;2m┆ ┆ [0m[90m[2h34m14s] [0m[90m|[0m time="2026-01-12T19:15:08Z" level=debug msg="cgroupv2 io stats: skipping over unmappable dbytes=0 entry"
[95m35  : [0m[90;2m┆ ┆ [0m[90m[2h34m14s] [0m[90m|[0m time="2026-01-12T19:15:08Z" level=debug msg="cgroupv2 io stats: skipping over unmappable dios=0 entry"
[95m35  : [0m[90;2m┆ ┆ [0m[90m[2h34m16s] [0m[90m|[0m time="2026-01-12T19:15:09Z" level=debug msg="Kube-router network policy controller metrics tick"
[95m35  : [0m[90;2m┆ ┆ [0m[90m[2h34m19s] [0m[90m|[0m time="2026-01-12T19:15:12Z" level=debug msg="Kube-router network policy controller metrics tick"
[95m35  : [0m[90;2m┆ ┆ [0m[90m[2h34m22s] [0m[90m|[0m time="2026-01-12T19:15:15Z" level=debug msg="Kube-router network policy controller metrics tick"
[95m35  : [0m[90;2m┆ ┆ [0m[90m[2h34m24s] [0m[90m|[0m time="2026-01-12T19:15:18Z" level=debug msg="cgroupv2 io stats: skipping over unmappable dbytes=0 entry"
[95m35  : [0m[90;2m┆ ┆ [0m[90m[2h34m24s] [0m[90m|[0m time="2026-01-12T19:15:18Z" level=debug msg="cgroupv2 io stats: skipping over unmappable dios=0 entry"
[95m35  : [0m[90;2m┆ ┆ [0m[90m[2h34m25s] [0m[90m|[0m time="2026-01-12T19:15:18Z" level=debug msg="Kube-router network policy controller metrics tick"
[95m35  : [0m[90;2m┆ ┆ [0m[90m[2h34m25s] [0m[90m|[0m time="2026-01-12T19:15:19Z" level=debug msg="cgroupv2 io stats: skipping over unmappable dbytes=0 entry"
[95m35  : [0m[90;2m┆ ┆ [0m[90m[2h34m25s] [0m[90m|[0m time="2026-01-12T19:15:19Z" level=debug msg="cgroupv2 io stats: skipping over unmappable dios=0 entry"
[95m35  : [0m[90;2m┆ ┆ [0m[90m[2h34m28s] [0m[90m|[0m time="2026-01-12T19:15:21Z" level=debug msg="Kube-router network policy controller metrics tick"
[95m35  : [0m[90;2m┆ ┆ [0m[90m[2h34m31s] [0m[90m|[0m time="2026-01-12T19:15:24Z" level=debug msg="Kube-router network policy controller metrics tick"
[95m35  : [0m[90;2m┆ ┆ [0m[90m[2h34m34s] [0m[90m|[0m time="2026-01-12T19:15:27Z" level=debug msg="Kube-router network policy controller metrics tick"
[95m35  : [0m[90;2m┆ ┆ [0m[90m[2h34m34s] [0m[90m|[0m time="2026-01-12T19:15:28Z" level=debug msg="cgroupv2 io stats: skipping over unmappable dbytes=0 entry"
[95m35  : [0m[90;2m┆ ┆ [0m[90m[2h34m34s] [0m[90m|[0m time="2026-01-12T19:15:28Z" level=debug msg="cgroupv2 io stats: skipping over unmappable dios=0 entry"
[95m35  : [0m[90;2m┆ ┆ [0m[90m[2h34m37s] [0m[90m|[0m time="2026-01-12T19:15:30Z" level=debug msg="Kube-router network policy controller metrics tick"
[95m35  : [0m[90;2m┆ ┆ [0m[90m[2h34m40s] [0m[90m|[0m time="2026-01-12T19:15:33Z" level=debug msg="Kube-router network policy controller metrics tick"
[95m35  : [0m[90;2m┆ ┆ [0m[90m[2h34m41s] [0m[90m|[0m time="2026-01-12T19:15:34Z" level=debug msg="cgroupv2 io stats: skipping over unmappable dbytes=0 entry"
[95m35  : [0m[90;2m┆ ┆ [0m[90m[2h34m41s] [0m[90m|[0m time="2026-01-12T19:15:34Z" level=debug msg="cgroupv2 io stats: skipping over unmappable dios=0 entry"
[95m35  : [0m[90;2m┆ ┆ [0m[90m[2h34m43s] [0m[90m|[0m time="2026-01-12T19:15:36Z" level=debug msg="Kube-router network policy controller metrics tick"
[95m35  : [0m[90;2m┆ ┆ [0m[90m[2h34m44s] [0m[90m|[0m time="2026-01-12T19:15:38Z" level=debug msg="cgroupv2 io stats: skipping over unmappable dbytes=0 entry"
[95m35  : [0m[90;2m┆ ┆ [0m[90m[2h34m44s] [0m[90m|[0m time="2026-01-12T19:15:38Z" level=debug msg="cgroupv2 io stats: skipping over unmappable dios=0 entry"
[95m35  : [0m[90;2m┆ ┆ [0m[90m[2h34m46s] [0m[90m|[0m time="2026-01-12T19:15:39Z" level=debug msg="Kube-router network policy controller metrics tick"
[95m35  : [0m[90;2m┆ ┆ [0m[90m[2h34m49s] [0m[90m|[0m time="2026-01-12T19:15:42Z" level=debug msg="Kube-router network policy controller metrics tick"
[95m35  : [0m[90;2m┆ ┆ [0m[90m[2h34m52s] [0m[90m|[0m time="2026-01-12T19:15:45Z" level=debug msg="Kube-router network policy controller metrics tick"
[95m35  : [0m[90;2m┆ ┆ [0m[90m[2h34m54s] [0m[90m|[0m time="2026-01-12T19:15:48Z" level=debug msg="cgroupv2 io stats: skipping over unmappable dbytes=0 entry"
[95m35  : [0m[90;2m┆ ┆ [0m[90m[2h34m54s] [0m[90m|[0m time="2026-01-12T19:15:48Z" level=debug msg="cgroupv2 io stats: skipping over unmappable dios=0 entry"
[95m35  : [0m[90;2m┆ ┆ [0m[90m[2h34m55s] [0m[90m|[0m time="2026-01-12T19:15:48Z" level=debug msg="Kube-router network policy controller metrics tick"
[95m35  : [0m[90;2m┆ ┆ [0m[90m[2h34m58s] [0m[90m|[0m time="2026-01-12T19:15:51Z" level=debug msg="Kube-router network policy controller metrics tick"
[95m35  : [0m[90;2m┆ ┆ [0m[90m[2h34m58s] [0m[90m|[0m time="2026-01-12T19:15:52Z" level=debug msg="cgroupv2 io stats: skipping over unmappable dbytes=0 entry"
[95m35  : [0m[90;2m┆ ┆ [0m[90m[2h34m58s] [0m[90m|[0m time="2026-01-12T19:15:52Z" level=debug msg="cgroupv2 io stats: skipping over unmappable dios=0 entry"
[95m35  : [0m[90;2m┆ ┆ [0m[90m[2h35m1s] [0m[90m|[0m time="2026-01-12T19:15:54Z" level=debug msg="Kube-router network policy controller metrics tick"
[95m35  : [0m[90;2m┆ ┆ [0m[90m[2h35m4s] [0m[90m|[0m time="2026-01-12T19:15:57Z" level=debug msg="Kube-router network policy controller metrics tick"
[95m35  : [0m[90;2m┆ ┆ [0m[90m[2h35m4s] [0m[90m|[0m time="2026-01-12T19:15:58Z" level=debug msg="cgroupv2 io stats: skipping over unmappable dbytes=0 entry"
[95m35  : [0m[90;2m┆ ┆ [0m[90m[2h35m4s] [0m[90m|[0m time="2026-01-12T19:15:58Z" level=debug msg="cgroupv2 io stats: skipping over unmappable dios=0 entry"
[95m35  : [0m[90;2m┆ ┆ [0m[90m[2h35m7s] [0m[90m|[0m time="2026-01-12T19:16:00Z" level=debug msg="Kube-router network policy controller metrics tick"
[95m35  : [0m[90;2m┆ ┆ [0m[90m[2h35m10s] [0m[90m|[0m time="2026-01-12T19:16:03Z" level=debug msg="Kube-router network policy controller metrics tick"
[95m35  : [0m[90;2m┆ ┆ [0m[90m[2h35m13s] [0m[90m|[0m time="2026-01-12T19:16:06Z" level=debug msg="Kube-router network policy controller metrics tick"
[95m35  : [0m[90;2m┆ ┆ [0m[90m[2h35m14s] [0m[90m|[0m time="2026-01-12T19:16:08Z" level=debug msg="cgroupv2 io stats: skipping over unmappable dbytes=0 entry"
[95m35  : [0m[90;2m┆ ┆ [0m[90m[2h35m14s] [0m[90m|[0m time="2026-01-12T19:16:08Z" level=debug msg="cgroupv2 io stats: skipping over unmappable dios=0 entry"
[95m35  : [0m[90;2m┆ ┆ [0m[90m[2h35m16s] [0m[90m|[0m time="2026-01-12T19:16:09Z" level=debug msg="cgroupv2 io stats: skipping over unmappable dbytes=0 entry"
[95m35  : [0m[90;2m┆ ┆ [0m[90m[2h35m16s] [0m[90m|[0m time="2026-01-12T19:16:09Z" level=debug msg="cgroupv2 io stats: skipping over unmappable dios=0 entry"
[95m35  : [0m[90;2m┆ ┆ [0m[90m[2h35m16s] [0m[90m|[0m time="2026-01-12T19:16:09Z" level=debug msg="Kube-router network policy controller metrics tick"
[95m35  : [0m[90;2m┆ ┆ [0m[90m[2h35m19s] [0m[90m|[0m time="2026-01-12T19:16:12Z" level=debug msg="Kube-router network policy controller metrics tick"
[95m35  : [0m[90;2m┆ ┆ [0m[90m[2h35m22s] [0m[90m|[0m time="2026-01-12T19:16:15Z" level=debug msg="Kube-router network policy controller metrics tick"
[95m35  : [0m[90;2m┆ ┆ [0m[90m[2h35m24s] [0m[90m|[0m time="2026-01-12T19:16:18Z" level=debug msg="cgroupv2 io stats: skipping over unmappable dbytes=0 entry"
[95m35  : [0m[90;2m┆ ┆ [0m[90m[2h35m24s] [0m[90m|[0m time="2026-01-12T19:16:18Z" level=debug msg="cgroupv2 io stats: skipping over unmappable dios=0 entry"
[95m35  : [0m[90;2m┆ ┆ [0m[90m[2h35m25s] [0m[90m|[0m time="2026-01-12T19:16:18Z" level=debug msg="Kube-router network policy controller metrics tick"
[95m35  : [0m[90;2m┆ ┆ [0m[90m[2h35m28s] [0m[90m|[0m time="2026-01-12T19:16:21Z" level=debug msg="Kube-router network policy controller metrics tick"
[95m35  : [0m[90;2m┆ ┆ [0m[90m[2h35m31s] [0m[90m|[0m time="2026-01-12T19:16:24Z" level=debug msg="Kube-router network policy controller metrics tick"
[95m35  : [0m[90;2m┆ ┆ [0m[90m[2h35m33s] [0m[90m|[0m time="2026-01-12T19:16:26Z" level=debug msg="cgroupv2 io stats: skipping over unmappable dbytes=0 entry"
[95m35  : [0m[90;2m┆ ┆ [0m[90m[2h35m33s] [0m[90m|[0m time="2026-01-12T19:16:26Z" level=debug msg="cgroupv2 io stats: skipping over unmappable dios=0 entry"
[95m35  : [0m[90;2m┆ ┆ [0m[90m[2h35m34s] [0m[90m|[0m time="2026-01-12T19:16:27Z" level=debug msg="Kube-router network policy controller metrics tick"
[95m35  : [0m[90;2m┆ ┆ [0m[90m[2h35m35s] [0m[90m|[0m time="2026-01-12T19:16:28Z" level=debug msg="cgroupv2 io stats: skipping over unmappable dbytes=0 entry"
[95m35  : [0m[90;2m┆ ┆ [0m[90m[2h35m35s] [0m[90m|[0m time="2026-01-12T19:16:28Z" level=debug msg="cgroupv2 io stats: skipping over unmappable dios=0 entry"
[95m35  : [0m[90;2m┆ ┆ [0m[90m[2h35m37s] [0m[90m|[0m time="2026-01-12T19:16:30Z" level=debug msg="Kube-router network policy controller metrics tick"
[95m35  : [0m[90;2m┆ ┆ [0m[90m[2h35m40s] [0m[90m|[0m time="2026-01-12T19:16:33Z" level=debug msg="Kube-router network policy controller metrics tick"
[95m35  : [0m[90;2m┆ ┆ [0m[90m[2h35m43s] [0m[90m|[0m time="2026-01-12T19:16:36Z" level=debug msg="Kube-router network policy controller metrics tick"
[95m35  : [0m[90;2m┆ ┆ [0m[90m[2h35m44s] [0m[90m|[0m I0112 19:16:37.762042      14 cidrallocator.go:277] updated ClusterIP allocator for Service CIDR 10.43.0.0/16
[95m35  : [0m[90;2m┆ ┆ [0m[90m[2h35m44s] [0m[90m|[0m time="2026-01-12T19:16:37Z" level=info msg="COMPACT compactRev=1163 targetCompactRev=1253 currentRev=2253"
[95m35  : [0m[90;2m┆ ┆ [0m[90m[2h35m44s] [0m[90m|[0m time="2026-01-12T19:16:37Z" level=info msg="COMPACT deleted 90 rows from 90 revisions in 3.355629ms - compacted to 1253/2253"
[95m35  : [0m[90;2m┆ ┆ [0m[90m[2h35m44s] [0m[90m|[0m time="2026-01-12T19:16:37Z" level=info msg="COMPACT compacted from 1163 to 1253 in 1 transactions over 4ms"
[95m35  : [0m[90;2m┆ ┆ [0m[90m[2h35m45s] [0m[90m|[0m time="2026-01-12T19:16:38Z" level=debug msg="cgroupv2 io stats: skipping over unmappable dbytes=0 entry"
[95m35  : [0m[90;2m┆ ┆ [0m[90m[2h35m45s] [0m[90m|[0m time="2026-01-12T19:16:38Z" level=debug msg="cgroupv2 io stats: skipping over unmappable dios=0 entry"
[95m35  : [0m[90;2m┆ ┆ [0m[90m[2h35m46s] [0m[90m|[0m time="2026-01-12T19:16:39Z" level=debug msg="Kube-router network policy controller metrics tick"
[95m35  : [0m[90;2m┆ ┆ [0m[90m[2h35m46s] [0m[90m|[0m W0112 19:16:40.451152      14 info.go:53] Couldn't collect info from any of the files in "/etc/machine-id,/var/lib/dbus/machine-id"
[95m35  : [0m[90;2m┆ ┆ [0m[90m[2h35m48s] [0m[90m|[0m time="2026-01-12T19:16:42Z" level=debug msg="cgroupv2 io stats: skipping over unmappable dbytes=0 entry"
[95m35  : [0m[90;2m┆ ┆ [0m[90m[2h35m48s] [0m[90m|[0m time="2026-01-12T19:16:42Z" level=debug msg="cgroupv2 io stats: skipping over unmappable dios=0 entry"
[95m35  : [0m[90;2m┆ ┆ [0m[90m[2h35m49s] [0m[90m|[0m time="2026-01-12T19:16:42Z" level=debug msg="Kube-router network policy controller metrics tick"
[95m35  : [0m[90;2m┆ ┆ [0m[90m[2h35m52s] [0m[90m|[0m time="2026-01-12T19:16:45Z" level=debug msg="Kube-router network policy controller metrics tick"
[95m35  : [0m[90;2m┆ ┆ [0m[90m[2h35m55s] [0m[90m|[0m time="2026-01-12T19:16:48Z" level=debug msg="cgroupv2 io stats: skipping over unmappable dbytes=0 entry"
[95m35  : [0m[90;2m┆ ┆ [0m[90m[2h35m55s] [0m[90m|[0m time="2026-01-12T19:16:48Z" level=debug msg="cgroupv2 io stats: skipping over unmappable dios=0 entry"
[95m35  : [0m[90;2m┆ ┆ [0m[90m[2h35m55s] [0m[90m|[0m time="2026-01-12T19:16:48Z" level=debug msg="Kube-router network policy controller metrics tick"
[95m35  : [0m[90;2m┆ ┆ [0m[90m[2h35m58s] [0m[90m|[0m time="2026-01-12T19:16:51Z" level=debug msg="Kube-router network policy controller metrics tick"
[95m35  : [0m[90;2m┆ ┆ [0m[90m[2h35m60s] [0m[90m|[0m time="2026-01-12T19:16:53Z" level=debug msg="cgroupv2 io stats: skipping over unmappable dbytes=0 entry"
[95m35  : [0m[90;2m┆ ┆ [0m[90m[2h35m60s] [0m[90m|[0m time="2026-01-12T19:16:53Z" level=debug msg="cgroupv2 io stats: skipping over unmappable dios=0 entry"
[95m35  : [0m[90;2m┆ ┆ [0m[90m[2h36m1s] [0m[90m|[0m time="2026-01-12T19:16:54Z" level=debug msg="Kube-router network policy controller metrics tick"
[95m35  : [0m[90;2m┆ ┆ [0m[90m[2h36m4s] [0m[90m|[0m time="2026-01-12T19:16:57Z" level=debug msg="Kube-router network policy controller metrics tick"
[95m35  : [0m[90;2m┆ ┆ [0m[90m[2h36m5s] [0m[90m|[0m time="2026-01-12T19:16:58Z" level=debug msg="cgroupv2 io stats: skipping over unmappable dbytes=0 entry"
[95m35  : [0m[90;2m┆ ┆ [0m[90m[2h36m5s] [0m[90m|[0m time="2026-01-12T19:16:58Z" level=debug msg="cgroupv2 io stats: skipping over unmappable dios=0 entry"
[95m35  : [0m[90;2m┆ ┆ [0m[90m[2h36m7s] [0m[90m|[0m time="2026-01-12T19:17:00Z" level=debug msg="Kube-router network policy controller metrics tick"
[95m35  : [0m[90;2m┆ ┆ [0m[90m[2h36m10s] [0m[90m|[0m time="2026-01-12T19:17:03Z" level=debug msg="Kube-router network policy controller metrics tick"
[95m35  : [0m[90;2m┆ ┆ [0m[90m[2h36m11s] [0m[90m|[0m time="2026-01-12T19:17:04Z" level=debug msg="cgroupv2 io stats: skipping over unmappable dbytes=0 entry"
[95m35  : [0m[90;2m┆ ┆ [0m[90m[2h36m11s] [0m[90m|[0m time="2026-01-12T19:17:04Z" level=debug msg="cgroupv2 io stats: skipping over unmappable dios=0 entry"
[95m35  : [0m[90;2m┆ ┆ [0m[90m[2h36m13s] [0m[90m|[0m time="2026-01-12T19:17:06Z" level=debug msg="Kube-router network policy controller metrics tick"
[95m35  : [0m[90;2m┆ ┆ [0m[90m[2h36m15s] [0m[90m|[0m time="2026-01-12T19:17:08Z" level=debug msg="cgroupv2 io stats: skipping over unmappable dbytes=0 entry"
[95m35  : [0m[90;2m┆ ┆ [0m[90m[2h36m15s] [0m[90m|[0m time="2026-01-12T19:17:08Z" level=debug msg="cgroupv2 io stats: skipping over unmappable dios=0 entry"
[95m35  : [0m[90;2m┆ ┆ [0m[90m[2h36m16s] [0m[90m|[0m time="2026-01-12T19:17:09Z" level=debug msg="Kube-router network policy controller metrics tick"
[95m35  : [0m[90;2m┆ ┆ [0m[90m[2h36m19s] [0m[90m|[0m time="2026-01-12T19:17:12Z" level=debug msg="Kube-router network policy controller metrics tick"
[95m35  : [0m[90;2m┆ ┆ [0m[90m[2h36m21s] [0m[90m|[0m time="2026-01-12T19:17:15Z" level=debug msg="cgroupv2 io stats: skipping over unmappable dbytes=0 entry"
[95m35  : [0m[90;2m┆ ┆ [0m[90m[2h36m21s] [0m[90m|[0m time="2026-01-12T19:17:15Z" level=debug msg="cgroupv2 io stats: skipping over unmappable dios=0 entry"
[95m35  : [0m[90;2m┆ ┆ [0m[90m[2h36m22s] [0m[90m|[0m time="2026-01-12T19:17:15Z" level=debug msg="Kube-router network policy controller metrics tick"
[95m35  : [0m[90;2m┆ ┆ [0m[90m[2h36m25s] [0m[90m|[0m time="2026-01-12T19:17:18Z" level=debug msg="cgroupv2 io stats: skipping over unmappable dbytes=0 entry"
[95m35  : [0m[90;2m┆ ┆ [0m[90m[2h36m25s] [0m[90m|[0m time="2026-01-12T19:17:18Z" level=debug msg="cgroupv2 io stats: skipping over unmappable dios=0 entry"
[95m35  : [0m[90;2m┆ ┆ [0m[90m[2h36m25s] [0m[90m|[0m time="2026-01-12T19:17:18Z" level=debug msg="Kube-router network policy controller metrics tick"
[95m35  : [0m[90;2m┆ ┆ [0m[90m[2h36m28s] [0m[90m|[0m time="2026-01-12T19:17:21Z" level=debug msg="Kube-router network policy controller metrics tick"
[95m35  : [0m[90;2m┆ ┆ [0m[90m[2h36m31s] [0m[90m|[0m time="2026-01-12T19:17:24Z" level=debug msg="Kube-router network policy controller metrics tick"
[95m35  : [0m[90;2m┆ ┆ [0m[90m[2h36m34s] [0m[90m|[0m time="2026-01-12T19:17:27Z" level=debug msg="cgroupv2 io stats: skipping over unmappable dbytes=0 entry"
[95m35  : [0m[90;2m┆ ┆ [0m[90m[2h36m34s] [0m[90m|[0m time="2026-01-12T19:17:27Z" level=debug msg="cgroupv2 io stats: skipping over unmappable dios=0 entry"
[95m35  : [0m[90;2m┆ ┆ [0m[90m[2h36m34s] [0m[90m|[0m time="2026-01-12T19:17:27Z" level=debug msg="Kube-router network policy controller metrics tick"
[95m35  : [0m[90;2m┆ ┆ [0m[90m[2h36m35s] [0m[90m|[0m time="2026-01-12T19:17:28Z" level=debug msg="cgroupv2 io stats: skipping over unmappable dbytes=0 entry"
[95m35  : [0m[90;2m┆ ┆ [0m[90m[2h36m35s] [0m[90m|[0m time="2026-01-12T19:17:28Z" level=debug msg="cgroupv2 io stats: skipping over unmappable dios=0 entry"
[95m35  : [0m[90;2m┆ ┆ [0m[90m[2h36m37s] [0m[90m|[0m time="2026-01-12T19:17:30Z" level=debug msg="Kube-router network policy controller metrics tick"
[95m35  : [0m[90;2m┆ ┆ [0m[90m[2h36m40s] [0m[90m|[0m time="2026-01-12T19:17:33Z" level=debug msg="Kube-router network policy controller metrics tick"
[95m35  : [0m[90;2m┆ ┆ [0m[90m[2h36m43s] [0m[90m|[0m time="2026-01-12T19:17:36Z" level=debug msg="Kube-router network policy controller metrics tick"
[95m35  : [0m[90;2m┆ ┆ [0m[90m[2h36m45s] [0m[90m|[0m time="2026-01-12T19:17:38Z" level=debug msg="cgroupv2 io stats: skipping over unmappable dbytes=0 entry"
[95m35  : [0m[90;2m┆ ┆ [0m[90m[2h36m45s] [0m[90m|[0m time="2026-01-12T19:17:38Z" level=debug msg="cgroupv2 io stats: skipping over unmappable dios=0 entry"
[95m35  : [0m[90;2m┆ ┆ [0m[90m[2h36m46s] [0m[90m|[0m time="2026-01-12T19:17:39Z" level=debug msg="Kube-router network policy controller metrics tick"
[95m35  : [0m[90;2m┆ ┆ [0m[90m[2h36m46s] [0m[90m|[0m time="2026-01-12T19:17:39Z" level=debug msg="cgroupv2 io stats: skipping over unmappable dbytes=0 entry"
[95m35  : [0m[90;2m┆ ┆ [0m[90m[2h36m46s] [0m[90m|[0m time="2026-01-12T19:17:39Z" level=debug msg="cgroupv2 io stats: skipping over unmappable dios=0 entry"
[95m35  : [0m[90;2m┆ ┆ [0m[90m[2h36m49s] [0m[90m|[0m time="2026-01-12T19:17:42Z" level=debug msg="Kube-router network policy controller metrics tick"
[95m35  : [0m[90;2m┆ ┆ [0m[90m[2h36m52s] [0m[90m|[0m time="2026-01-12T19:17:45Z" level=debug msg="Kube-router network policy controller metrics tick"
[95m35  : [0m[90;2m┆ ┆ [0m[90m[2h36m55s] [0m[90m|[0m time="2026-01-12T19:17:48Z" level=debug msg="cgroupv2 io stats: skipping over unmappable dbytes=0 entry"
[95m35  : [0m[90;2m┆ ┆ [0m[90m[2h36m55s] [0m[90m|[0m time="2026-01-12T19:17:48Z" level=debug msg="cgroupv2 io stats: skipping over unmappable dios=0 entry"
[95m35  : [0m[90;2m┆ ┆ [0m[90m[2h36m55s] [0m[90m|[0m time="2026-01-12T19:17:48Z" level=debug msg="Kube-router network policy controller metrics tick"
[95m35  : [0m[90;2m┆ ┆ [0m[90m[2h36m58s] [0m[90m|[0m time="2026-01-12T19:17:51Z" level=debug msg="Kube-router network policy controller metrics tick"
[95m35  : [0m[90;2m┆ ┆ [0m[90m[2h37m1s] [0m[90m|[0m time="2026-01-12T19:17:54Z" level=debug msg="Kube-router network policy controller metrics tick"
[95m35  : [0m[90;2m┆ ┆ [0m[90m[2h37m4s] [0m[90m|[0m time="2026-01-12T19:17:57Z" level=debug msg="Kube-router network policy controller metrics tick"
[95m35  : [0m[90;2m┆ ┆ [0m[90m[2h37m5s] [0m[90m|[0m time="2026-01-12T19:17:58Z" level=debug msg="cgroupv2 io stats: skipping over unmappable dbytes=0 entry"
[95m35  : [0m[90;2m┆ ┆ [0m[90m[2h37m5s] [0m[90m|[0m time="2026-01-12T19:17:58Z" level=debug msg="cgroupv2 io stats: skipping over unmappable dios=0 entry"
[95m35  : [0m[90;2m┆ ┆ [0m[90m[2h37m5s] [0m[90m|[0m time="2026-01-12T19:17:59Z" level=debug msg="cgroupv2 io stats: skipping over unmappable dbytes=0 entry"
[95m35  : [0m[90;2m┆ ┆ [0m[90m[2h37m5s] [0m[90m|[0m time="2026-01-12T19:17:59Z" level=debug msg="cgroupv2 io stats: skipping over unmappable dios=0 entry"
[95m35  : [0m[90;2m┆ ┆ [0m[90m[2h37m7s] [0m[90m|[0m time="2026-01-12T19:18:00Z" level=debug msg="Kube-router network policy controller metrics tick"
[95m35  : [0m[90;2m┆ ┆ [0m[90m[2h37m10s] [0m[90m|[0m time="2026-01-12T19:18:03Z" level=debug msg="Kube-router network policy controller metrics tick"
[95m35  : [0m[90;2m┆ ┆ [0m[90m[2h37m13s] [0m[90m|[0m time="2026-01-12T19:18:06Z" level=debug msg="Kube-router network policy controller metrics tick"
[95m35  : [0m[90;2m┆ ┆ [0m[90m[2h37m15s] [0m[90m|[0m time="2026-01-12T19:18:08Z" level=debug msg="cgroupv2 io stats: skipping over unmappable dbytes=0 entry"
[95m35  : [0m[90;2m┆ ┆ [0m[90m[2h37m15s] [0m[90m|[0m time="2026-01-12T19:18:08Z" level=debug msg="cgroupv2 io stats: skipping over unmappable dios=0 entry"
[95m35  : [0m[90;2m┆ ┆ [0m[90m[2h37m16s] [0m[90m|[0m time="2026-01-12T19:18:09Z" level=debug msg="Kube-router network policy controller metrics tick"
[95m35  : [0m[90;2m┆ ┆ [0m[90m[2h37m19s] [0m[90m|[0m time="2026-01-12T19:18:12Z" level=debug msg="Kube-router network policy controller metrics tick"
[95m35  : [0m[90;2m┆ ┆ [0m[90m[2h37m20s] [0m[90m|[0m time="2026-01-12T19:18:14Z" level=debug msg="cgroupv2 io stats: skipping over unmappable dbytes=0 entry"
[95m35  : [0m[90;2m┆ ┆ [0m[90m[2h37m20s] [0m[90m|[0m time="2026-01-12T19:18:14Z" level=debug msg="cgroupv2 io stats: skipping over unmappable dios=0 entry"
[95m35  : [0m[90;2m┆ ┆ [0m[90m[2h37m22s] [0m[90m|[0m time="2026-01-12T19:18:15Z" level=debug msg="Kube-router network policy controller metrics tick"
[95m35  : [0m[90;2m┆ ┆ [0m[90m[2h37m25s] [0m[90m|[0m time="2026-01-12T19:18:18Z" level=debug msg="cgroupv2 io stats: skipping over unmappable dbytes=0 entry"
[95m35  : [0m[90;2m┆ ┆ [0m[90m[2h37m25s] [0m[90m|[0m time="2026-01-12T19:18:18Z" level=debug msg="cgroupv2 io stats: skipping over unmappable dios=0 entry"
[95m35  : [0m[90;2m┆ ┆ [0m[90m[2h37m25s] [0m[90m|[0m time="2026-01-12T19:18:18Z" level=debug msg="Kube-router network policy controller metrics tick"
[95m35  : [0m[90;2m┆ ┆ [0m[90m[2h37m28s] [0m[90m|[0m time="2026-01-12T19:18:21Z" level=debug msg="Kube-router network policy controller metrics tick"
[95m35  : [0m[90;2m┆ ┆ [0m[90m[2h37m31s] [0m[90m|[0m time="2026-01-12T19:18:24Z" level=debug msg="Kube-router network policy controller metrics tick"
[95m35  : [0m[90;2m┆ ┆ [0m[90m[2h37m34s] [0m[90m|[0m time="2026-01-12T19:18:27Z" level=debug msg="Kube-router network policy controller metrics tick"
[95m35  : [0m[90;2m┆ ┆ [0m[90m[2h37m35s] [0m[90m|[0m time="2026-01-12T19:18:28Z" level=debug msg="cgroupv2 io stats: skipping over unmappable dbytes=0 entry"
[95m35  : [0m[90;2m┆ ┆ [0m[90m[2h37m35s] [0m[90m|[0m time="2026-01-12T19:18:28Z" level=debug msg="cgroupv2 io stats: skipping over unmappable dios=0 entry"
[95m35  : [0m[90;2m┆ ┆ [0m[90m[2h37m37s] [0m[90m|[0m time="2026-01-12T19:18:30Z" level=debug msg="Kube-router network policy controller metrics tick"
[95m35  : [0m[90;2m┆ ┆ [0m[90m[2h37m40s] [0m[90m|[0m time="2026-01-12T19:18:33Z" level=debug msg="Kube-router network policy controller metrics tick"
[95m35  : [0m[90;2m┆ ┆ [0m[90m[2h37m40s] [0m[90m|[0m time="2026-01-12T19:18:34Z" level=debug msg="cgroupv2 io stats: skipping over unmappable dbytes=0 entry"
[95m35  : [0m[90;2m┆ ┆ [0m[90m[2h37m40s] [0m[90m|[0m time="2026-01-12T19:18:34Z" level=debug msg="cgroupv2 io stats: skipping over unmappable dios=0 entry"
[95m35  : [0m[90;2m┆ ┆ [0m[90m[2h37m43s] [0m[90m|[0m time="2026-01-12T19:18:36Z" level=debug msg="Kube-router network policy controller metrics tick"
[95m35  : [0m[90;2m┆ ┆ [0m[90m[2h37m45s] [0m[90m|[0m time="2026-01-12T19:18:38Z" level=debug msg="cgroupv2 io stats: skipping over unmappable dbytes=0 entry"
[95m35  : [0m[90;2m┆ ┆ [0m[90m[2h37m45s] [0m[90m|[0m time="2026-01-12T19:18:38Z" level=debug msg="cgroupv2 io stats: skipping over unmappable dios=0 entry"
[95m35  : [0m[90;2m┆ ┆ [0m[90m[2h37m46s] [0m[90m|[0m time="2026-01-12T19:18:39Z" level=debug msg="Kube-router network policy controller metrics tick"
[95m35  : [0m[90;2m┆ ┆ [0m[90m[2h37m49s] [0m[90m|[0m time="2026-01-12T19:18:42Z" level=debug msg="Kube-router network policy controller metrics tick"
[95m35  : [0m[90;2m┆ ┆ [0m[90m[2h37m52s] [0m[90m|[0m time="2026-01-12T19:18:45Z" level=debug msg="Kube-router network policy controller metrics tick"
[95m35  : [0m[90;2m┆ ┆ [0m[90m[2h37m55s] [0m[90m|[0m time="2026-01-12T19:18:48Z" level=debug msg="cgroupv2 io stats: skipping over unmappable dbytes=0 entry"
[95m35  : [0m[90;2m┆ ┆ [0m[90m[2h37m55s] [0m[90m|[0m time="2026-01-12T19:18:48Z" level=debug msg="cgroupv2 io stats: skipping over unmappable dios=0 entry"
[95m35  : [0m[90;2m┆ ┆ [0m[90m[2h37m55s] [0m[90m|[0m time="2026-01-12T19:18:48Z" level=debug msg="Kube-router network policy controller metrics tick"
[95m35  : [0m[90;2m┆ ┆ [0m[90m[2h37m58s] [0m[90m|[0m time="2026-01-12T19:18:51Z" level=debug msg="Kube-router network policy controller metrics tick"
[95m35  : [0m[90;2m┆ ┆ [0m[90m[2h38m0s] [0m[90m|[0m time="2026-01-12T19:18:53Z" level=debug msg="cgroupv2 io stats: skipping over unmappable dbytes=0 entry"
[95m35  : [0m[90;2m┆ ┆ [0m[90m[2h38m0s] [0m[90m|[0m time="2026-01-12T19:18:53Z" level=debug msg="cgroupv2 io stats: skipping over unmappable dios=0 entry"
[95m35  : [0m[90;2m┆ ┆ [0m[90m[2h38m1s] [0m[90m|[0m time="2026-01-12T19:18:54Z" level=debug msg="Kube-router network policy controller metrics tick"
[95m35  : [0m[90;2m┆ ┆ [0m[90m[2h38m4s] [0m[90m|[0m time="2026-01-12T19:18:57Z" level=debug msg="Kube-router network policy controller metrics tick"
[95m35  : [0m[90;2m┆ ┆ [0m[90m[2h38m5s] [0m[90m|[0m time="2026-01-12T19:18:58Z" level=debug msg="cgroupv2 io stats: skipping over unmappable dbytes=0 entry"
[95m35  : [0m[90;2m┆ ┆ [0m[90m[2h38m5s] [0m[90m|[0m time="2026-01-12T19:18:58Z" level=debug msg="cgroupv2 io stats: skipping over unmappable dios=0 entry"
[95m35  : [0m[90;2m┆ ┆ [0m[90m[2h38m7s] [0m[90m|[0m time="2026-01-12T19:19:00Z" level=debug msg="Kube-router network policy controller metrics tick"
[95m35  : [0m[90;2m┆ ┆ [0m[90m[2h38m10s] [0m[90m|[0m time="2026-01-12T19:19:03Z" level=debug msg="Kube-router network policy controller metrics tick"
[95m35  : [0m[90;2m┆ ┆ [0m[90m[2h38m13s] [0m[90m|[0m time="2026-01-12T19:19:06Z" level=debug msg="Kube-router network policy controller metrics tick"
[95m35  : [0m[90;2m┆ ┆ [0m[90m[2h38m15s] [0m[90m|[0m time="2026-01-12T19:19:08Z" level=debug msg="cgroupv2 io stats: skipping over unmappable dbytes=0 entry"
[95m35  : [0m[90;2m┆ ┆ [0m[90m[2h38m15s] [0m[90m|[0m time="2026-01-12T19:19:08Z" level=debug msg="cgroupv2 io stats: skipping over unmappable dios=0 entry"
[95m35  : [0m[90;2m┆ ┆ [0m[90m[2h38m16s] [0m[90m|[0m time="2026-01-12T19:19:09Z" level=debug msg="Kube-router network policy controller metrics tick"
[95m35  : [0m[90;2m┆ ┆ [0m[90m[2h38m19s] [0m[90m|[0m time="2026-01-12T19:19:12Z" level=debug msg="Kube-router network policy controller metrics tick"
[95m35  : [0m[90;2m┆ ┆ [0m[90m[2h38m20s] [0m[90m|[0m time="2026-01-12T19:19:13Z" level=debug msg="cgroupv2 io stats: skipping over unmappable dbytes=0 entry"
[95m35  : [0m[90;2m┆ ┆ [0m[90m[2h38m20s] [0m[90m|[0m time="2026-01-12T19:19:13Z" level=debug msg="cgroupv2 io stats: skipping over unmappable dios=0 entry"
[95m35  : [0m[90;2m┆ ┆ [0m[90m[2h38m22s] [0m[90m|[0m time="2026-01-12T19:19:15Z" level=debug msg="Kube-router network policy controller metrics tick"
[95m35  : [0m[90;2m┆ ┆ [0m[90m[2h38m25s] [0m[90m|[0m time="2026-01-12T19:19:18Z" level=debug msg="cgroupv2 io stats: skipping over unmappable dbytes=0 entry"
[95m35  : [0m[90;2m┆ ┆ [0m[90m[2h38m25s] [0m[90m|[0m time="2026-01-12T19:19:18Z" level=debug msg="cgroupv2 io stats: skipping over unmappable dios=0 entry"
[95m35  : [0m[90;2m┆ ┆ [0m[90m[2h38m25s] [0m[90m|[0m time="2026-01-12T19:19:18Z" level=debug msg="Kube-router network policy controller metrics tick"
[95m35  : [0m[90;2m┆ ┆ [0m[90m[2h38m28s] [0m[90m|[0m time="2026-01-12T19:19:21Z" level=debug msg="Kube-router network policy controller metrics tick"
[95m35  : [0m[90;2m┆ ┆ [0m[90m[2h38m31s] [0m[90m|[0m time="2026-01-12T19:19:24Z" level=debug msg="Kube-router network policy controller metrics tick"
[95m35  : [0m[90;2m┆ ┆ [0m[90m[2h38m32s] [0m[90m|[0m time="2026-01-12T19:19:26Z" level=debug msg="cgroupv2 io stats: skipping over unmappable dbytes=0 entry"
[95m35  : [0m[90;2m┆ ┆ [0m[90m[2h38m32s] [0m[90m|[0m time="2026-01-12T19:19:26Z" level=debug msg="cgroupv2 io stats: skipping over unmappable dios=0 entry"
[95m35  : [0m[90;2m┆ ┆ [0m[90m[2h38m34s] [0m[90m|[0m time="2026-01-12T19:19:27Z" level=debug msg="Kube-router network policy controller metrics tick"
[95m35  : [0m[90;2m┆ ┆ [0m[90m[2h38m35s] [0m[90m|[0m time="2026-01-12T19:19:28Z" level=debug msg="cgroupv2 io stats: skipping over unmappable dbytes=0 entry"
[95m35  : [0m[90;2m┆ ┆ [0m[90m[2h38m35s] [0m[90m|[0m time="2026-01-12T19:19:28Z" level=debug msg="cgroupv2 io stats: skipping over unmappable dios=0 entry"
[95m35  : [0m[90;2m┆ ┆ [0m[90m[2h38m37s] [0m[90m|[0m time="2026-01-12T19:19:30Z" level=debug msg="Kube-router network policy controller metrics tick"
[95m35  : [0m[90;2m┆ ┆ [0m[90m[2h38m40s] [0m[90m|[0m time="2026-01-12T19:19:33Z" level=debug msg="Kube-router network policy controller metrics tick"
[95m35  : [0m[90;2m┆ ┆ [0m[90m[2h38m43s] [0m[90m|[0m time="2026-01-12T19:19:36Z" level=debug msg="Kube-router network policy controller metrics tick"
[95m35  : [0m[90;2m┆ ┆ [0m[90m[2h38m45s] [0m[90m|[0m time="2026-01-12T19:19:38Z" level=debug msg="cgroupv2 io stats: skipping over unmappable dbytes=0 entry"
[95m35  : [0m[90;2m┆ ┆ [0m[90m[2h38m45s] [0m[90m|[0m time="2026-01-12T19:19:38Z" level=debug msg="cgroupv2 io stats: skipping over unmappable dios=0 entry"
[95m35  : [0m[90;2m┆ ┆ [0m[90m[2h38m46s] [0m[90m|[0m time="2026-01-12T19:19:39Z" level=debug msg="Kube-router network policy controller metrics tick"
[95m35  : [0m[90;2m┆ ┆ [0m[90m[2h38m46s] [0m[90m|[0m time="2026-01-12T19:19:40Z" level=debug msg="cgroupv2 io stats: skipping over unmappable dbytes=0 entry"
[95m35  : [0m[90;2m┆ ┆ [0m[90m[2h38m46s] [0m[90m|[0m time="2026-01-12T19:19:40Z" level=debug msg="cgroupv2 io stats: skipping over unmappable dios=0 entry"
[95m35  : [0m[90;2m┆ ┆ [0m[90m[2h38m49s] [0m[90m|[0m time="2026-01-12T19:19:42Z" level=debug msg="Kube-router network policy controller metrics tick"
[95m35  : [0m[90;2m┆ ┆ [0m[90m[2h38m52s] [0m[90m|[0m time="2026-01-12T19:19:45Z" level=debug msg="Kube-router network policy controller metrics tick"
[95m35  : [0m[90;2m┆ ┆ [0m[90m[2h38m55s] [0m[90m|[0m time="2026-01-12T19:19:48Z" level=debug msg="cgroupv2 io stats: skipping over unmappable dbytes=0 entry"
[95m35  : [0m[90;2m┆ ┆ [0m[90m[2h38m55s] [0m[90m|[0m time="2026-01-12T19:19:48Z" level=debug msg="cgroupv2 io stats: skipping over unmappable dios=0 entry"
[95m35  : [0m[90;2m┆ ┆ [0m[90m[2h38m55s] [0m[90m|[0m time="2026-01-12T19:19:48Z" level=debug msg="Kube-router network policy controller metrics tick"
[95m35  : [0m[90;2m┆ ┆ [0m[90m[2h38m58s] [0m[90m|[0m time="2026-01-12T19:19:51Z" level=debug msg="Kube-router network policy controller metrics tick"
[95m35  : [0m[90;2m┆ ┆ [0m[90m[2h39m0s] [0m[90m|[0m time="2026-01-12T19:19:54Z" level=debug msg="cgroupv2 io stats: skipping over unmappable dbytes=0 entry"
[95m35  : [0m[90;2m┆ ┆ [0m[90m[2h39m0s] [0m[90m|[0m time="2026-01-12T19:19:54Z" level=debug msg="cgroupv2 io stats: skipping over unmappable dios=0 entry"
[95m35  : [0m[90;2m┆ ┆ [0m[90m[2h39m1s] [0m[90m|[0m time="2026-01-12T19:19:54Z" level=debug msg="Kube-router network policy controller metrics tick"
[95m35  : [0m[90;2m┆ ┆ [0m[90m[2h39m4s] [0m[90m|[0m time="2026-01-12T19:19:57Z" level=debug msg="Kube-router network policy controller metrics tick"
[95m35  : [0m[90;2m┆ ┆ [0m[90m[2h39m5s] [0m[90m|[0m time="2026-01-12T19:19:58Z" level=debug msg="cgroupv2 io stats: skipping over unmappable dbytes=0 entry"
[95m35  : [0m[90;2m┆ ┆ [0m[90m[2h39m5s] [0m[90m|[0m time="2026-01-12T19:19:58Z" level=debug msg="cgroupv2 io stats: skipping over unmappable dios=0 entry"
[95m35  : [0m[90;2m┆ ┆ [0m[90m[2h39m7s] [0m[90m|[0m time="2026-01-12T19:20:00Z" level=debug msg="Kube-router network policy controller metrics tick"
[95m35  : [0m[90;2m┆ ┆ [0m[90m[2h39m10s] [0m[90m|[0m time="2026-01-12T19:20:03Z" level=debug msg="Kube-router network policy controller metrics tick"
[95m35  : [0m[90;2m┆ ┆ [0m[90m[2h39m12s] [0m[90m|[0m time="2026-01-12T19:20:05Z" level=debug msg="cgroupv2 io stats: skipping over unmappable dbytes=0 entry"
[95m35  : [0m[90;2m┆ ┆ [0m[90m[2h39m12s] [0m[90m|[0m time="2026-01-12T19:20:05Z" level=debug msg="cgroupv2 io stats: skipping over unmappable dios=0 entry"
[95m35  : [0m[90;2m┆ ┆ [0m[90m[2h39m13s] [0m[90m|[0m time="2026-01-12T19:20:06Z" level=debug msg="Kube-router network policy controller metrics tick"
[95m35  : [0m[90;2m┆ ┆ [0m[90m[2h39m15s] [0m[90m|[0m time="2026-01-12T19:20:08Z" level=debug msg="cgroupv2 io stats: skipping over unmappable dbytes=0 entry"
[95m35  : [0m[90;2m┆ ┆ [0m[90m[2h39m15s] [0m[90m|[0m time="2026-01-12T19:20:08Z" level=debug msg="cgroupv2 io stats: skipping over unmappable dios=0 entry"
[95m35  : [0m[90;2m┆ ┆ [0m[90m[2h39m16s] [0m[90m|[0m time="2026-01-12T19:20:09Z" level=debug msg="Kube-router network policy controller metrics tick"
[95m35  : [0m[90;2m┆ ┆ [0m[90m[2h39m19s] [0m[90m|[0m time="2026-01-12T19:20:12Z" level=debug msg="Kube-router network policy controller metrics tick"
[95m35  : [0m[90;2m┆ ┆ [0m[90m[2h39m22s] [0m[90m|[0m time="2026-01-12T19:20:15Z" level=debug msg="Kube-router network policy controller metrics tick"
[95m35  : [0m[90;2m┆ ┆ [0m[90m[2h39m23s] [0m[90m|[0m time="2026-01-12T19:20:16Z" level=debug msg="cgroupv2 io stats: skipping over unmappable dbytes=0 entry"
[95m35  : [0m[90;2m┆ ┆ [0m[90m[2h39m23s] [0m[90m|[0m time="2026-01-12T19:20:16Z" level=debug msg="cgroupv2 io stats: skipping over unmappable dios=0 entry"
[95m35  : [0m[90;2m┆ ┆ [0m[90m[2h39m25s] [0m[90m|[0m time="2026-01-12T19:20:18Z" level=debug msg="cgroupv2 io stats: skipping over unmappable dbytes=0 entry"
[95m35  : [0m[90;2m┆ ┆ [0m[90m[2h39m25s] [0m[90m|[0m time="2026-01-12T19:20:18Z" level=debug msg="cgroupv2 io stats: skipping over unmappable dios=0 entry"
[95m35  : [0m[90;2m┆ ┆ [0m[90m[2h39m25s] [0m[90m|[0m time="2026-01-12T19:20:18Z" level=debug msg="Kube-router network policy controller metrics tick"
[95m35  : [0m[90;2m┆ ┆ [0m[90m[2h39m28s] [0m[90m|[0m time="2026-01-12T19:20:21Z" level=debug msg="Kube-router network policy controller metrics tick"
[95m35  : [0m[90;2m┆ ┆ [0m[90m[2h39m31s] [0m[90m|[0m time="2026-01-12T19:20:24Z" level=debug msg="Kube-router network policy controller metrics tick"
[95m35  : [0m[90;2m┆ ┆ [0m[90m[2h39m34s] [0m[90m|[0m time="2026-01-12T19:20:27Z" level=debug msg="Kube-router network policy controller metrics tick"
[95m35  : [0m[90;2m┆ ┆ [0m[90m[2h39m35s] [0m[90m|[0m time="2026-01-12T19:20:28Z" level=debug msg="cgroupv2 io stats: skipping over unmappable dbytes=0 entry"
[95m35  : [0m[90;2m┆ ┆ [0m[90m[2h39m35s] [0m[90m|[0m time="2026-01-12T19:20:28Z" level=debug msg="cgroupv2 io stats: skipping over unmappable dios=0 entry"
[95m35  : [0m[90;2m┆ ┆ [0m[90m[2h39m37s] [0m[90m|[0m time="2026-01-12T19:20:30Z" level=debug msg="Kube-router network policy controller metrics tick"
[95m35  : [0m[90;2m┆ ┆ [0m[90m[2h39m37s] [0m[90m|[0m time="2026-01-12T19:20:30Z" level=debug msg="cgroupv2 io stats: skipping over unmappable dbytes=0 entry"
[95m35  : [0m[90;2m┆ ┆ [0m[90m[2h39m37s] [0m[90m|[0m time="2026-01-12T19:20:30Z" level=debug msg="cgroupv2 io stats: skipping over unmappable dios=0 entry"
[95m35  : [0m[90;2m┆ ┆ [0m[90m[2h39m40s] [0m[90m|[0m time="2026-01-12T19:20:33Z" level=debug msg="Kube-router network policy controller metrics tick"
[95m35  : [0m[90;2m┆ ┆ [0m[90m[2h39m43s] [0m[90m|[0m time="2026-01-12T19:20:36Z" level=debug msg="Kube-router network policy controller metrics tick"
[95m35  : [0m[90;2m┆ ┆ [0m[90m[2h39m45s] [0m[90m|[0m time="2026-01-12T19:20:38Z" level=debug msg="cgroupv2 io stats: skipping over unmappable dbytes=0 entry"
[95m35  : [0m[90;2m┆ ┆ [0m[90m[2h39m45s] [0m[90m|[0m time="2026-01-12T19:20:38Z" level=debug msg="cgroupv2 io stats: skipping over unmappable dios=0 entry"
[95m35  : [0m[90;2m┆ ┆ [0m[90m[2h39m46s] [0m[90m|[0m time="2026-01-12T19:20:39Z" level=debug msg="Kube-router network policy controller metrics tick"
[95m35  : [0m[90;2m┆ ┆ [0m[90m[2h39m49s] [0m[90m|[0m time="2026-01-12T19:20:42Z" level=debug msg="Kube-router network policy controller metrics tick"
[95m35  : [0m[90;2m┆ ┆ [0m[90m[2h39m52s] [0m[90m|[0m time="2026-01-12T19:20:45Z" level=debug msg="cgroupv2 io stats: skipping over unmappable dbytes=0 entry"
[95m35  : [0m[90;2m┆ ┆ [0m[90m[2h39m52s] [0m[90m|[0m time="2026-01-12T19:20:45Z" level=debug msg="cgroupv2 io stats: skipping over unmappable dios=0 entry"
[95m35  : [0m[90;2m┆ ┆ [0m[90m[2h39m52s] [0m[90m|[0m time="2026-01-12T19:20:45Z" level=debug msg="Kube-router network policy controller metrics tick"
[95m35  : [0m[90;2m┆ ┆ [0m[90m[2h39m55s] [0m[90m|[0m time="2026-01-12T19:20:48Z" level=debug msg="cgroupv2 io stats: skipping over unmappable dbytes=0 entry"
[95m35  : [0m[90;2m┆ ┆ [0m[90m[2h39m55s] [0m[90m|[0m time="2026-01-12T19:20:48Z" level=debug msg="cgroupv2 io stats: skipping over unmappable dios=0 entry"
[95m35  : [0m[90;2m┆ ┆ [0m[90m[2h39m55s] [0m[90m|[0m time="2026-01-12T19:20:48Z" level=debug msg="Kube-router network policy controller metrics tick"
[95m35  : [0m[90;2m┆ ┆ [0m[90m[2h39m58s] [0m[90m|[0m time="2026-01-12T19:20:51Z" level=debug msg="Kube-router network policy controller metrics tick"
[95m35  : [0m[90;2m┆ ┆ [0m[90m[2h40m1s] [0m[90m|[0m time="2026-01-12T19:20:54Z" level=debug msg="Kube-router network policy controller metrics tick"
[95m35  : [0m[90;2m┆ ┆ [0m[90m[2h40m4s] [0m[90m|[0m time="2026-01-12T19:20:57Z" level=debug msg="Kube-router network policy controller metrics tick"
[95m35  : [0m[90;2m┆ ┆ [0m[90m[2h40m5s] [0m[90m|[0m time="2026-01-12T19:20:58Z" level=debug msg="cgroupv2 io stats: skipping over unmappable dbytes=0 entry"
[95m35  : [0m[90;2m┆ ┆ [0m[90m[2h40m5s] [0m[90m|[0m time="2026-01-12T19:20:58Z" level=debug msg="cgroupv2 io stats: skipping over unmappable dios=0 entry"
[95m35  : [0m[90;2m┆ ┆ [0m[90m[2h40m7s] [0m[90m|[0m time="2026-01-12T19:21:00Z" level=debug msg="Kube-router network policy controller metrics tick"
[95m35  : [0m[90;2m┆ ┆ [0m[90m[2h40m10s] [0m[90m|[0m time="2026-01-12T19:21:03Z" level=debug msg="Kube-router network policy controller metrics tick"
[95m35  : [0m[90;2m┆ ┆ [0m[90m[2h40m11s] [0m[90m|[0m time="2026-01-12T19:21:05Z" level=debug msg="cgroupv2 io stats: skipping over unmappable dbytes=0 entry"
[95m35  : [0m[90;2m┆ ┆ [0m[90m[2h40m11s] [0m[90m|[0m time="2026-01-12T19:21:05Z" level=debug msg="cgroupv2 io stats: skipping over unmappable dios=0 entry"
[95m35  : [0m[90;2m┆ ┆ [0m[90m[2h40m13s] [0m[90m|[0m time="2026-01-12T19:21:06Z" level=debug msg="Kube-router network policy controller metrics tick"
[95m35  : [0m[90;2m┆ ┆ [0m[90m[2h40m15s] [0m[90m|[0m time="2026-01-12T19:21:08Z" level=debug msg="cgroupv2 io stats: skipping over unmappable dbytes=0 entry"
[95m35  : [0m[90;2m┆ ┆ [0m[90m[2h40m15s] [0m[90m|[0m time="2026-01-12T19:21:08Z" level=debug msg="cgroupv2 io stats: skipping over unmappable dios=0 entry"
[95m35  : [0m[90;2m┆ ┆ [0m[90m[2h40m16s] [0m[90m|[0m time="2026-01-12T19:21:09Z" level=debug msg="Kube-router network policy controller metrics tick"
[95m35  : [0m[90;2m┆ ┆ [0m[90m[2h40m19s] [0m[90m|[0m time="2026-01-12T19:21:12Z" level=debug msg="Kube-router network policy controller metrics tick"
[95m35  : [0m[90;2m┆ ┆ [0m[90m[2h40m22s] [0m[90m|[0m time="2026-01-12T19:21:15Z" level=debug msg="Kube-router network policy controller metrics tick"
[95m35  : [0m[90;2m┆ ┆ [0m[90m[2h40m25s] [0m[90m|[0m time="2026-01-12T19:21:18Z" level=debug msg="cgroupv2 io stats: skipping over unmappable dbytes=0 entry"
[95m35  : [0m[90;2m┆ ┆ [0m[90m[2h40m25s] [0m[90m|[0m time="2026-01-12T19:21:18Z" level=debug msg="cgroupv2 io stats: skipping over unmappable dios=0 entry"
[95m35  : [0m[90;2m┆ ┆ [0m[90m[2h40m25s] [0m[90m|[0m time="2026-01-12T19:21:18Z" level=debug msg="Kube-router network policy controller metrics tick"
[95m35  : [0m[90;2m┆ ┆ [0m[90m[2h40m28s] [0m[90m|[0m time="2026-01-12T19:21:21Z" level=debug msg="Kube-router network policy controller metrics tick"
[95m35  : [0m[90;2m┆ ┆ [0m[90m[2h40m30s] [0m[90m|[0m time="2026-01-12T19:21:24Z" level=debug msg="cgroupv2 io stats: skipping over unmappable dbytes=0 entry"
[95m35  : [0m[90;2m┆ ┆ [0m[90m[2h40m30s] [0m[90m|[0m time="2026-01-12T19:21:24Z" level=debug msg="cgroupv2 io stats: skipping over unmappable dios=0 entry"
[95m35  : [0m[90;2m┆ ┆ [0m[90m[2h40m31s] [0m[90m|[0m time="2026-01-12T19:21:24Z" level=debug msg="Kube-router network policy controller metrics tick"
[95m35  : [0m[90;2m┆ ┆ [0m[90m[2h40m34s] [0m[90m|[0m time="2026-01-12T19:21:27Z" level=debug msg="Kube-router network policy controller metrics tick"
[95m35  : [0m[90;2m┆ ┆ [0m[90m[2h40m35s] [0m[90m|[0m time="2026-01-12T19:21:28Z" level=debug msg="cgroupv2 io stats: skipping over unmappable dbytes=0 entry"
[95m35  : [0m[90;2m┆ ┆ [0m[90m[2h40m35s] [0m[90m|[0m time="2026-01-12T19:21:28Z" level=debug msg="cgroupv2 io stats: skipping over unmappable dios=0 entry"
[95m35  : [0m[90;2m┆ ┆ [0m[90m[2h40m37s] [0m[90m|[0m time="2026-01-12T19:21:30Z" level=debug msg="Kube-router network policy controller metrics tick"
[95m35  : [0m[90;2m┆ ┆ [0m[90m[2h40m40s] [0m[90m|[0m time="2026-01-12T19:21:33Z" level=debug msg="Kube-router network policy controller metrics tick"
[95m35  : [0m[90;2m┆ ┆ [0m[90m[2h40m43s] [0m[90m|[0m time="2026-01-12T19:21:36Z" level=debug msg="Kube-router network policy controller metrics tick"
[95m35  : [0m[90;2m┆ ┆ [0m[90m[2h40m44s] [0m[90m|[0m time="2026-01-12T19:21:37Z" level=info msg="COMPACT compactRev=1253 targetCompactRev=1345 currentRev=2345"
[95m35  : [0m[90;2m┆ ┆ [0m[90m[2h40m44s] [0m[90m|[0m time="2026-01-12T19:21:37Z" level=info msg="COMPACT deleted 92 rows from 92 revisions in 2.241047ms - compacted to 1345/2345"
[95m35  : [0m[90;2m┆ ┆ [0m[90m[2h40m44s] [0m[90m|[0m time="2026-01-12T19:21:37Z" level=info msg="COMPACT compacted from 1253 to 1345 in 1 transactions over 2ms"
[95m35  : [0m[90;2m┆ ┆ [0m[90m[2h40m45s] [0m[90m|[0m time="2026-01-12T19:21:38Z" level=debug msg="cgroupv2 io stats: skipping over unmappable dbytes=0 entry"
[95m35  : [0m[90;2m┆ ┆ [0m[90m[2h40m45s] [0m[90m|[0m time="2026-01-12T19:21:38Z" level=debug msg="cgroupv2 io stats: skipping over unmappable dios=0 entry"
[95m35  : [0m[90;2m┆ ┆ [0m[90m[2h40m46s] [0m[90m|[0m time="2026-01-12T19:21:39Z" level=debug msg="Kube-router network policy controller metrics tick"
[95m35  : [0m[90;2m┆ ┆ [0m[90m[2h40m46s] [0m[90m|[0m W0112 19:21:40.447561      14 info.go:53] Couldn't collect info from any of the files in "/etc/machine-id,/var/lib/dbus/machine-id"
[95m35  : [0m[90;2m┆ ┆ [0m[90m[2h40m47s] [0m[90m|[0m time="2026-01-12T19:21:40Z" level=debug msg="cgroupv2 io stats: skipping over unmappable dbytes=0 entry"
[95m35  : [0m[90;2m┆ ┆ [0m[90m[2h40m47s] [0m[90m|[0m time="2026-01-12T19:21:40Z" level=debug msg="cgroupv2 io stats: skipping over unmappable dios=0 entry"
[95m35  : [0m[90;2m┆ ┆ [0m[90m[2h40m49s] [0m[90m|[0m time="2026-01-12T19:21:42Z" level=debug msg="Kube-router network policy controller metrics tick"
[95m35  : [0m[90;2m┆ ┆ [0m[90m[2h40m52s] [0m[90m|[0m time="2026-01-12T19:21:45Z" level=debug msg="Kube-router network policy controller metrics tick"
[95m35  : [0m[90;2m┆ ┆ [0m[90m[2h40m55s] [0m[90m|[0m time="2026-01-12T19:21:48Z" level=debug msg="Kube-router network policy controller metrics tick"
[95m35  : [0m[90;2m┆ ┆ [0m[90m[2h40m55s] [0m[90m|[0m time="2026-01-12T19:21:48Z" level=debug msg="cgroupv2 io stats: skipping over unmappable dbytes=0 entry"
[95m35  : [0m[90;2m┆ ┆ [0m[90m[2h40m55s] [0m[90m|[0m time="2026-01-12T19:21:48Z" level=debug msg="cgroupv2 io stats: skipping over unmappable dios=0 entry"
[95m35  : [0m[90;2m┆ ┆ [0m[90m[2h40m57s] [0m[90m|[0m time="2026-01-12T19:21:50Z" level=debug msg="cgroupv2 io stats: skipping over unmappable dbytes=0 entry"
[95m35  : [0m[90;2m┆ ┆ [0m[90m[2h40m57s] [0m[90m|[0m time="2026-01-12T19:21:50Z" level=debug msg="cgroupv2 io stats: skipping over unmappable dios=0 entry"
[95m35  : [0m[90;2m┆ ┆ [0m[90m[2h40m58s] [0m[90m|[0m time="2026-01-12T19:21:51Z" level=debug msg="Kube-router network policy controller metrics tick"
[95m35  : [0m[90;2m┆ ┆ [0m[90m[2h41m1s] [0m[90m|[0m time="2026-01-12T19:21:54Z" level=debug msg="Kube-router network policy controller metrics tick"
[95m35  : [0m[90;2m┆ ┆ [0m[90m[2h41m4s] [0m[90m|[0m time="2026-01-12T19:21:57Z" level=debug msg="Kube-router network policy controller metrics tick"
[95m35  : [0m[90;2m┆ ┆ [0m[90m[2h41m5s] [0m[90m|[0m time="2026-01-12T19:21:58Z" level=debug msg="cgroupv2 io stats: skipping over unmappable dbytes=0 entry"
[95m35  : [0m[90;2m┆ ┆ [0m[90m[2h41m5s] [0m[90m|[0m time="2026-01-12T19:21:58Z" level=debug msg="cgroupv2 io stats: skipping over unmappable dios=0 entry"
[95m35  : [0m[90;2m┆ ┆ [0m[90m[2h41m7s] [0m[90m|[0m time="2026-01-12T19:22:00Z" level=debug msg="Kube-router network policy controller metrics tick"
[95m35  : [0m[90;2m┆ ┆ [0m[90m[2h41m10s] [0m[90m|[0m time="2026-01-12T19:22:03Z" level=debug msg="Kube-router network policy controller metrics tick"
[95m35  : [0m[90;2m┆ ┆ [0m[90m[2h41m12s] [0m[90m|[0m time="2026-01-12T19:22:06Z" level=debug msg="cgroupv2 io stats: skipping over unmappable dbytes=0 entry"
[95m35  : [0m[90;2m┆ ┆ [0m[90m[2h41m12s] [0m[90m|[0m time="2026-01-12T19:22:06Z" level=debug msg="cgroupv2 io stats: skipping over unmappable dios=0 entry"
[95m35  : [0m[90;2m┆ ┆ [0m[90m[2h41m13s] [0m[90m|[0m time="2026-01-12T19:22:06Z" level=debug msg="Kube-router network policy controller metrics tick"
[95m35  : [0m[90;2m┆ ┆ [0m[90m[2h41m15s] [0m[90m|[0m time="2026-01-12T19:22:08Z" level=debug msg="cgroupv2 io stats: skipping over unmappable dbytes=0 entry"
[95m35  : [0m[90;2m┆ ┆ [0m[90m[2h41m15s] [0m[90m|[0m time="2026-01-12T19:22:08Z" level=debug msg="cgroupv2 io stats: skipping over unmappable dios=0 entry"
[95m35  : [0m[90;2m┆ ┆ [0m[90m[2h41m16s] [0m[90m|[0m time="2026-01-12T19:22:09Z" level=debug msg="Kube-router network policy controller metrics tick"
[95m35  : [0m[90;2m┆ ┆ [0m[90m[2h41m19s] [0m[90m|[0m time="2026-01-12T19:22:12Z" level=debug msg="Kube-router network policy controller metrics tick"
[95m35  : [0m[90;2m┆ ┆ [0m[90m[2h41m22s] [0m[90m|[0m time="2026-01-12T19:22:15Z" level=debug msg="Kube-router network policy controller metrics tick"
[95m35  : [0m[90;2m┆ ┆ [0m[90m[2h41m25s] [0m[90m|[0m time="2026-01-12T19:22:18Z" level=debug msg="Kube-router network policy controller metrics tick"
[95m35  : [0m[90;2m┆ ┆ [0m[90m[2h41m25s] [0m[90m|[0m time="2026-01-12T19:22:18Z" level=debug msg="cgroupv2 io stats: skipping over unmappable dbytes=0 entry"
[95m35  : [0m[90;2m┆ ┆ [0m[90m[2h41m25s] [0m[90m|[0m time="2026-01-12T19:22:18Z" level=debug msg="cgroupv2 io stats: skipping over unmappable dios=0 entry"
[95m35  : [0m[90;2m┆ ┆ [0m[90m[2h41m28s] [0m[90m|[0m time="2026-01-12T19:22:21Z" level=debug msg="Kube-router network policy controller metrics tick"
[95m35  : [0m[90;2m┆ ┆ [0m[90m[2h41m31s] [0m[90m|[0m time="2026-01-12T19:22:24Z" level=debug msg="Kube-router network policy controller metrics tick"
[95m35  : [0m[90;2m┆ ┆ [0m[90m[2h41m32s] [0m[90m|[0m time="2026-01-12T19:22:26Z" level=debug msg="cgroupv2 io stats: skipping over unmappable dbytes=0 entry"
[95m35  : [0m[90;2m┆ ┆ [0m[90m[2h41m32s] [0m[90m|[0m time="2026-01-12T19:22:26Z" level=debug msg="cgroupv2 io stats: skipping over unmappable dios=0 entry"
[95m35  : [0m[90;2m┆ ┆ [0m[90m[2h41m34s] [0m[90m|[0m time="2026-01-12T19:22:27Z" level=debug msg="Kube-router network policy controller metrics tick"
[95m35  : [0m[90;2m┆ ┆ [0m[90m[2h41m35s] [0m[90m|[0m time="2026-01-12T19:22:28Z" level=debug msg="cgroupv2 io stats: skipping over unmappable dbytes=0 entry"
[95m35  : [0m[90;2m┆ ┆ [0m[90m[2h41m35s] [0m[90m|[0m time="2026-01-12T19:22:28Z" level=debug msg="cgroupv2 io stats: skipping over unmappable dios=0 entry"
[95m35  : [0m[90;2m┆ ┆ [0m[90m[2h41m37s] [0m[90m|[0m time="2026-01-12T19:22:30Z" level=debug msg="Kube-router network policy controller metrics tick"
[95m35  : [0m[90;2m┆ ┆ [0m[90m[2h41m40s] [0m[90m|[0m time="2026-01-12T19:22:33Z" level=debug msg="Kube-router network policy controller metrics tick"
[95m35  : [0m[90;2m┆ ┆ [0m[90m[2h41m43s] [0m[90m|[0m time="2026-01-12T19:22:36Z" level=debug msg="Kube-router network policy controller metrics tick"
[95m35  : [0m[90;2m┆ ┆ [0m[90m[2h41m45s] [0m[90m|[0m time="2026-01-12T19:22:38Z" level=debug msg="cgroupv2 io stats: skipping over unmappable dbytes=0 entry"
[95m35  : [0m[90;2m┆ ┆ [0m[90m[2h41m45s] [0m[90m|[0m time="2026-01-12T19:22:38Z" level=debug msg="cgroupv2 io stats: skipping over unmappable dios=0 entry"
[95m35  : [0m[90;2m┆ ┆ [0m[90m[2h41m46s] [0m[90m|[0m time="2026-01-12T19:22:39Z" level=debug msg="cgroupv2 io stats: skipping over unmappable dbytes=0 entry"
[95m35  : [0m[90;2m┆ ┆ [0m[90m[2h41m46s] [0m[90m|[0m time="2026-01-12T19:22:39Z" level=debug msg="cgroupv2 io stats: skipping over unmappable dios=0 entry"
[95m35  : [0m[90;2m┆ ┆ [0m[90m[2h41m46s] [0m[90m|[0m time="2026-01-12T19:22:39Z" level=debug msg="Kube-router network policy controller metrics tick"
[95m35  : [0m[90;2m┆ ┆ [0m[90m[2h41m49s] [0m[90m|[0m time="2026-01-12T19:22:42Z" level=debug msg="Kube-router network policy controller metrics tick"
[95m35  : [0m[90;2m┆ ┆ [0m[90m[2h41m52s] [0m[90m|[0m time="2026-01-12T19:22:45Z" level=debug msg="Kube-router network policy controller metrics tick"
[95m35  : [0m[90;2m┆ ┆ [0m[90m[2h41m55s] [0m[90m|[0m time="2026-01-12T19:22:48Z" level=debug msg="Kube-router network policy controller metrics tick"
[95m35  : [0m[90;2m┆ ┆ [0m[90m[2h41m55s] [0m[90m|[0m time="2026-01-12T19:22:48Z" level=debug msg="cgroupv2 io stats: skipping over unmappable dbytes=0 entry"
[95m35  : [0m[90;2m┆ ┆ [0m[90m[2h41m55s] [0m[90m|[0m time="2026-01-12T19:22:48Z" level=debug msg="cgroupv2 io stats: skipping over unmappable dios=0 entry"
[95m35  : [0m[90;2m┆ ┆ [0m[90m[2h41m58s] [0m[90m|[0m time="2026-01-12T19:22:51Z" level=debug msg="Kube-router network policy controller metrics tick"
[95m35  : [0m[90;2m┆ ┆ [0m[90m[2h42m1s] [0m[90m|[0m time="2026-01-12T19:22:54Z" level=debug msg="Kube-router network policy controller metrics tick"
[95m35  : [0m[90;2m┆ ┆ [0m[90m[2h42m4s] [0m[90m|[0m time="2026-01-12T19:22:57Z" level=debug msg="cgroupv2 io stats: skipping over unmappable dbytes=0 entry"
[95m35  : [0m[90;2m┆ ┆ [0m[90m[2h42m4s] [0m[90m|[0m time="2026-01-12T19:22:57Z" level=debug msg="cgroupv2 io stats: skipping over unmappable dios=0 entry"
[95m35  : [0m[90;2m┆ ┆ [0m[90m[2h42m4s] [0m[90m|[0m time="2026-01-12T19:22:57Z" level=debug msg="Kube-router network policy controller metrics tick"
[95m35  : [0m[90;2m┆ ┆ [0m[90m[2h42m5s] [0m[90m|[0m time="2026-01-12T19:22:59Z" level=debug msg="cgroupv2 io stats: skipping over unmappable dbytes=0 entry"
[95m35  : [0m[90;2m┆ ┆ [0m[90m[2h42m5s] [0m[90m|[0m time="2026-01-12T19:22:59Z" level=debug msg="cgroupv2 io stats: skipping over unmappable dios=0 entry"
[95m35  : [0m[90;2m┆ ┆ [0m[90m[2h42m7s] [0m[90m|[0m time="2026-01-12T19:23:00Z" level=debug msg="Kube-router network policy controller metrics tick"
[95m35  : [0m[90;2m┆ ┆ [0m[90m[2h42m10s] [0m[90m|[0m time="2026-01-12T19:23:03Z" level=debug msg="Kube-router network policy controller metrics tick"
[95m35  : [0m[90;2m┆ ┆ [0m[90m[2h42m13s] [0m[90m|[0m time="2026-01-12T19:23:06Z" level=debug msg="Kube-router network policy controller metrics tick"
[95m35  : [0m[90;2m┆ ┆ [0m[90m[2h42m14s] [0m[90m|[0m time="2026-01-12T19:23:08Z" level=debug msg="cgroupv2 io stats: skipping over unmappable dbytes=0 entry"
[95m35  : [0m[90;2m┆ ┆ [0m[90m[2h42m14s] [0m[90m|[0m time="2026-01-12T19:23:08Z" level=debug msg="cgroupv2 io stats: skipping over unmappable dios=0 entry"
[95m35  : [0m[90;2m┆ ┆ [0m[90m[2h42m15s] [0m[90m|[0m time="2026-01-12T19:23:09Z" level=debug msg="cgroupv2 io stats: skipping over unmappable dbytes=0 entry"
[95m35  : [0m[90;2m┆ ┆ [0m[90m[2h42m15s] [0m[90m|[0m time="2026-01-12T19:23:09Z" level=debug msg="cgroupv2 io stats: skipping over unmappable dios=0 entry"
[95m35  : [0m[90;2m┆ ┆ [0m[90m[2h42m16s] [0m[90m|[0m time="2026-01-12T19:23:09Z" level=debug msg="Kube-router network policy controller metrics tick"
[95m35  : [0m[90;2m┆ ┆ [0m[90m[2h42m19s] [0m[90m|[0m time="2026-01-12T19:23:12Z" level=debug msg="Kube-router network policy controller metrics tick"
[95m35  : [0m[90;2m┆ ┆ [0m[90m[2h42m22s] [0m[90m|[0m time="2026-01-12T19:23:15Z" level=debug msg="Kube-router network policy controller metrics tick"
[95m35  : [0m[90;2m┆ ┆ [0m[90m[2h42m25s] [0m[90m|[0m time="2026-01-12T19:23:18Z" level=debug msg="Kube-router network policy controller metrics tick"
[95m35  : [0m[90;2m┆ ┆ [0m[90m[2h42m25s] [0m[90m|[0m time="2026-01-12T19:23:19Z" level=debug msg="cgroupv2 io stats: skipping over unmappable dbytes=0 entry"
[95m35  : [0m[90;2m┆ ┆ [0m[90m[2h42m25s] [0m[90m|[0m time="2026-01-12T19:23:19Z" level=debug msg="cgroupv2 io stats: skipping over unmappable dios=0 entry"
[95m35  : [0m[90;2m┆ ┆ [0m[90m[2h42m25s] [0m[90m|[0m time="2026-01-12T19:23:19Z" level=debug msg="cgroupv2 io stats: skipping over unmappable dbytes=0 entry"
[95m35  : [0m[90;2m┆ ┆ [0m[90m[2h42m25s] [0m[90m|[0m time="2026-01-12T19:23:19Z" level=debug msg="cgroupv2 io stats: skipping over unmappable dios=0 entry"
[95m35  : [0m[90;2m┆ ┆ [0m[90m[2h42m28s] [0m[90m|[0m time="2026-01-12T19:23:21Z" level=debug msg="Kube-router network policy controller metrics tick"
[95m35  : [0m[90;2m┆ ┆ [0m[90m[2h42m31s] [0m[90m|[0m time="2026-01-12T19:23:24Z" level=debug msg="Kube-router network policy controller metrics tick"
[95m35  : [0m[90;2m┆ ┆ [0m[90m[2h42m34s] [0m[90m|[0m time="2026-01-12T19:23:27Z" level=debug msg="Kube-router network policy controller metrics tick"
[95m35  : [0m[90;2m┆ ┆ [0m[90m[2h42m35s] [0m[90m|[0m time="2026-01-12T19:23:29Z" level=debug msg="cgroupv2 io stats: skipping over unmappable dbytes=0 entry"
[95m35  : [0m[90;2m┆ ┆ [0m[90m[2h42m35s] [0m[90m|[0m time="2026-01-12T19:23:29Z" level=debug msg="cgroupv2 io stats: skipping over unmappable dios=0 entry"
[95m35  : [0m[90;2m┆ ┆ [0m[90m[2h42m37s] [0m[90m|[0m time="2026-01-12T19:23:30Z" level=debug msg="Kube-router network policy controller metrics tick"
[95m35  : [0m[90;2m┆ ┆ [0m[90m[2h42m38s] [0m[90m|[0m time="2026-01-12T19:23:32Z" level=debug msg="cgroupv2 io stats: skipping over unmappable dbytes=0 entry"
[95m35  : [0m[90;2m┆ ┆ [0m[90m[2h42m38s] [0m[90m|[0m time="2026-01-12T19:23:32Z" level=debug msg="cgroupv2 io stats: skipping over unmappable dios=0 entry"
[95m35  : [0m[90;2m┆ ┆ [0m[90m[2h42m40s] [0m[90m|[0m time="2026-01-12T19:23:33Z" level=debug msg="Kube-router network policy controller metrics tick"
[95m35  : [0m[90;2m┆ ┆ [0m[90m[2h42m43s] [0m[90m|[0m time="2026-01-12T19:23:36Z" level=debug msg="Kube-router network policy controller metrics tick"
[95m35  : [0m[90;2m┆ ┆ [0m[90m[2h42m45s] [0m[90m|[0m time="2026-01-12T19:23:39Z" level=debug msg="cgroupv2 io stats: skipping over unmappable dbytes=0 entry"
[95m35  : [0m[90;2m┆ ┆ [0m[90m[2h42m45s] [0m[90m|[0m time="2026-01-12T19:23:39Z" level=debug msg="cgroupv2 io stats: skipping over unmappable dios=0 entry"
[95m35  : [0m[90;2m┆ ┆ [0m[90m[2h42m46s] [0m[90m|[0m time="2026-01-12T19:23:39Z" level=debug msg="Kube-router network policy controller metrics tick"
[95m35  : [0m[90;2m┆ ┆ [0m[90m[2h42m49s] [0m[90m|[0m time="2026-01-12T19:23:42Z" level=debug msg="Kube-router network policy controller metrics tick"
[95m35  : [0m[90;2m┆ ┆ [0m[90m[2h42m52s] [0m[90m|[0m time="2026-01-12T19:23:45Z" level=debug msg="Kube-router network policy controller metrics tick"
[95m35  : [0m[90;2m┆ ┆ [0m[90m[2h42m55s] [0m[90m|[0m time="2026-01-12T19:23:48Z" level=debug msg="Kube-router network policy controller metrics tick"
[95m35  : [0m[90;2m┆ ┆ [0m[90m[2h42m55s] [0m[90m|[0m time="2026-01-12T19:23:49Z" level=debug msg="cgroupv2 io stats: skipping over unmappable dbytes=0 entry"
[95m35  : [0m[90;2m┆ ┆ [0m[90m[2h42m55s] [0m[90m|[0m time="2026-01-12T19:23:49Z" level=debug msg="cgroupv2 io stats: skipping over unmappable dios=0 entry"
[95m35  : [0m[90;2m┆ ┆ [0m[90m[2h42m58s] [0m[90m|[0m time="2026-01-12T19:23:51Z" level=debug msg="Kube-router network policy controller metrics tick"
[95m35  : [0m[90;2m┆ ┆ [0m[90m[2h42m58s] [0m[90m|[0m time="2026-01-12T19:23:52Z" level=debug msg="cgroupv2 io stats: skipping over unmappable dbytes=0 entry"
[95m35  : [0m[90;2m┆ ┆ [0m[90m[2h42m58s] [0m[90m|[0m time="2026-01-12T19:23:52Z" level=debug msg="cgroupv2 io stats: skipping over unmappable dios=0 entry"
[95m35  : [0m[90;2m┆ ┆ [0m[90m[2h43m1s] [0m[90m|[0m time="2026-01-12T19:23:54Z" level=debug msg="Kube-router network policy controller metrics tick"
[95m35  : [0m[90;2m┆ ┆ [0m[90m[2h43m4s] [0m[90m|[0m time="2026-01-12T19:23:57Z" level=debug msg="Kube-router network policy controller metrics tick"
[95m35  : [0m[90;2m┆ ┆ [0m[90m[2h43m5s] [0m[90m|[0m time="2026-01-12T19:23:59Z" level=debug msg="cgroupv2 io stats: skipping over unmappable dbytes=0 entry"
[95m35  : [0m[90;2m┆ ┆ [0m[90m[2h43m5s] [0m[90m|[0m time="2026-01-12T19:23:59Z" level=debug msg="cgroupv2 io stats: skipping over unmappable dios=0 entry"
[95m35  : [0m[90;2m┆ ┆ [0m[90m[2h43m7s] [0m[90m|[0m time="2026-01-12T19:24:00Z" level=debug msg="Kube-router network policy controller metrics tick"
[95m35  : [0m[90;2m┆ ┆ [0m[90m[2h43m10s] [0m[90m|[0m time="2026-01-12T19:24:03Z" level=debug msg="Kube-router network policy controller metrics tick"
[95m35  : [0m[90;2m┆ ┆ [0m[90m[2h43m13s] [0m[90m|[0m time="2026-01-12T19:24:06Z" level=debug msg="cgroupv2 io stats: skipping over unmappable dbytes=0 entry"
[95m35  : [0m[90;2m┆ ┆ [0m[90m[2h43m13s] [0m[90m|[0m time="2026-01-12T19:24:06Z" level=debug msg="cgroupv2 io stats: skipping over unmappable dios=0 entry"
[95m35  : [0m[90;2m┆ ┆ [0m[90m[2h43m13s] [0m[90m|[0m time="2026-01-12T19:24:06Z" level=debug msg="Kube-router network policy controller metrics tick"
[95m35  : [0m[90;2m┆ ┆ [0m[90m[2h43m15s] [0m[90m|[0m time="2026-01-12T19:24:09Z" level=debug msg="cgroupv2 io stats: skipping over unmappable dbytes=0 entry"
[95m35  : [0m[90;2m┆ ┆ [0m[90m[2h43m15s] [0m[90m|[0m time="2026-01-12T19:24:09Z" level=debug msg="cgroupv2 io stats: skipping over unmappable dios=0 entry"
[95m35  : [0m[90;2m┆ ┆ [0m[90m[2h43m16s] [0m[90m|[0m time="2026-01-12T19:24:09Z" level=debug msg="Kube-router network policy controller metrics tick"
[95m35  : [0m[90;2m┆ ┆ [0m[90m[2h43m19s] [0m[90m|[0m time="2026-01-12T19:24:12Z" level=debug msg="Kube-router network policy controller metrics tick"
[95m35  : [0m[90;2m┆ ┆ [0m[90m[2h43m22s] [0m[90m|[0m time="2026-01-12T19:24:15Z" level=debug msg="Kube-router network policy controller metrics tick"
[95m35  : [0m[90;2m┆ ┆ [0m[90m[2h43m25s] [0m[90m|[0m time="2026-01-12T19:24:18Z" level=debug msg="Kube-router network policy controller metrics tick"
[95m35  : [0m[90;2m┆ ┆ [0m[90m[2h43m25s] [0m[90m|[0m time="2026-01-12T19:24:19Z" level=debug msg="cgroupv2 io stats: skipping over unmappable dbytes=0 entry"
[95m35  : [0m[90;2m┆ ┆ [0m[90m[2h43m25s] [0m[90m|[0m time="2026-01-12T19:24:19Z" level=debug msg="cgroupv2 io stats: skipping over unmappable dios=0 entry"
[95m35  : [0m[90;2m┆ ┆ [0m[90m[2h43m27s] [0m[90m|[0m time="2026-01-12T19:24:21Z" level=debug msg="cgroupv2 io stats: skipping over unmappable dbytes=0 entry"
[95m35  : [0m[90;2m┆ ┆ [0m[90m[2h43m27s] [0m[90m|[0m time="2026-01-12T19:24:21Z" level=debug msg="cgroupv2 io stats: skipping over unmappable dios=0 entry"
[95m35  : [0m[90;2m┆ ┆ [0m[90m[2h43m28s] [0m[90m|[0m time="2026-01-12T19:24:21Z" level=debug msg="Kube-router network policy controller metrics tick"
[95m35  : [0m[90;2m┆ ┆ [0m[90m[2h43m31s] [0m[90m|[0m time="2026-01-12T19:24:24Z" level=debug msg="Kube-router network policy controller metrics tick"
[95m35  : [0m[90;2m┆ ┆ [0m[90m[2h43m34s] [0m[90m|[0m time="2026-01-12T19:24:27Z" level=debug msg="Kube-router network policy controller metrics tick"
[95m35  : [0m[90;2m┆ ┆ [0m[90m[2h43m35s] [0m[90m|[0m time="2026-01-12T19:24:29Z" level=debug msg="cgroupv2 io stats: skipping over unmappable dbytes=0 entry"
[95m35  : [0m[90;2m┆ ┆ [0m[90m[2h43m35s] [0m[90m|[0m time="2026-01-12T19:24:29Z" level=debug msg="cgroupv2 io stats: skipping over unmappable dios=0 entry"
[95m35  : [0m[90;2m┆ ┆ [0m[90m[2h43m37s] [0m[90m|[0m time="2026-01-12T19:24:30Z" level=debug msg="Kube-router network policy controller metrics tick"
[95m35  : [0m[90;2m┆ ┆ [0m[90m[2h43m40s] [0m[90m|[0m time="2026-01-12T19:24:33Z" level=debug msg="Kube-router network policy controller metrics tick"
[95m35  : [0m[90;2m┆ ┆ [0m[90m[2h43m42s] [0m[90m|[0m time="2026-01-12T19:24:36Z" level=debug msg="cgroupv2 io stats: skipping over unmappable dbytes=0 entry"
[95m35  : [0m[90;2m┆ ┆ [0m[90m[2h43m42s] [0m[90m|[0m time="2026-01-12T19:24:36Z" level=debug msg="cgroupv2 io stats: skipping over unmappable dios=0 entry"
[95m35  : [0m[90;2m┆ ┆ [0m[90m[2h43m43s] [0m[90m|[0m time="2026-01-12T19:24:36Z" level=debug msg="Kube-router network policy controller metrics tick"
[95m35  : [0m[90;2m┆ ┆ [0m[90m[2h43m45s] [0m[90m|[0m time="2026-01-12T19:24:39Z" level=debug msg="cgroupv2 io stats: skipping over unmappable dbytes=0 entry"
[95m35  : [0m[90;2m┆ ┆ [0m[90m[2h43m45s] [0m[90m|[0m time="2026-01-12T19:24:39Z" level=debug msg="cgroupv2 io stats: skipping over unmappable dios=0 entry"
[95m35  : [0m[90;2m┆ ┆ [0m[90m[2h43m46s] [0m[90m|[0m time="2026-01-12T19:24:39Z" level=debug msg="Kube-router network policy controller metrics tick"
[95m35  : [0m[90;2m┆ ┆ [0m[90m[2h43m49s] [0m[90m|[0m time="2026-01-12T19:24:42Z" level=debug msg="Kube-router network policy controller metrics tick"
[95m35  : [0m[90;2m┆ ┆ [0m[90m[2h43m52s] [0m[90m|[0m time="2026-01-12T19:24:45Z" level=debug msg="Kube-router network policy controller metrics tick"
[95m35  : [0m[90;2m┆ ┆ [0m[90m[2h43m55s] [0m[90m|[0m time="2026-01-12T19:24:48Z" level=debug msg="Kube-router network policy controller metrics tick"
[95m35  : [0m[90;2m┆ ┆ [0m[90m[2h43m55s] [0m[90m|[0m time="2026-01-12T19:24:49Z" level=debug msg="cgroupv2 io stats: skipping over unmappable dbytes=0 entry"
[95m35  : [0m[90;2m┆ ┆ [0m[90m[2h43m55s] [0m[90m|[0m time="2026-01-12T19:24:49Z" level=debug msg="cgroupv2 io stats: skipping over unmappable dios=0 entry"
[95m35  : [0m[90;2m┆ ┆ [0m[90m[2h43m58s] [0m[90m|[0m time="2026-01-12T19:24:51Z" level=debug msg="Kube-router network policy controller metrics tick"
[95m35  : [0m[90;2m┆ ┆ [0m[90m[2h44m1s] [0m[90m|[0m time="2026-01-12T19:24:54Z" level=debug msg="Kube-router network policy controller metrics tick"
[95m35  : [0m[90;2m┆ ┆ [0m[90m[2h44m2s] [0m[90m|[0m time="2026-01-12T19:24:56Z" level=debug msg="cgroupv2 io stats: skipping over unmappable dbytes=0 entry"
[95m35  : [0m[90;2m┆ ┆ [0m[90m[2h44m2s] [0m[90m|[0m time="2026-01-12T19:24:56Z" level=debug msg="cgroupv2 io stats: skipping over unmappable dios=0 entry"
[95m35  : [0m[90;2m┆ ┆ [0m[90m[2h44m4s] [0m[90m|[0m time="2026-01-12T19:24:57Z" level=debug msg="Kube-router network policy controller metrics tick"
[95m35  : [0m[90;2m┆ ┆ [0m[90m[2h44m5s] [0m[90m|[0m time="2026-01-12T19:24:59Z" level=debug msg="cgroupv2 io stats: skipping over unmappable dbytes=0 entry"
[95m35  : [0m[90;2m┆ ┆ [0m[90m[2h44m5s] [0m[90m|[0m time="2026-01-12T19:24:59Z" level=debug msg="cgroupv2 io stats: skipping over unmappable dios=0 entry"
[95m35  : [0m[90;2m┆ ┆ [0m[90m[2h44m7s] [0m[90m|[0m time="2026-01-12T19:25:00Z" level=debug msg="Kube-router network policy controller metrics tick"
[95m35  : [0m[90;2m┆ ┆ [0m[90m[2h44m10s] [0m[90m|[0m time="2026-01-12T19:25:03Z" level=debug msg="Kube-router network policy controller metrics tick"
[95m35  : [0m[90;2m┆ ┆ [0m[90m[2h44m13s] [0m[90m|[0m time="2026-01-12T19:25:06Z" level=debug msg="Kube-router network policy controller metrics tick"
[95m35  : [0m[90;2m┆ ┆ [0m[90m[2h44m15s] [0m[90m|[0m time="2026-01-12T19:25:09Z" level=debug msg="cgroupv2 io stats: skipping over unmappable dbytes=0 entry"
[95m35  : [0m[90;2m┆ ┆ [0m[90m[2h44m15s] [0m[90m|[0m time="2026-01-12T19:25:09Z" level=debug msg="cgroupv2 io stats: skipping over unmappable dios=0 entry"
[95m35  : [0m[90;2m┆ ┆ [0m[90m[2h44m16s] [0m[90m|[0m time="2026-01-12T19:25:09Z" level=debug msg="Kube-router network policy controller metrics tick"
[95m35  : [0m[90;2m┆ ┆ [0m[90m[2h44m16s] [0m[90m|[0m time="2026-01-12T19:25:10Z" level=debug msg="cgroupv2 io stats: skipping over unmappable dbytes=0 entry"
[95m35  : [0m[90;2m┆ ┆ [0m[90m[2h44m16s] [0m[90m|[0m time="2026-01-12T19:25:10Z" level=debug msg="cgroupv2 io stats: skipping over unmappable dios=0 entry"
[95m35  : [0m[90;2m┆ ┆ [0m[90m[2h44m19s] [0m[90m|[0m time="2026-01-12T19:25:12Z" level=debug msg="Kube-router network policy controller metrics tick"
[95m35  : [0m[90;2m┆ ┆ [0m[90m[2h44m22s] [0m[90m|[0m time="2026-01-12T19:25:15Z" level=debug msg="Kube-router network policy controller metrics tick"
[95m35  : [0m[90;2m┆ ┆ [0m[90m[2h44m25s] [0m[90m|[0m time="2026-01-12T19:25:18Z" level=debug msg="Kube-router network policy controller metrics tick"
[95m35  : [0m[90;2m┆ ┆ [0m[90m[2h44m25s] [0m[90m|[0m time="2026-01-12T19:25:19Z" level=debug msg="cgroupv2 io stats: skipping over unmappable dbytes=0 entry"
[95m35  : [0m[90;2m┆ ┆ [0m[90m[2h44m25s] [0m[90m|[0m time="2026-01-12T19:25:19Z" level=debug msg="cgroupv2 io stats: skipping over unmappable dios=0 entry"
[95m35  : [0m[90;2m┆ ┆ [0m[90m[2h44m28s] [0m[90m|[0m time="2026-01-12T19:25:21Z" level=debug msg="Kube-router network policy controller metrics tick"
[95m35  : [0m[90;2m┆ ┆ [0m[90m[2h44m31s] [0m[90m|[0m time="2026-01-12T19:25:24Z" level=debug msg="Kube-router network policy controller metrics tick"
[95m35  : [0m[90;2m┆ ┆ [0m[90m[2h44m33s] [0m[90m|[0m time="2026-01-12T19:25:27Z" level=debug msg="cgroupv2 io stats: skipping over unmappable dbytes=0 entry"
[95m35  : [0m[90;2m┆ ┆ [0m[90m[2h44m33s] [0m[90m|[0m time="2026-01-12T19:25:27Z" level=debug msg="cgroupv2 io stats: skipping over unmappable dios=0 entry"
[95m35  : [0m[90;2m┆ ┆ [0m[90m[2h44m34s] [0m[90m|[0m time="2026-01-12T19:25:27Z" level=debug msg="Kube-router network policy controller metrics tick"
[95m35  : [0m[90;2m┆ ┆ [0m[90m[2h44m35s] [0m[90m|[0m time="2026-01-12T19:25:29Z" level=debug msg="cgroupv2 io stats: skipping over unmappable dbytes=0 entry"
[95m35  : [0m[90;2m┆ ┆ [0m[90m[2h44m35s] [0m[90m|[0m time="2026-01-12T19:25:29Z" level=debug msg="cgroupv2 io stats: skipping over unmappable dios=0 entry"
[95m35  : [0m[90;2m┆ ┆ [0m[90m[2h44m37s] [0m[90m|[0m time="2026-01-12T19:25:30Z" level=debug msg="Kube-router network policy controller metrics tick"
[95m35  : [0m[90;2m┆ ┆ [0m[90m[2h44m40s] [0m[90m|[0m time="2026-01-12T19:25:33Z" level=debug msg="Kube-router network policy controller metrics tick"
[95m35  : [0m[90;2m┆ ┆ [0m[90m[2h44m43s] [0m[90m|[0m time="2026-01-12T19:25:36Z" level=debug msg="Kube-router network policy controller metrics tick"
[95m35  : [0m[90;2m┆ ┆ [0m[90m[2h44m45s] [0m[90m|[0m time="2026-01-12T19:25:39Z" level=debug msg="cgroupv2 io stats: skipping over unmappable dbytes=0 entry"
[95m35  : [0m[90;2m┆ ┆ [0m[90m[2h44m45s] [0m[90m|[0m time="2026-01-12T19:25:39Z" level=debug msg="cgroupv2 io stats: skipping over unmappable dios=0 entry"
[95m35  : [0m[90;2m┆ ┆ [0m[90m[2h44m46s] [0m[90m|[0m time="2026-01-12T19:25:39Z" level=debug msg="Kube-router network policy controller metrics tick"
[95m35  : [0m[90;2m┆ ┆ [0m[90m[2h44m48s] [0m[90m|[0m time="2026-01-12T19:25:41Z" level=debug msg="cgroupv2 io stats: skipping over unmappable dbytes=0 entry"
[95m35  : [0m[90;2m┆ ┆ [0m[90m[2h44m48s] [0m[90m|[0m time="2026-01-12T19:25:41Z" level=debug msg="cgroupv2 io stats: skipping over unmappable dios=0 entry"
[95m35  : [0m[90;2m┆ ┆ [0m[90m[2h44m49s] [0m[90m|[0m time="2026-01-12T19:25:42Z" level=debug msg="Kube-router network policy controller metrics tick"
[95m35  : [0m[90;2m┆ ┆ [0m[90m[2h44m52s] [0m[90m|[0m time="2026-01-12T19:25:45Z" level=debug msg="Kube-router network policy controller metrics tick"
[95m35  : [0m[90;2m┆ ┆ [0m[90m[2h44m55s] [0m[90m|[0m time="2026-01-12T19:25:48Z" level=debug msg="Kube-router network policy controller metrics tick"
[95m35  : [0m[90;2m┆ ┆ [0m[90m[2h44m55s] [0m[90m|[0m time="2026-01-12T19:25:49Z" level=debug msg="cgroupv2 io stats: skipping over unmappable dbytes=0 entry"
[95m35  : [0m[90;2m┆ ┆ [0m[90m[2h44m55s] [0m[90m|[0m time="2026-01-12T19:25:49Z" level=debug msg="cgroupv2 io stats: skipping over unmappable dios=0 entry"
[95m35  : [0m[90;2m┆ ┆ [0m[90m[2h44m58s] [0m[90m|[0m time="2026-01-12T19:25:51Z" level=debug msg="Kube-router network policy controller metrics tick"
[95m35  : [0m[90;2m┆ ┆ [0m[90m[2h45m1s] [0m[90m|[0m time="2026-01-12T19:25:54Z" level=debug msg="Kube-router network policy controller metrics tick"
[95m35  : [0m[90;2m┆ ┆ [0m[90m[2h45m4s] [0m[90m|[0m time="2026-01-12T19:25:57Z" level=debug msg="cgroupv2 io stats: skipping over unmappable dbytes=0 entry"
[95m35  : [0m[90;2m┆ ┆ [0m[90m[2h45m4s] [0m[90m|[0m time="2026-01-12T19:25:57Z" level=debug msg="cgroupv2 io stats: skipping over unmappable dios=0 entry"
[95m35  : [0m[90;2m┆ ┆ [0m[90m[2h45m4s] [0m[90m|[0m time="2026-01-12T19:25:57Z" level=debug msg="Kube-router network policy controller metrics tick"
[95m35  : [0m[90;2m┆ ┆ [0m[90m[2h45m5s] [0m[90m|[0m time="2026-01-12T19:25:59Z" level=debug msg="cgroupv2 io stats: skipping over unmappable dbytes=0 entry"
[95m35  : [0m[90;2m┆ ┆ [0m[90m[2h45m5s] [0m[90m|[0m time="2026-01-12T19:25:59Z" level=debug msg="cgroupv2 io stats: skipping over unmappable dios=0 entry"
[95m35  : [0m[90;2m┆ ┆ [0m[90m[2h45m7s] [0m[90m|[0m time="2026-01-12T19:26:00Z" level=debug msg="Kube-router network policy controller metrics tick"
[95m35  : [0m[90;2m┆ ┆ [0m[90m[2h45m10s] [0m[90m|[0m time="2026-01-12T19:26:03Z" level=debug msg="Kube-router network policy controller metrics tick"
[95m35  : [0m[90;2m┆ ┆ [0m[90m[2h45m13s] [0m[90m|[0m time="2026-01-12T19:26:06Z" level=debug msg="Kube-router network policy controller metrics tick"
[95m35  : [0m[90;2m┆ ┆ [0m[90m[2h45m15s] [0m[90m|[0m time="2026-01-12T19:26:08Z" level=debug msg="cgroupv2 io stats: skipping over unmappable dbytes=0 entry"
[95m35  : [0m[90;2m┆ ┆ [0m[90m[2h45m15s] [0m[90m|[0m time="2026-01-12T19:26:08Z" level=debug msg="cgroupv2 io stats: skipping over unmappable dios=0 entry"
[95m35  : [0m[90;2m┆ ┆ [0m[90m[2h45m15s] [0m[90m|[0m time="2026-01-12T19:26:09Z" level=debug msg="cgroupv2 io stats: skipping over unmappable dbytes=0 entry"
[95m35  : [0m[90;2m┆ ┆ [0m[90m[2h45m15s] [0m[90m|[0m time="2026-01-12T19:26:09Z" level=debug msg="cgroupv2 io stats: skipping over unmappable dios=0 entry"
[95m35  : [0m[90;2m┆ ┆ [0m[90m[2h45m16s] [0m[90m|[0m time="2026-01-12T19:26:09Z" level=debug msg="Kube-router network policy controller metrics tick"
[95m35  : [0m[90;2m┆ ┆ [0m[90m[2h45m19s] [0m[90m|[0m time="2026-01-12T19:26:12Z" level=debug msg="Kube-router network policy controller metrics tick"
[95m35  : [0m[90;2m┆ ┆ [0m[90m[2h45m22s] [0m[90m|[0m time="2026-01-12T19:26:15Z" level=debug msg="Kube-router network policy controller metrics tick"
[95m35  : [0m[90;2m┆ ┆ [0m[90m[2h45m25s] [0m[90m|[0m time="2026-01-12T19:26:18Z" level=debug msg="Kube-router network policy controller metrics tick"
[95m35  : [0m[90;2m┆ ┆ [0m[90m[2h45m25s] [0m[90m|[0m time="2026-01-12T19:26:19Z" level=debug msg="cgroupv2 io stats: skipping over unmappable dbytes=0 entry"
[95m35  : [0m[90;2m┆ ┆ [0m[90m[2h45m25s] [0m[90m|[0m time="2026-01-12T19:26:19Z" level=debug msg="cgroupv2 io stats: skipping over unmappable dios=0 entry"
[95m35  : [0m[90;2m┆ ┆ [0m[90m[2h45m27s] [0m[90m|[0m time="2026-01-12T19:26:21Z" level=debug msg="cgroupv2 io stats: skipping over unmappable dbytes=0 entry"
[95m35  : [0m[90;2m┆ ┆ [0m[90m[2h45m27s] [0m[90m|[0m time="2026-01-12T19:26:21Z" level=debug msg="cgroupv2 io stats: skipping over unmappable dios=0 entry"
[95m35  : [0m[90;2m┆ ┆ [0m[90m[2h45m28s] [0m[90m|[0m time="2026-01-12T19:26:21Z" level=debug msg="Kube-router network policy controller metrics tick"
[95m35  : [0m[90;2m┆ ┆ [0m[90m[2h45m31s] [0m[90m|[0m time="2026-01-12T19:26:24Z" level=debug msg="Kube-router network policy controller metrics tick"
[95m35  : [0m[90;2m┆ ┆ [0m[90m[2h45m34s] [0m[90m|[0m time="2026-01-12T19:26:27Z" level=debug msg="Kube-router network policy controller metrics tick"
[95m35  : [0m[90;2m┆ ┆ [0m[90m[2h45m35s] [0m[90m|[0m time="2026-01-12T19:26:29Z" level=debug msg="cgroupv2 io stats: skipping over unmappable dbytes=0 entry"
[95m35  : [0m[90;2m┆ ┆ [0m[90m[2h45m35s] [0m[90m|[0m time="2026-01-12T19:26:29Z" level=debug msg="cgroupv2 io stats: skipping over unmappable dios=0 entry"
[95m35  : [0m[90;2m┆ ┆ [0m[90m[2h45m37s] [0m[90m|[0m time="2026-01-12T19:26:30Z" level=debug msg="Kube-router network policy controller metrics tick"
[95m35  : [0m[90;2m┆ ┆ [0m[90m[2h45m40s] [0m[90m|[0m time="2026-01-12T19:26:33Z" level=debug msg="Kube-router network policy controller metrics tick"
[95m35  : [0m[90;2m┆ ┆ [0m[90m[2h45m41s] [0m[90m|[0m time="2026-01-12T19:26:35Z" level=debug msg="cgroupv2 io stats: skipping over unmappable dbytes=0 entry"
[95m35  : [0m[90;2m┆ ┆ [0m[90m[2h45m41s] [0m[90m|[0m time="2026-01-12T19:26:35Z" level=debug msg="cgroupv2 io stats: skipping over unmappable dios=0 entry"
[95m35  : [0m[90;2m┆ ┆ [0m[90m[2h45m43s] [0m[90m|[0m time="2026-01-12T19:26:36Z" level=debug msg="Kube-router network policy controller metrics tick"
[95m35  : [0m[90;2m┆ ┆ [0m[90m[2h45m44s] [0m[90m|[0m I0112 19:26:37.764764      14 cidrallocator.go:277] updated ClusterIP allocator for Service CIDR 10.43.0.0/16
[95m35  : [0m[90;2m┆ ┆ [0m[90m[2h45m44s] [0m[90m|[0m time="2026-01-12T19:26:37Z" level=info msg="COMPACT compactRev=1345 targetCompactRev=1435 currentRev=2435"
[95m35  : [0m[90;2m┆ ┆ [0m[90m[2h45m44s] [0m[90m|[0m time="2026-01-12T19:26:37Z" level=info msg="COMPACT deleted 90 rows from 90 revisions in 3.280312ms - compacted to 1435/2435"
[95m35  : [0m[90;2m┆ ┆ [0m[90m[2h45m44s] [0m[90m|[0m time="2026-01-12T19:26:37Z" level=info msg="COMPACT compacted from 1345 to 1435 in 1 transactions over 4ms"
[95m35  : [0m[90;2m┆ ┆ [0m[90m[2h45m45s] [0m[90m|[0m time="2026-01-12T19:26:39Z" level=debug msg="cgroupv2 io stats: skipping over unmappable dbytes=0 entry"
[95m35  : [0m[90;2m┆ ┆ [0m[90m[2h45m45s] [0m[90m|[0m time="2026-01-12T19:26:39Z" level=debug msg="cgroupv2 io stats: skipping over unmappable dios=0 entry"
[95m35  : [0m[90;2m┆ ┆ [0m[90m[2h45m46s] [0m[90m|[0m time="2026-01-12T19:26:39Z" level=debug msg="Kube-router network policy controller metrics tick"
[95m35  : [0m[90;2m┆ ┆ [0m[90m[2h45m46s] [0m[90m|[0m W0112 19:26:40.450067      14 info.go:53] Couldn't collect info from any of the files in "/etc/machine-id,/var/lib/dbus/machine-id"
[95m35  : [0m[90;2m┆ ┆ [0m[90m[2h45m49s] [0m[90m|[0m time="2026-01-12T19:26:42Z" level=debug msg="Kube-router network policy controller metrics tick"
[95m35  : [0m[90;2m┆ ┆ [0m[90m[2h45m52s] [0m[90m|[0m time="2026-01-12T19:26:45Z" level=debug msg="Kube-router network policy controller metrics tick"
[95m35  : [0m[90;2m┆ ┆ [0m[90m[2h45m55s] [0m[90m|[0m time="2026-01-12T19:26:48Z" level=debug msg="Kube-router network policy controller metrics tick"
[95m35  : [0m[90;2m┆ ┆ [0m[90m[2h45m55s] [0m[90m|[0m time="2026-01-12T19:26:49Z" level=debug msg="cgroupv2 io stats: skipping over unmappable dbytes=0 entry"
[95m35  : [0m[90;2m┆ ┆ [0m[90m[2h45m55s] [0m[90m|[0m time="2026-01-12T19:26:49Z" level=debug msg="cgroupv2 io stats: skipping over unmappable dios=0 entry"
[95m35  : [0m[90;2m┆ ┆ [0m[90m[2h45m58s] [0m[90m|[0m time="2026-01-12T19:26:51Z" level=debug msg="Kube-router network policy controller metrics tick"
[95m35  : [0m[90;2m┆ ┆ [0m[90m[2h46m0s] [0m[90m|[0m time="2026-01-12T19:26:54Z" level=debug msg="cgroupv2 io stats: skipping over unmappable dbytes=0 entry"
[95m35  : [0m[90;2m┆ ┆ [0m[90m[2h46m0s] [0m[90m|[0m time="2026-01-12T19:26:54Z" level=debug msg="cgroupv2 io stats: skipping over unmappable dios=0 entry"
[95m35  : [0m[90;2m┆ ┆ [0m[90m[2h46m1s] [0m[90m|[0m time="2026-01-12T19:26:54Z" level=debug msg="Kube-router network policy controller metrics tick"
[95m35  : [0m[90;2m┆ ┆ [0m[90m[2h46m4s] [0m[90m|[0m time="2026-01-12T19:26:57Z" level=debug msg="Kube-router network policy controller metrics tick"
[95m35  : [0m[90;2m┆ ┆ [0m[90m[2h46m5s] [0m[90m|[0m time="2026-01-12T19:26:59Z" level=debug msg="cgroupv2 io stats: skipping over unmappable dbytes=0 entry"
[95m35  : [0m[90;2m┆ ┆ [0m[90m[2h46m5s] [0m[90m|[0m time="2026-01-12T19:26:59Z" level=debug msg="cgroupv2 io stats: skipping over unmappable dios=0 entry"
[95m35  : [0m[90;2m┆ ┆ [0m[90m[2h46m7s] [0m[90m|[0m time="2026-01-12T19:27:00Z" level=debug msg="Kube-router network policy controller metrics tick"
[95m35  : [0m[90;2m┆ ┆ [0m[90m[2h46m10s] [0m[90m|[0m time="2026-01-12T19:27:03Z" level=debug msg="Kube-router network policy controller metrics tick"
[95m35  : [0m[90;2m┆ ┆ [0m[90m[2h46m13s] [0m[90m|[0m time="2026-01-12T19:27:06Z" level=debug msg="Kube-router network policy controller metrics tick"
[95m35  : [0m[90;2m┆ ┆ [0m[90m[2h46m15s] [0m[90m|[0m time="2026-01-12T19:27:09Z" level=debug msg="cgroupv2 io stats: skipping over unmappable dbytes=0 entry"
[95m35  : [0m[90;2m┆ ┆ [0m[90m[2h46m15s] [0m[90m|[0m time="2026-01-12T19:27:09Z" level=debug msg="cgroupv2 io stats: skipping over unmappable dios=0 entry"
[95m35  : [0m[90;2m┆ ┆ [0m[90m[2h46m15s] [0m[90m|[0m time="2026-01-12T19:27:09Z" level=debug msg="cgroupv2 io stats: skipping over unmappable dbytes=0 entry"
[95m35  : [0m[90;2m┆ ┆ [0m[90m[2h46m15s] [0m[90m|[0m time="2026-01-12T19:27:09Z" level=debug msg="cgroupv2 io stats: skipping over unmappable dios=0 entry"
[95m35  : [0m[90;2m┆ ┆ [0m[90m[2h46m16s] [0m[90m|[0m time="2026-01-12T19:27:09Z" level=debug msg="Kube-router network policy controller metrics tick"
[95m35  : [0m[90;2m┆ ┆ [0m[90m[2h46m19s] [0m[90m|[0m time="2026-01-12T19:27:12Z" level=debug msg="Kube-router network policy controller metrics tick"
[95m35  : [0m[90;2m┆ ┆ [0m[90m[2h46m22s] [0m[90m|[0m time="2026-01-12T19:27:15Z" level=debug msg="Kube-router network policy controller metrics tick"
[95m35  : [0m[90;2m┆ ┆ [0m[90m[2h46m25s] [0m[90m|[0m time="2026-01-12T19:27:18Z" level=debug msg="Kube-router network policy controller metrics tick"
[95m35  : [0m[90;2m┆ ┆ [0m[90m[2h46m25s] [0m[90m|[0m time="2026-01-12T19:27:19Z" level=debug msg="cgroupv2 io stats: skipping over unmappable dbytes=0 entry"
[95m35  : [0m[90;2m┆ ┆ [0m[90m[2h46m25s] [0m[90m|[0m time="2026-01-12T19:27:19Z" level=debug msg="cgroupv2 io stats: skipping over unmappable dios=0 entry"
[95m35  : [0m[90;2m┆ ┆ [0m[90m[2h46m28s] [0m[90m|[0m time="2026-01-12T19:27:21Z" level=debug msg="Kube-router network policy controller metrics tick"
[95m35  : [0m[90;2m┆ ┆ [0m[90m[2h46m28s] [0m[90m|[0m time="2026-01-12T19:27:22Z" level=debug msg="cgroupv2 io stats: skipping over unmappable dbytes=0 entry"
[95m35  : [0m[90;2m┆ ┆ [0m[90m[2h46m28s] [0m[90m|[0m time="2026-01-12T19:27:22Z" level=debug msg="cgroupv2 io stats: skipping over unmappable dios=0 entry"
[95m35  : [0m[90;2m┆ ┆ [0m[90m[2h46m31s] [0m[90m|[0m time="2026-01-12T19:27:24Z" level=debug msg="Kube-router network policy controller metrics tick"
[95m35  : [0m[90;2m┆ ┆ [0m[90m[2h46m34s] [0m[90m|[0m time="2026-01-12T19:27:27Z" level=debug msg="Kube-router network policy controller metrics tick"
[95m35  : [0m[90;2m┆ ┆ [0m[90m[2h46m35s] [0m[90m|[0m time="2026-01-12T19:27:29Z" level=debug msg="cgroupv2 io stats: skipping over unmappable dbytes=0 entry"
[95m35  : [0m[90;2m┆ ┆ [0m[90m[2h46m35s] [0m[90m|[0m time="2026-01-12T19:27:29Z" level=debug msg="cgroupv2 io stats: skipping over unmappable dios=0 entry"
[95m35  : [0m[90;2m┆ ┆ [0m[90m[2h46m37s] [0m[90m|[0m time="2026-01-12T19:27:30Z" level=debug msg="Kube-router network policy controller metrics tick"
[95m35  : [0m[90;2m┆ ┆ [0m[90m[2h46m40s] [0m[90m|[0m time="2026-01-12T19:27:33Z" level=debug msg="Kube-router network policy controller metrics tick"
[95m35  : [0m[90;2m┆ ┆ [0m[90m[2h46m43s] [0m[90m|[0m time="2026-01-12T19:27:36Z" level=debug msg="Kube-router network policy controller metrics tick"
[95m35  : [0m[90;2m┆ ┆ [0m[90m[2h46m45s] [0m[90m|[0m time="2026-01-12T19:27:39Z" level=debug msg="cgroupv2 io stats: skipping over unmappable dbytes=0 entry"
[95m35  : [0m[90;2m┆ ┆ [0m[90m[2h46m45s] [0m[90m|[0m time="2026-01-12T19:27:39Z" level=debug msg="cgroupv2 io stats: skipping over unmappable dios=0 entry"
[95m35  : [0m[90;2m┆ ┆ [0m[90m[2h46m45s] [0m[90m|[0m time="2026-01-12T19:27:39Z" level=debug msg="cgroupv2 io stats: skipping over unmappable dbytes=0 entry"
[95m35  : [0m[90;2m┆ ┆ [0m[90m[2h46m45s] [0m[90m|[0m time="2026-01-12T19:27:39Z" level=debug msg="cgroupv2 io stats: skipping over unmappable dios=0 entry"
[95m35  : [0m[90;2m┆ ┆ [0m[90m[2h46m46s] [0m[90m|[0m time="2026-01-12T19:27:39Z" level=debug msg="Kube-router network policy controller metrics tick"
[95m35  : [0m[90;2m┆ ┆ [0m[90m[2h46m49s] [0m[90m|[0m time="2026-01-12T19:27:42Z" level=debug msg="Kube-router network policy controller metrics tick"
[95m35  : [0m[90;2m┆ ┆ [0m[90m[2h46m52s] [0m[90m|[0m time="2026-01-12T19:27:45Z" level=debug msg="Kube-router network policy controller metrics tick"
[95m35  : [0m[90;2m┆ ┆ [0m[90m[2h46m55s] [0m[90m|[0m time="2026-01-12T19:27:48Z" level=debug msg="Kube-router network policy controller metrics tick"
[95m35  : [0m[90;2m┆ ┆ [0m[90m[2h46m55s] [0m[90m|[0m time="2026-01-12T19:27:49Z" level=debug msg="cgroupv2 io stats: skipping over unmappable dbytes=0 entry"
[95m35  : [0m[90;2m┆ ┆ [0m[90m[2h46m55s] [0m[90m|[0m time="2026-01-12T19:27:49Z" level=debug msg="cgroupv2 io stats: skipping over unmappable dios=0 entry"
[95m35  : [0m[90;2m┆ ┆ [0m[90m[2h46m56s] [0m[90m|[0m time="2026-01-12T19:27:50Z" level=debug msg="cgroupv2 io stats: skipping over unmappable dbytes=0 entry"
[95m35  : [0m[90;2m┆ ┆ [0m[90m[2h46m56s] [0m[90m|[0m time="2026-01-12T19:27:50Z" level=debug msg="cgroupv2 io stats: skipping over unmappable dios=0 entry"
[95m35  : [0m[90;2m┆ ┆ [0m[90m[2h46m58s] [0m[90m|[0m time="2026-01-12T19:27:51Z" level=debug msg="Kube-router network policy controller metrics tick"
[95m35  : [0m[90;2m┆ ┆ [0m[90m[2h47m1s] [0m[90m|[0m time="2026-01-12T19:27:54Z" level=debug msg="Kube-router network policy controller metrics tick"
[95m35  : [0m[90;2m┆ ┆ [0m[90m[2h47m4s] [0m[90m|[0m time="2026-01-12T19:27:57Z" level=debug msg="Kube-router network policy controller metrics tick"
[95m35  : [0m[90;2m┆ ┆ [0m[90m[2h47m5s] [0m[90m|[0m time="2026-01-12T19:27:59Z" level=debug msg="cgroupv2 io stats: skipping over unmappable dbytes=0 entry"
[95m35  : [0m[90;2m┆ ┆ [0m[90m[2h47m5s] [0m[90m|[0m time="2026-01-12T19:27:59Z" level=debug msg="cgroupv2 io stats: skipping over unmappable dios=0 entry"
[95m35  : [0m[90;2m┆ ┆ [0m[90m[2h47m7s] [0m[90m|[0m time="2026-01-12T19:28:00Z" level=debug msg="Kube-router network policy controller metrics tick"
[95m35  : [0m[90;2m┆ ┆ [0m[90m[2h47m10s] [0m[90m|[0m time="2026-01-12T19:28:03Z" level=debug msg="Kube-router network policy controller metrics tick"
[95m35  : [0m[90;2m┆ ┆ [0m[90m[2h47m13s] [0m[90m|[0m time="2026-01-12T19:28:06Z" level=debug msg="Kube-router network policy controller metrics tick"
[95m35  : [0m[90;2m┆ ┆ [0m[90m[2h47m13s] [0m[90m|[0m time="2026-01-12T19:28:07Z" level=debug msg="cgroupv2 io stats: skipping over unmappable dbytes=0 entry"
[95m35  : [0m[90;2m┆ ┆ [0m[90m[2h47m13s] [0m[90m|[0m time="2026-01-12T19:28:07Z" level=debug msg="cgroupv2 io stats: skipping over unmappable dios=0 entry"
[95m35  : [0m[90;2m┆ ┆ [0m[90m[2h47m15s] [0m[90m|[0m time="2026-01-12T19:28:09Z" level=debug msg="cgroupv2 io stats: skipping over unmappable dbytes=0 entry"
[95m35  : [0m[90;2m┆ ┆ [0m[90m[2h47m15s] [0m[90m|[0m time="2026-01-12T19:28:09Z" level=debug msg="cgroupv2 io stats: skipping over unmappable dios=0 entry"
[95m35  : [0m[90;2m┆ ┆ [0m[90m[2h47m16s] [0m[90m|[0m time="2026-01-12T19:28:09Z" level=debug msg="Kube-router network policy controller metrics tick"
[95m35  : [0m[90;2m┆ ┆ [0m[90m[2h47m19s] [0m[90m|[0m time="2026-01-12T19:28:12Z" level=debug msg="Kube-router network policy controller metrics tick"
[95m35  : [0m[90;2m┆ ┆ [0m[90m[2h47m22s] [0m[90m|[0m time="2026-01-12T19:28:15Z" level=debug msg="Kube-router network policy controller metrics tick"
[95m35  : [0m[90;2m┆ ┆ [0m[90m[2h47m25s] [0m[90m|[0m time="2026-01-12T19:28:18Z" level=debug msg="Kube-router network policy controller metrics tick"
[95m35  : [0m[90;2m┆ ┆ [0m[90m[2h47m26s] [0m[90m|[0m time="2026-01-12T19:28:19Z" level=debug msg="cgroupv2 io stats: skipping over unmappable dbytes=0 entry"
[95m35  : [0m[90;2m┆ ┆ [0m[90m[2h47m26s] [0m[90m|[0m time="2026-01-12T19:28:19Z" level=debug msg="cgroupv2 io stats: skipping over unmappable dios=0 entry"
[95m35  : [0m[90;2m┆ ┆ [0m[90m[2h47m28s] [0m[90m|[0m time="2026-01-12T19:28:21Z" level=debug msg="Kube-router network policy controller metrics tick"
[95m35  : [0m[90;2m┆ ┆ [0m[90m[2h47m30s] [0m[90m|[0m time="2026-01-12T19:28:23Z" level=debug msg="cgroupv2 io stats: skipping over unmappable dbytes=0 entry"
[95m35  : [0m[90;2m┆ ┆ [0m[90m[2h47m30s] [0m[90m|[0m time="2026-01-12T19:28:23Z" level=debug msg="cgroupv2 io stats: skipping over unmappable dios=0 entry"
[95m35  : [0m[90;2m┆ ┆ [0m[90m[2h47m31s] [0m[90m|[0m time="2026-01-12T19:28:24Z" level=debug msg="Kube-router network policy controller metrics tick"
[95m35  : [0m[90;2m┆ ┆ [0m[90m[2h47m34s] [0m[90m|[0m time="2026-01-12T19:28:27Z" level=debug msg="Kube-router network policy controller metrics tick"
[95m35  : [0m[90;2m┆ ┆ [0m[90m[2h47m36s] [0m[90m|[0m time="2026-01-12T19:28:29Z" level=debug msg="cgroupv2 io stats: skipping over unmappable dbytes=0 entry"
[95m35  : [0m[90;2m┆ ┆ [0m[90m[2h47m36s] [0m[90m|[0m time="2026-01-12T19:28:29Z" level=debug msg="cgroupv2 io stats: skipping over unmappable dios=0 entry"
[95m35  : [0m[90;2m┆ ┆ [0m[90m[2h47m37s] [0m[90m|[0m time="2026-01-12T19:28:30Z" level=debug msg="Kube-router network policy controller metrics tick"
[95m35  : [0m[90;2m┆ ┆ [0m[90m[2h47m40s] [0m[90m|[0m time="2026-01-12T19:28:33Z" level=debug msg="Kube-router network policy controller metrics tick"
[95m35  : [0m[90;2m┆ ┆ [0m[90m[2h47m42s] [0m[90m|[0m time="2026-01-12T19:28:35Z" level=debug msg="cgroupv2 io stats: skipping over unmappable dbytes=0 entry"
[95m35  : [0m[90;2m┆ ┆ [0m[90m[2h47m42s] [0m[90m|[0m time="2026-01-12T19:28:35Z" level=debug msg="cgroupv2 io stats: skipping over unmappable dios=0 entry"
[95m35  : [0m[90;2m┆ ┆ [0m[90m[2h47m43s] [0m[90m|[0m time="2026-01-12T19:28:36Z" level=debug msg="Kube-router network policy controller metrics tick"
[95m35  : [0m[90;2m┆ ┆ [0m[90m[2h47m46s] [0m[90m|[0m time="2026-01-12T19:28:39Z" level=debug msg="cgroupv2 io stats: skipping over unmappable dbytes=0 entry"
[95m35  : [0m[90;2m┆ ┆ [0m[90m[2h47m46s] [0m[90m|[0m time="2026-01-12T19:28:39Z" level=debug msg="cgroupv2 io stats: skipping over unmappable dios=0 entry"
[95m35  : [0m[90;2m┆ ┆ [0m[90m[2h47m46s] [0m[90m|[0m time="2026-01-12T19:28:39Z" level=debug msg="Kube-router network policy controller metrics tick"
[95m35  : [0m[90;2m┆ ┆ [0m[90m[2h47m49s] [0m[90m|[0m time="2026-01-12T19:28:42Z" level=debug msg="Kube-router network policy controller metrics tick"
[95m35  : [0m[90;2m┆ ┆ [0m[90m[2h47m52s] [0m[90m|[0m time="2026-01-12T19:28:45Z" level=debug msg="Kube-router network policy controller metrics tick"
[95m35  : [0m[90;2m┆ ┆ [0m[90m[2h47m55s] [0m[90m|[0m time="2026-01-12T19:28:48Z" level=debug msg="Kube-router network policy controller metrics tick"
[95m35  : [0m[90;2m┆ ┆ [0m[90m[2h47m56s] [0m[90m|[0m time="2026-01-12T19:28:49Z" level=debug msg="cgroupv2 io stats: skipping over unmappable dbytes=0 entry"
[95m35  : [0m[90;2m┆ ┆ [0m[90m[2h47m56s] [0m[90m|[0m time="2026-01-12T19:28:49Z" level=debug msg="cgroupv2 io stats: skipping over unmappable dios=0 entry"
[95m35  : [0m[90;2m┆ ┆ [0m[90m[2h47m58s] [0m[90m|[0m time="2026-01-12T19:28:51Z" level=debug msg="Kube-router network policy controller metrics tick"
[95m35  : [0m[90;2m┆ ┆ [0m[90m[2h47m60s] [0m[90m|[0m time="2026-01-12T19:28:53Z" level=debug msg="cgroupv2 io stats: skipping over unmappable dbytes=0 entry"
[95m35  : [0m[90;2m┆ ┆ [0m[90m[2h47m60s] [0m[90m|[0m time="2026-01-12T19:28:53Z" level=debug msg="cgroupv2 io stats: skipping over unmappable dios=0 entry"
[95m35  : [0m[90;2m┆ ┆ [0m[90m[2h48m1s] [0m[90m|[0m time="2026-01-12T19:28:54Z" level=debug msg="Kube-router network policy controller metrics tick"
[95m35  : [0m[90;2m┆ ┆ [0m[90m[2h48m4s] [0m[90m|[0m time="2026-01-12T19:28:57Z" level=debug msg="Kube-router network policy controller metrics tick"
[95m35  : [0m[90;2m┆ ┆ [0m[90m[2h48m6s] [0m[90m|[0m time="2026-01-12T19:28:59Z" level=debug msg="cgroupv2 io stats: skipping over unmappable dbytes=0 entry"
[95m35  : [0m[90;2m┆ ┆ [0m[90m[2h48m6s] [0m[90m|[0m time="2026-01-12T19:28:59Z" level=debug msg="cgroupv2 io stats: skipping over unmappable dios=0 entry"
[95m35  : [0m[90;2m┆ ┆ [0m[90m[2h48m7s] [0m[90m|[0m time="2026-01-12T19:29:00Z" level=debug msg="Kube-router network policy controller metrics tick"
[95m35  : [0m[90;2m┆ ┆ [0m[90m[2h48m10s] [0m[90m|[0m time="2026-01-12T19:29:03Z" level=debug msg="Kube-router network policy controller metrics tick"
[95m35  : [0m[90;2m┆ ┆ [0m[90m[2h48m13s] [0m[90m|[0m time="2026-01-12T19:29:06Z" level=debug msg="Kube-router network policy controller metrics tick"
[95m35  : [0m[90;2m┆ ┆ [0m[90m[2h48m13s] [0m[90m|[0m time="2026-01-12T19:29:07Z" level=debug msg="cgroupv2 io stats: skipping over unmappable dbytes=0 entry"
[95m35  : [0m[90;2m┆ ┆ [0m[90m[2h48m13s] [0m[90m|[0m time="2026-01-12T19:29:07Z" level=debug msg="cgroupv2 io stats: skipping over unmappable dios=0 entry"
[95m35  : [0m[90;2m┆ ┆ [0m[90m[2h48m16s] [0m[90m|[0m time="2026-01-12T19:29:09Z" level=debug msg="cgroupv2 io stats: skipping over unmappable dbytes=0 entry"
[95m35  : [0m[90;2m┆ ┆ [0m[90m[2h48m16s] [0m[90m|[0m time="2026-01-12T19:29:09Z" level=debug msg="cgroupv2 io stats: skipping over unmappable dios=0 entry"
[95m35  : [0m[90;2m┆ ┆ [0m[90m[2h48m16s] [0m[90m|[0m time="2026-01-12T19:29:09Z" level=debug msg="Kube-router network policy controller metrics tick"
[95m35  : [0m[90;2m┆ ┆ [0m[90m[2h48m19s] [0m[90m|[0m time="2026-01-12T19:29:12Z" level=debug msg="Kube-router network policy controller metrics tick"
[95m35  : [0m[90;2m┆ ┆ [0m[90m[2h48m22s] [0m[90m|[0m time="2026-01-12T19:29:15Z" level=debug msg="Kube-router network policy controller metrics tick"
[95m35  : [0m[90;2m┆ ┆ [0m[90m[2h48m25s] [0m[90m|[0m time="2026-01-12T19:29:18Z" level=debug msg="Kube-router network policy controller metrics tick"
[95m35  : [0m[90;2m┆ ┆ [0m[90m[2h48m26s] [0m[90m|[0m time="2026-01-12T19:29:19Z" level=debug msg="cgroupv2 io stats: skipping over unmappable dbytes=0 entry"
[95m35  : [0m[90;2m┆ ┆ [0m[90m[2h48m26s] [0m[90m|[0m time="2026-01-12T19:29:19Z" level=debug msg="cgroupv2 io stats: skipping over unmappable dios=0 entry"
[95m35  : [0m[90;2m┆ ┆ [0m[90m[2h48m28s] [0m[90m|[0m time="2026-01-12T19:29:21Z" level=debug msg="Kube-router network policy controller metrics tick"
[95m35  : [0m[90;2m┆ ┆ [0m[90m[2h48m31s] [0m[90m|[0m time="2026-01-12T19:29:24Z" level=debug msg="Kube-router network policy controller metrics tick"
[95m35  : [0m[90;2m┆ ┆ [0m[90m[2h48m33s] [0m[90m|[0m time="2026-01-12T19:29:26Z" level=debug msg="cgroupv2 io stats: skipping over unmappable dbytes=0 entry"
[95m35  : [0m[90;2m┆ ┆ [0m[90m[2h48m33s] [0m[90m|[0m time="2026-01-12T19:29:26Z" level=debug msg="cgroupv2 io stats: skipping over unmappable dios=0 entry"
[95m35  : [0m[90;2m┆ ┆ [0m[90m[2h48m34s] [0m[90m|[0m time="2026-01-12T19:29:27Z" level=debug msg="Kube-router network policy controller metrics tick"
[95m35  : [0m[90;2m┆ ┆ [0m[90m[2h48m36s] [0m[90m|[0m time="2026-01-12T19:29:29Z" level=debug msg="cgroupv2 io stats: skipping over unmappable dbytes=0 entry"
[95m35  : [0m[90;2m┆ ┆ [0m[90m[2h48m36s] [0m[90m|[0m time="2026-01-12T19:29:29Z" level=debug msg="cgroupv2 io stats: skipping over unmappable dios=0 entry"
[95m35  : [0m[90;2m┆ ┆ [0m[90m[2h48m37s] [0m[90m|[0m time="2026-01-12T19:29:30Z" level=debug msg="Kube-router network policy controller metrics tick"
[95m35  : [0m[90;2m┆ ┆ [0m[90m[2h48m40s] [0m[90m|[0m time="2026-01-12T19:29:33Z" level=debug msg="Kube-router network policy controller metrics tick"
[95m35  : [0m[90;2m┆ ┆ [0m[90m[2h48m43s] [0m[90m|[0m time="2026-01-12T19:29:36Z" level=debug msg="Kube-router network policy controller metrics tick"
[95m35  : [0m[90;2m┆ ┆ [0m[90m[2h48m46s] [0m[90m|[0m time="2026-01-12T19:29:39Z" level=debug msg="cgroupv2 io stats: skipping over unmappable dbytes=0 entry"
[95m35  : [0m[90;2m┆ ┆ [0m[90m[2h48m46s] [0m[90m|[0m time="2026-01-12T19:29:39Z" level=debug msg="cgroupv2 io stats: skipping over unmappable dios=0 entry"
[95m35  : [0m[90;2m┆ ┆ [0m[90m[2h48m46s] [0m[90m|[0m time="2026-01-12T19:29:39Z" level=debug msg="Kube-router network policy controller metrics tick"
[95m35  : [0m[90;2m┆ ┆ [0m[90m[2h48m49s] [0m[90m|[0m time="2026-01-12T19:29:42Z" level=debug msg="Kube-router network policy controller metrics tick"
[95m35  : [0m[90;2m┆ ┆ [0m[90m[2h48m52s] [0m[90m|[0m time="2026-01-12T19:29:45Z" level=debug msg="cgroupv2 io stats: skipping over unmappable dbytes=0 entry"
[95m35  : [0m[90;2m┆ ┆ [0m[90m[2h48m52s] [0m[90m|[0m time="2026-01-12T19:29:45Z" level=debug msg="cgroupv2 io stats: skipping over unmappable dios=0 entry"
[95m35  : [0m[90;2m┆ ┆ [0m[90m[2h48m52s] [0m[90m|[0m time="2026-01-12T19:29:45Z" level=debug msg="Kube-router network policy controller metrics tick"
[95m35  : [0m[90;2m┆ ┆ [0m[90m[2h48m55s] [0m[90m|[0m time="2026-01-12T19:29:48Z" level=debug msg="Kube-router network policy controller metrics tick"
[95m35  : [0m[90;2m┆ ┆ [0m[90m[2h48m56s] [0m[90m|[0m time="2026-01-12T19:29:49Z" level=debug msg="cgroupv2 io stats: skipping over unmappable dbytes=0 entry"
[95m35  : [0m[90;2m┆ ┆ [0m[90m[2h48m56s] [0m[90m|[0m time="2026-01-12T19:29:49Z" level=debug msg="cgroupv2 io stats: skipping over unmappable dios=0 entry"
[95m35  : [0m[90;2m┆ ┆ [0m[90m[2h48m58s] [0m[90m|[0m time="2026-01-12T19:29:51Z" level=debug msg="Kube-router network policy controller metrics tick"
[95m35  : [0m[90;2m┆ ┆ [0m[90m[3h5m51s] [0m[90m|[0m time="2026-01-12T19:46:45Z" level=debug msg="Kube-router network policy controller metrics tick"
[95m35  : [0m[90;2m┆ ┆ [0m[90m[3h5m53s] [0m[90m|[0m time="2026-01-12T19:46:47Z" level=debug msg="cgroupv2 io stats: skipping over unmappable dbytes=0 entry"
[95m35  : [0m[90;2m┆ ┆ [0m[90m[3h5m53s] [0m[90m|[0m time="2026-01-12T19:46:47Z" level=debug msg="cgroupv2 io stats: skipping over unmappable dios=0 entry"
[95m35  : [0m[90;2m┆ ┆ [0m[90m[3h5m54s] [0m[90m|[0m time="2026-01-12T19:46:48Z" level=debug msg="Kube-router network policy controller metrics tick"
[95m35  : [0m[90;2m┆ ┆ [0m[90m[3h5m56s] [0m[90m|[0m time="2026-01-12T19:46:49Z" level=debug msg="cgroupv2 io stats: skipping over unmappable dbytes=0 entry"
[95m35  : [0m[90;2m┆ ┆ [0m[90m[3h5m56s] [0m[90m|[0m time="2026-01-12T19:46:49Z" level=debug msg="cgroupv2 io stats: skipping over unmappable dios=0 entry"
[95m35  : [0m[90;2m┆ ┆ [0m[90m[3h5m57s] [0m[90m|[0m time="2026-01-12T19:46:51Z" level=debug msg="Kube-router network policy controller metrics tick"
[95m35  : [0m[90;2m┆ ┆ [0m[90m[3h6m0s] [0m[90m|[0m time="2026-01-12T19:46:54Z" level=debug msg="Kube-router network policy controller metrics tick"
[95m35  : [0m[90;2m┆ ┆ [0m[90m[3h6m3s] [0m[90m|[0m time="2026-01-12T19:46:57Z" level=debug msg="Kube-router network policy controller metrics tick"
[95m35  : [0m[90;2m┆ ┆ [0m[90m[3h6m6s] [0m[90m|[0m time="2026-01-12T19:46:59Z" level=debug msg="cgroupv2 io stats: skipping over unmappable dbytes=0 entry"
[95m35  : [0m[90;2m┆ ┆ [0m[90m[3h6m6s] [0m[90m|[0m time="2026-01-12T19:46:59Z" level=debug msg="cgroupv2 io stats: skipping over unmappable dios=0 entry"
[95m35  : [0m[90;2m┆ ┆ [0m[90m[3h6m6s] [0m[90m|[0m time="2026-01-12T19:47:00Z" level=debug msg="Kube-router network policy controller metrics tick"
[95m35  : [0m[90;2m┆ ┆ [0m[90m[3h6m9s] [0m[90m|[0m time="2026-01-12T19:47:03Z" level=debug msg="Kube-router network policy controller metrics tick"
[95m35  : [0m[90;2m┆ ┆ [0m[90m[3h6m10s] [0m[90m|[0m time="2026-01-12T19:47:04Z" level=debug msg="cgroupv2 io stats: skipping over unmappable dbytes=0 entry"
[95m35  : [0m[90;2m┆ ┆ [0m[90m[3h6m10s] [0m[90m|[0m time="2026-01-12T19:47:04Z" level=debug msg="cgroupv2 io stats: skipping over unmappable dios=0 entry"
[95m35  : [0m[90;2m┆ ┆ [0m[90m[3h6m12s] [0m[90m|[0m time="2026-01-12T19:47:06Z" level=debug msg="Kube-router network policy controller metrics tick"
[95m35  : [0m[90;2m┆ ┆ [0m[90m[3h6m15s] [0m[90m|[0m time="2026-01-12T19:47:09Z" level=debug msg="Kube-router network policy controller metrics tick"
[95m35  : [0m[90;2m┆ ┆ [0m[90m[3h6m16s] [0m[90m|[0m time="2026-01-12T19:47:09Z" level=debug msg="cgroupv2 io stats: skipping over unmappable dbytes=0 entry"
[95m35  : [0m[90;2m┆ ┆ [0m[90m[3h6m16s] [0m[90m|[0m time="2026-01-12T19:47:09Z" level=debug msg="cgroupv2 io stats: skipping over unmappable dios=0 entry"
[95m35  : [0m[90;2m┆ ┆ [0m[90m[3h6m18s] [0m[90m|[0m time="2026-01-12T19:47:12Z" level=debug msg="Kube-router network policy controller metrics tick"
[95m35  : [0m[90;2m┆ ┆ [0m[90m[3h6m21s] [0m[90m|[0m time="2026-01-12T19:47:15Z" level=debug msg="Kube-router network policy controller metrics tick"
[95m35  : [0m[90;2m┆ ┆ [0m[90m[3h6m21s] [0m[90m|[0m time="2026-01-12T19:47:15Z" level=debug msg="cgroupv2 io stats: skipping over unmappable dbytes=0 entry"
[95m35  : [0m[90;2m┆ ┆ [0m[90m[3h6m21s] [0m[90m|[0m time="2026-01-12T19:47:15Z" level=debug msg="cgroupv2 io stats: skipping over unmappable dios=0 entry"
[95m35  : [0m[90;2m┆ ┆ [0m[90m[3h6m24s] [0m[90m|[0m time="2026-01-12T19:47:18Z" level=debug msg="Kube-router network policy controller metrics tick"
[95m35  : [0m[90;2m┆ ┆ [0m[90m[3h6m26s] [0m[90m|[0m time="2026-01-12T19:47:19Z" level=debug msg="cgroupv2 io stats: skipping over unmappable dbytes=0 entry"
[95m35  : [0m[90;2m┆ ┆ [0m[90m[3h6m26s] [0m[90m|[0m time="2026-01-12T19:47:19Z" level=debug msg="cgroupv2 io stats: skipping over unmappable dios=0 entry"
[95m35  : [0m[90;2m┆ ┆ [0m[90m[3h6m27s] [0m[90m|[0m time="2026-01-12T19:47:21Z" level=debug msg="Kube-router network policy controller metrics tick"
[95m35  : [0m[90;2m┆ ┆ [0m[90m[3h6m30s] [0m[90m|[0m time="2026-01-12T19:47:24Z" level=debug msg="Kube-router network policy controller metrics tick"
[95m35  : [0m[90;2m┆ ┆ [0m[90m[3h6m33s] [0m[90m|[0m time="2026-01-12T19:47:27Z" level=debug msg="Kube-router network policy controller metrics tick"
[95m35  : [0m[90;2m┆ ┆ [0m[90m[3h6m36s] [0m[90m|[0m time="2026-01-12T19:47:29Z" level=debug msg="cgroupv2 io stats: skipping over unmappable dbytes=0 entry"
[95m35  : [0m[90;2m┆ ┆ [0m[90m[3h6m36s] [0m[90m|[0m time="2026-01-12T19:47:29Z" level=debug msg="cgroupv2 io stats: skipping over unmappable dios=0 entry"
[95m35  : [0m[90;2m┆ ┆ [0m[90m[3h6m36s] [0m[90m|[0m time="2026-01-12T19:47:30Z" level=debug msg="Kube-router network policy controller metrics tick"
[95m35  : [0m[90;2m┆ ┆ [0m[90m[3h6m39s] [0m[90m|[0m time="2026-01-12T19:47:33Z" level=debug msg="Kube-router network policy controller metrics tick"
[95m35  : [0m[90;2m┆ ┆ [0m[90m[3h10m1s] [0m[90m|[0m time="2026-01-12T19:50:54Z" level=debug msg="cgroupv2 io stats: skipping over unmappable dbytes=0 entry"
[95m35  : [0m[90;2m┆ ┆ [0m[90m[3h10m1s] [0m[90m|[0m time="2026-01-12T19:50:54Z" level=debug msg="cgroupv2 io stats: skipping over unmappable dios=0 entry"
[95m35  : [0m[90;2m┆ ┆ [0m[90m[3h10m2s] [0m[90m|[0m time="2026-01-12T19:50:56Z" level=debug msg="Kube-router network policy controller metrics tick"
[95m35  : [0m[90;2m┆ ┆ [0m[90m[3h10m5s] [0m[90m|[0m time="2026-01-12T19:50:59Z" level=debug msg="Kube-router network policy controller metrics tick"
[95m55  : [0m[90;2m┆ ┆ [0mexec entrypoint.sh sh -c k3s server --debug --bind-address $(ip route | grep src | awk '{print $NF}') --disable traefik --disable metrics-server --egress-selector-mode=disabled[32m DONE[0m[90m [1h54m16s][0m
[95m53  : [0m[90;2m┆ [0mContainer.[1masService[0m([36margs: [0m[[33m"nginx"[0m, [33m"-g"[0m, [33m"daemon off;"[0m])[2m: Service![0m
[95m57  : [0m[90;2m┆ ┆ [0mexec nginx -g daemon off;[32m DONE[0m[90m [1h54m14s][0m
[95m53  : [0m[90;2m┆ ┆ [0mContainer.[1masService[0m[32m DONE[0m[90m [1h54m14s][0m
[95m53  : [0m[90;2m┆ ┆ [0m[90m[3h10m2s] [0m[90m|[0m 2026/01/12 19:50:59 [notice] 18#18: signal 15 (SIGTERM) received from 1, exiting
[95m53  : [0m[90;2m┆ ┆ [0m[90m[3h10m2s] [0m[90m|[0m 2026/01/12 19:50:59 [notice] 18#18: exiting
[95m53  : [0m[90;2m┆ ┆ [0m[90m[3h10m2s] [0m[90m|[0m 2026/01/12 19:50:59 [notice] 18#18: exit
[95m53  : [0m[90;2m┆ ┆ [0m[90m[3h10m2s] [0m[90m|[0m 2026/01/12 19:50:59 [notice] 15#15: signal 15 (SIGTERM) received from 1, exiting
[95m53  : [0m[90;2m┆ ┆ [0m[90m[3h10m2s] [0m[90m|[0m 2026/01/12 19:50:59 [notice] 16#16: signal 15 (SIGTERM) received from 1, exiting
[95m53  : [0m[90;2m┆ ┆ [0m[90m[3h10m2s] [0m[90m|[0m 2026/01/12 19:50:59 [notice] 16#16: exiting
[95m53  : [0m[90;2m┆ ┆ [0m[90m[3h10m2s] [0m[90m|[0m 2026/01/12 19:50:59 [notice] 16#16: exit
[95m53  : [0m[90;2m┆ ┆ [0m[90m[3h10m2s] [0m[90m|[0m 2026/01/12 19:50:59 [notice] 19#19: signal 15 (SIGTERM) received from 1, exiting
[95m53  : [0m[90;2m┆ ┆ [0m[90m[3h10m2s] [0m[90m|[0m 2026/01/12 19:50:59 [notice] 19#19: exiting
[95m53  : [0m[90;2m┆ ┆ [0m[90m[3h10m2s] [0m[90m|[0m 2026/01/12 19:50:59 [notice] 19#19: exit
[95m53  : [0m[90;2m┆ ┆ [0m[90m[3h10m2s] [0m[90m|[0m 2026/01/12 19:50:59 [notice] 17#17: signal 15 (SIGTERM) received from 1, exiting
[95m53  : [0m[90;2m┆ ┆ [0m[90m[3h10m2s] [0m[90m|[0m 2026/01/12 19:50:59 [notice] 17#17: exiting
[95m53  : [0m[90;2m┆ ┆ [0m[90m[3h10m2s] [0m[90m|[0m 2026/01/12 19:50:59 [notice] 17#17: exit
[95m16  : [0m[90;2m[0m[35mToolboxKns[0m.[1mgateway[0m[32m DONE[0m[90m [1h54m20s][0m

[95m54  : [0m[90;2m[0mService.[1mup[0m[32m DONE[0m[90m [1h54m16s][0m


Setup tracing at https://dagger.cloud/traces/setup. To hide set DAGGER_NO_NAG=1


Canceled.

[33mA new release of dagger is available: [0m[36mv0.19.8[0m → [36mv0.19.9[0m
To upgrade, see https://docs.dagger.io/install
[33mhttps://github.com/dagger/dagger/releases/tag/v0.19.9[0m
